Pseudo-terminal will not be allocated because stdin is not a terminal.
** WARNING: connection is not using a post-quantum key exchange algorithm.
** This session may be vulnerable to "store now, decrypt later" attacks.
** The server may need to be upgraded. See https://openssh.com/pq.html

===============================================================================
Welcome to localhost.run!

Follow your favourite reverse tunnel at [https://twitter.com/localhost_run].

To set up and manage custom domains go to https://admin.localhost.run/

More details on custom domains (and how to enable subdomains of your custom
domain) at https://localhost.run/docs/custom-domains

If you get a permission denied error check the faq for how to connect with a key or
create a free tunnel without a key at [http://localhost:3000/docs/faq#generating-an-ssh-key].

To explore using localhost.run visit the documentation site:
https://localhost.run/docs/

===============================================================================

** your connection id is 590c5a81-7844-4d84-ae3c-2165745f5109, please mention it if you send me a message about an issue. **

authenticated as anonymous user
c7a0dbbb325c4c.lhr.life tunneled with tls termination, https://c7a0dbbb325c4c.lhr.life
create an account and add your key for a longer lasting domain name. see https://localhost.run/docs/forever-free/ for more information.
Open your tunnel address on your mobile with this QR:

[7m  [0m[7m  [0m[7m  [0m[7m  [0m[7m  [0m[7m  [0m[7m  [0m[7m  [0m[7m  [0m[7m  [0m[7m  [0m[7m  [0m[7m  [0m[7m  [0m[7m  [0m[7m  [0m[7m  [0m[7m  [0m[7m  [0m[7m  [0m[7m  [0m[7m  [0m[7m  [0m[7m  [0m[7m  [0m[7m  [0m[7m  [0m
[7m  [0m[49m  [0m[49m  [0m[49m  [0m[49m  [0m[49m  [0m[49m  [0m[49m  [0m[7m  [0m[49m  [0m[7m  [0m[7m  [0m[7m  [0m[7m  [0m[7m  [0m[7m  [0m[7m  [0m[7m  [0m[7m  [0m[49m  [0m[49m  [0m[49m  [0m[49m  [0m[49m  [0m[49m  [0m[49m  [0m[7m  [0m
[7m  [0m[49m  [0m[7m  [0m[7m  [0m[7m  [0m[7m  [0m[7m  [0m[49m  [0m[7m  [0m[49m  [0m[7m  [0m[7m  [0m[49m  [0m[49m  [0m[49m  [0m[49m  [0m[7m  [0m[49m  [0m[7m  [0m[49m  [0m[7m  [0m[7m  [0m[7m  [0m[7m  [0m[7m  [0m[49m  [0m[7m  [0m
[7m  [0m[49m  [0m[7m  [0m[49m  [0m[49m  [0m[49m  [0m[7m  [0m[49m  [0m[7m  [0m[49m  [0m[49m  [0m[7m  [0m[7m  [0m[49m  [0m[49m  [0m[7m  [0m[7m  [0m[49m  [0m[7m  [0m[49m  [0m[7m  [0m[49m  [0m[49m  [0m[49m  [0m[7m  [0m[49m  [0m[7m  [0m
[7m  [0m[49m  [0m[7m  [0m[49m  [0m[49m  [0m[49m  [0m[7m  [0m[49m  [0m[7m  [0m[49m  [0m[49m  [0m[49m  [0m[7m  [0m[49m  [0m[49m  [0m[49m  [0m[7m  [0m[7m  [0m[7m  [0m[49m  [0m[7m  [0m[49m  [0m[49m  [0m[49m  [0m[7m  [0m[49m  [0m[7m  [0m
[7m  [0m[49m  [0m[7m  [0m[49m  [0m[49m  [0m[49m  [0m[7m  [0m[49m  [0m[7m  [0m[7m  [0m[49m  [0m[49m  [0m[7m  [0m[49m  [0m[7m  [0m[49m  [0m[49m  [0m[7m  [0m[7m  [0m[49m  [0m[7m  [0m[49m  [0m[49m  [0m[49m  [0m[7m  [0m[49m  [0m[7m  [0m
[7m  [0m[49m  [0m[7m  [0m[7m  [0m[7m  [0m[7m  [0m[7m  [0m[49m  [0m[7m  [0m[49m  [0m[49m  [0m[49m  [0m[7m  [0m[7m  [0m[7m  [0m[7m  [0m[49m  [0m[49m  [0m[7m  [0m[49m  [0m[7m  [0m[7m  [0m[7m  [0m[7m  [0m[7m  [0m[49m  [0m[7m  [0m
[7m  [0m[49m  [0m[49m  [0m[49m  [0m[49m  [0m[49m  [0m[49m  [0m[49m  [0m[7m  [0m[49m  [0m[7m  [0m[49m  [0m[7m  [0m[49m  [0m[7m  [0m[49m  [0m[7m  [0m[49m  [0m[7m  [0m[49m  [0m[49m  [0m[49m  [0m[49m  [0m[49m  [0m[49m  [0m[49m  [0m[7m  [0m
[7m  [0m[7m  [0m[7m  [0m[7m  [0m[7m  [0m[7m  [0m[7m  [0m[7m  [0m[7m  [0m[7m  [0m[7m  [0m[49m  [0m[49m  [0m[7m  [0m[49m  [0m[7m  [0m[7m  [0m[49m  [0m[7m  [0m[7m  [0m[7m  [0m[7m  [0m[7m  [0m[7m  [0m[7m  [0m[7m  [0m[7m  [0m
[7m  [0m[49m  [0m[49m  [0m[7m  [0m[7m  [0m[49m  [0m[49m  [0m[49m  [0m[7m  [0m[7m  [0m[7m  [0m[49m  [0m[7m  [0m[49m  [0m[7m  [0m[7m  [0m[49m  [0m[49m  [0m[7m  [0m[7m  [0m[49m  [0m[7m  [0m[49m  [0m[49m  [0m[49m  [0m[49m  [0m[7m  [0m
[7m  [0m[49m  [0m[7m  [0m[7m  [0m[7m  [0m[7m  [0m[49m  [0m[7m  [0m[7m  [0m[49m  [0m[7m  [0m[7m  [0m[7m  [0m[7m  [0m[7m  [0m[49m  [0m[49m  [0m[7m  [0m[49m  [0m[49m  [0m[7m  [0m[49m  [0m[49m  [0m[7m  [0m[7m  [0m[7m  [0m[7m  [0m
[7m  [0m[49m  [0m[7m  [0m[49m  [0m[49m  [0m[7m  [0m[7m  [0m[49m  [0m[7m  [0m[7m  [0m[49m  [0m[49m  [0m[7m  [0m[7m  [0m[7m  [0m[49m  [0m[49m  [0m[49m  [0m[49m  [0m[7m  [0m[49m  [0m[7m  [0m[7m  [0m[49m  [0m[7m  [0m[7m  [0m[7m  [0m
[7m  [0m[49m  [0m[49m  [0m[49m  [0m[7m  [0m[49m  [0m[49m  [0m[7m  [0m[49m  [0m[7m  [0m[49m  [0m[7m  [0m[7m  [0m[49m  [0m[49m  [0m[7m  [0m[49m  [0m[49m  [0m[49m  [0m[7m  [0m[7m  [0m[49m  [0m[7m  [0m[49m  [0m[49m  [0m[49m  [0m[7m  [0m
[7m  [0m[7m  [0m[7m  [0m[49m  [0m[49m  [0m[7m  [0m[49m  [0m[49m  [0m[7m  [0m[49m  [0m[7m  [0m[7m  [0m[49m  [0m[7m  [0m[7m  [0m[7m  [0m[7m  [0m[49m  [0m[49m  [0m[7m  [0m[49m  [0m[49m  [0m[7m  [0m[7m  [0m[7m  [0m[7m  [0m[7m  [0m
[7m  [0m[49m  [0m[7m  [0m[7m  [0m[7m  [0m[49m  [0m[7m  [0m[7m  [0m[49m  [0m[49m  [0m[7m  [0m[49m  [0m[7m  [0m[49m  [0m[49m  [0m[49m  [0m[49m  [0m[7m  [0m[49m  [0m[7m  [0m[7m  [0m[49m  [0m[49m  [0m[7m  [0m[7m  [0m[7m  [0m[7m  [0m
[7m  [0m[7m  [0m[7m  [0m[49m  [0m[7m  [0m[7m  [0m[7m  [0m[49m  [0m[7m  [0m[7m  [0m[7m  [0m[49m  [0m[49m  [0m[49m  [0m[7m  [0m[49m  [0m[49m  [0m[49m  [0m[7m  [0m[49m  [0m[7m  [0m[7m  [0m[49m  [0m[7m  [0m[49m  [0m[49m  [0m[7m  [0m
[7m  [0m[7m  [0m[7m  [0m[7m  [0m[49m  [0m[7m  [0m[7m  [0m[7m  [0m[7m  [0m[7m  [0m[49m  [0m[7m  [0m[49m  [0m[7m  [0m[49m  [0m[7m  [0m[7m  [0m[49m  [0m[7m  [0m[7m  [0m[7m  [0m[49m  [0m[49m  [0m[49m  [0m[7m  [0m[7m  [0m[7m  [0m
[7m  [0m[49m  [0m[49m  [0m[7m  [0m[49m  [0m[49m  [0m[7m  [0m[49m  [0m[49m  [0m[7m  [0m[7m  [0m[49m  [0m[7m  [0m[49m  [0m[7m  [0m[7m  [0m[49m  [0m[49m  [0m[49m  [0m[49m  [0m[49m  [0m[49m  [0m[49m  [0m[49m  [0m[7m  [0m[49m  [0m[7m  [0m
[7m  [0m[7m  [0m[7m  [0m[7m  [0m[7m  [0m[7m  [0m[7m  [0m[7m  [0m[7m  [0m[49m  [0m[7m  [0m[49m  [0m[7m  [0m[7m  [0m[49m  [0m[49m  [0m[49m  [0m[49m  [0m[7m  [0m[7m  [0m[7m  [0m[49m  [0m[49m  [0m[49m  [0m[49m  [0m[7m  [0m[7m  [0m
[7m  [0m[49m  [0m[49m  [0m[49m  [0m[49m  [0m[49m  [0m[49m  [0m[49m  [0m[7m  [0m[7m  [0m[49m  [0m[49m  [0m[7m  [0m[7m  [0m[7m  [0m[7m  [0m[49m  [0m[49m  [0m[7m  [0m[49m  [0m[7m  [0m[49m  [0m[7m  [0m[49m  [0m[49m  [0m[49m  [0m[7m  [0m
[7m  [0m[49m  [0m[7m  [0m[7m  [0m[7m  [0m[7m  [0m[7m  [0m[49m  [0m[7m  [0m[49m  [0m[7m  [0m[49m  [0m[7m  [0m[49m  [0m[7m  [0m[7m  [0m[7m  [0m[49m  [0m[7m  [0m[7m  [0m[7m  [0m[49m  [0m[7m  [0m[7m  [0m[7m  [0m[49m  [0m[7m  [0m
[7m  [0m[49m  [0m[7m  [0m[49m  [0m[49m  [0m[49m  [0m[7m  [0m[49m  [0m[7m  [0m[49m  [0m[49m  [0m[7m  [0m[49m  [0m[7m  [0m[49m  [0m[49m  [0m[49m  [0m[49m  [0m[49m  [0m[49m  [0m[49m  [0m[49m  [0m[49m  [0m[7m  [0m[49m  [0m[7m  [0m[7m  [0m
[7m  [0m[49m  [0m[7m  [0m[49m  [0m[49m  [0m[49m  [0m[7m  [0m[49m  [0m[7m  [0m[7m  [0m[49m  [0m[7m  [0m[7m  [0m[49m  [0m[7m  [0m[49m  [0m[49m  [0m[7m  [0m[7m  [0m[49m  [0m[7m  [0m[7m  [0m[7m  [0m[7m  [0m[7m  [0m[49m  [0m[7m  [0m
[7m  [0m[49m  [0m[7m  [0m[49m  [0m[49m  [0m[49m  [0m[7m  [0m[49m  [0m[7m  [0m[7m  [0m[7m  [0m[49m  [0m[49m  [0m[49m  [0m[49m  [0m[49m  [0m[49m  [0m[49m  [0m[49m  [0m[7m  [0m[7m  [0m[7m  [0m[49m  [0m[7m  [0m[49m  [0m[7m  [0m[7m  [0m
[7m  [0m[49m  [0m[7m  [0m[7m  [0m[7m  [0m[7m  [0m[7m  [0m[49m  [0m[7m  [0m[49m  [0m[7m  [0m[7m  [0m[49m  [0m[7m  [0m[49m  [0m[7m  [0m[7m  [0m[49m  [0m[49m  [0m[49m  [0m[49m  [0m[49m  [0m[49m  [0m[49m  [0m[49m  [0m[49m  [0m[7m  [0m
[7m  [0m[49m  [0m[49m  [0m[49m  [0m[49m  [0m[49m  [0m[49m  [0m[49m  [0m[7m  [0m[49m  [0m[7m  [0m[49m  [0m[7m  [0m[49m  [0m[49m  [0m[7m  [0m[7m  [0m[49m  [0m[7m  [0m[49m  [0m[49m  [0m[49m  [0m[7m  [0m[49m  [0m[7m  [0m[49m  [0m[7m  [0m
[7m  [0m[7m  [0m[7m  [0m[7m  [0m[7m  [0m[7m  [0m[7m  [0m[7m  [0m[7m  [0m[7m  [0m[7m  [0m[7m  [0m[7m  [0m[7m  [0m[7m  [0m[7m  [0m[7m  [0m[7m  [0m[7m  [0m[7m  [0m[7m  [0m[7m  [0m[7m  [0m[7m  [0m[7m  [0m[7m  [0m[7m  [0m

e3c0236173cf10.lhr.life tunneled with tls termination, https://e3c0236173cf10.lhr.life
create an account and add your key for a longer lasting domain name. see https://localhost.run/docs/forever-free/ for more information.
Open your tunnel address on your mobile with this QR:

[7m  [0m[7m  [0m[7m  [0m[7m  [0m[7m  [0m[7m  [0m[7m  [0m[7m  [0m[7m  [0m[7m  [0m[7m  [0m[7m  [0m[7m  [0m[7m  [0m[7m  [0m[7m  [0m[7m  [0m[7m  [0m[7m  [0m[7m  [0m[7m  [0m[7m  [0m[7m  [0m[7m  [0m[7m  [0m[7m  [0m[7m  [0m
[7m  [0m[49m  [0m[49m  [0m[49m  [0m[49m  [0m[49m  [0m[49m  [0m[49m  [0m[7m  [0m[49m  [0m[7m  [0m[7m  [0m[7m  [0m[7m  [0m[7m  [0m[7m  [0m[7m  [0m[7m  [0m[7m  [0m[49m  [0m[49m  [0m[49m  [0m[49m  [0m[49m  [0m[49m  [0m[49m  [0m[7m  [0m
[7m  [0m[49m  [0m[7m  [0m[7m  [0m[7m  [0m[7m  [0m[7m  [0m[49m  [0m[7m  [0m[49m  [0m[7m  [0m[7m  [0m[49m  [0m[49m  [0m[49m  [0m[49m  [0m[7m  [0m[49m  [0m[7m  [0m[49m  [0m[7m  [0m[7m  [0m[7m  [0m[7m  [0m[7m  [0m[49m  [0m[7m  [0m
[7m  [0m[49m  [0m[7m  [0m[49m  [0m[49m  [0m[49m  [0m[7m  [0m[49m  [0m[7m  [0m[49m  [0m[49m  [0m[7m  [0m[7m  [0m[49m  [0m[49m  [0m[7m  [0m[7m  [0m[49m  [0m[7m  [0m[49m  [0m[7m  [0m[49m  [0m[49m  [0m[49m  [0m[7m  [0m[49m  [0m[7m  [0m
[7m  [0m[49m  [0m[7m  [0m[49m  [0m[49m  [0m[49m  [0m[7m  [0m[49m  [0m[7m  [0m[49m  [0m[49m  [0m[49m  [0m[7m  [0m[49m  [0m[49m  [0m[49m  [0m[7m  [0m[7m  [0m[7m  [0m[49m  [0m[7m  [0m[49m  [0m[49m  [0m[49m  [0m[7m  [0m[49m  [0m[7m  [0m
[7m  [0m[49m  [0m[7m  [0m[49m  [0m[49m  [0m[49m  [0m[7m  [0m[49m  [0m[7m  [0m[7m  [0m[49m  [0m[49m  [0m[7m  [0m[49m  [0m[7m  [0m[49m  [0m[49m  [0m[7m  [0m[7m  [0m[49m  [0m[7m  [0m[49m  [0m[49m  [0m[49m  [0m[7m  [0m[49m  [0m[7m  [0m
[7m  [0m[49m  [0m[7m  [0m[7m  [0m[7m  [0m[7m  [0m[7m  [0m[49m  [0m[7m  [0m[49m  [0m[49m  [0m[49m  [0m[7m  [0m[7m  [0m[7m  [0m[7m  [0m[49m  [0m[49m  [0m[7m  [0m[49m  [0m[7m  [0m[7m  [0m[7m  [0m[7m  [0m[7m  [0m[49m  [0m[7m  [0m
[7m  [0m[49m  [0m[49m  [0m[49m  [0m[49m  [0m[49m  [0m[49m  [0m[49m  [0m[7m  [0m[49m  [0m[7m  [0m[49m  [0m[7m  [0m[49m  [0m[7m  [0m[49m  [0m[7m  [0m[49m  [0m[7m  [0m[49m  [0m[49m  [0m[49m  [0m[49m  [0m[49m  [0m[49m  [0m[49m  [0m[7m  [0m
[7m  [0m[7m  [0m[7m  [0m[7m  [0m[7m  [0m[7m  [0m[7m  [0m[7m  [0m[7m  [0m[7m  [0m[7m  [0m[49m  [0m[49m  [0m[7m  [0m[49m  [0m[7m  [0m[7m  [0m[49m  [0m[7m  [0m[7m  [0m[7m  [0m[7m  [0m[7m  [0m[7m  [0m[7m  [0m[7m  [0m[7m  [0m
[7m  [0m[49m  [0m[49m  [0m[7m  [0m[7m  [0m[49m  [0m[49m  [0m[49m  [0m[7m  [0m[7m  [0m[7m  [0m[49m  [0m[7m  [0m[49m  [0m[7m  [0m[7m  [0m[49m  [0m[49m  [0m[7m  [0m[7m  [0m[49m  [0m[7m  [0m[49m  [0m[49m  [0m[49m  [0m[49m  [0m[7m  [0m
[7m  [0m[49m  [0m[7m  [0m[49m  [0m[49m  [0m[49m  [0m[49m  [0m[7m  [0m[49m  [0m[7m  [0m[7m  [0m[7m  [0m[7m  [0m[7m  [0m[7m  [0m[49m  [0m[49m  [0m[49m  [0m[49m  [0m[7m  [0m[7m  [0m[49m  [0m[49m  [0m[7m  [0m[7m  [0m[7m  [0m[7m  [0m
[7m  [0m[7m  [0m[49m  [0m[49m  [0m[7m  [0m[7m  [0m[49m  [0m[49m  [0m[7m  [0m[49m  [0m[49m  [0m[49m  [0m[7m  [0m[7m  [0m[7m  [0m[49m  [0m[49m  [0m[7m  [0m[7m  [0m[7m  [0m[49m  [0m[7m  [0m[7m  [0m[49m  [0m[7m  [0m[7m  [0m[7m  [0m
[7m  [0m[49m  [0m[7m  [0m[49m  [0m[49m  [0m[7m  [0m[7m  [0m[7m  [0m[7m  [0m[7m  [0m[49m  [0m[7m  [0m[7m  [0m[49m  [0m[49m  [0m[7m  [0m[7m  [0m[49m  [0m[49m  [0m[7m  [0m[7m  [0m[7m  [0m[7m  [0m[49m  [0m[49m  [0m[49m  [0m[7m  [0m
[7m  [0m[7m  [0m[7m  [0m[7m  [0m[49m  [0m[7m  [0m[49m  [0m[49m  [0m[49m  [0m[7m  [0m[7m  [0m[7m  [0m[49m  [0m[7m  [0m[7m  [0m[7m  [0m[49m  [0m[7m  [0m[7m  [0m[7m  [0m[49m  [0m[49m  [0m[7m  [0m[7m  [0m[7m  [0m[7m  [0m[7m  [0m
[7m  [0m[49m  [0m[7m  [0m[7m  [0m[49m  [0m[49m  [0m[49m  [0m[7m  [0m[49m  [0m[7m  [0m[7m  [0m[49m  [0m[7m  [0m[49m  [0m[49m  [0m[49m  [0m[7m  [0m[7m  [0m[7m  [0m[49m  [0m[49m  [0m[7m  [0m[49m  [0m[7m  [0m[7m  [0m[7m  [0m[7m  [0m
[7m  [0m[7m  [0m[7m  [0m[7m  [0m[7m  [0m[7m  [0m[49m  [0m[49m  [0m[49m  [0m[49m  [0m[7m  [0m[49m  [0m[49m  [0m[49m  [0m[7m  [0m[49m  [0m[49m  [0m[49m  [0m[7m  [0m[7m  [0m[49m  [0m[49m  [0m[49m  [0m[7m  [0m[49m  [0m[49m  [0m[7m  [0m
[7m  [0m[7m  [0m[7m  [0m[7m  [0m[7m  [0m[49m  [0m[7m  [0m[7m  [0m[49m  [0m[7m  [0m[49m  [0m[7m  [0m[49m  [0m[7m  [0m[49m  [0m[7m  [0m[7m  [0m[7m  [0m[7m  [0m[49m  [0m[7m  [0m[7m  [0m[49m  [0m[49m  [0m[7m  [0m[7m  [0m[7m  [0m
[7m  [0m[49m  [0m[49m  [0m[7m  [0m[49m  [0m[7m  [0m[49m  [0m[49m  [0m[49m  [0m[49m  [0m[49m  [0m[49m  [0m[7m  [0m[49m  [0m[7m  [0m[7m  [0m[7m  [0m[49m  [0m[49m  [0m[49m  [0m[49m  [0m[49m  [0m[49m  [0m[49m  [0m[7m  [0m[49m  [0m[7m  [0m
[7m  [0m[7m  [0m[7m  [0m[7m  [0m[7m  [0m[7m  [0m[7m  [0m[7m  [0m[7m  [0m[49m  [0m[7m  [0m[7m  [0m[7m  [0m[7m  [0m[49m  [0m[49m  [0m[49m  [0m[49m  [0m[7m  [0m[7m  [0m[7m  [0m[49m  [0m[49m  [0m[49m  [0m[49m  [0m[7m  [0m[7m  [0m
[7m  [0m[49m  [0m[49m  [0m[49m  [0m[49m  [0m[49m  [0m[49m  [0m[49m  [0m[7m  [0m[7m  [0m[7m  [0m[7m  [0m[7m  [0m[7m  [0m[7m  [0m[7m  [0m[49m  [0m[49m  [0m[7m  [0m[49m  [0m[7m  [0m[49m  [0m[7m  [0m[49m  [0m[49m  [0m[49m  [0m[7m  [0m
[7m  [0m[49m  [0m[7m  [0m[7m  [0m[7m  [0m[7m  [0m[7m  [0m[49m  [0m[7m  [0m[49m  [0m[7m  [0m[7m  [0m[7m  [0m[49m  [0m[7m  [0m[7m  [0m[7m  [0m[49m  [0m[7m  [0m[7m  [0m[7m  [0m[49m  [0m[7m  [0m[7m  [0m[7m  [0m[49m  [0m[7m  [0m
[7m  [0m[49m  [0m[7m  [0m[49m  [0m[49m  [0m[49m  [0m[7m  [0m[49m  [0m[7m  [0m[49m  [0m[7m  [0m[7m  [0m[49m  [0m[7m  [0m[49m  [0m[49m  [0m[7m  [0m[49m  [0m[49m  [0m[49m  [0m[49m  [0m[49m  [0m[49m  [0m[7m  [0m[49m  [0m[7m  [0m[7m  [0m
[7m  [0m[49m  [0m[7m  [0m[49m  [0m[49m  [0m[49m  [0m[7m  [0m[49m  [0m[7m  [0m[7m  [0m[49m  [0m[7m  [0m[7m  [0m[49m  [0m[7m  [0m[49m  [0m[7m  [0m[7m  [0m[7m  [0m[7m  [0m[49m  [0m[49m  [0m[7m  [0m[7m  [0m[7m  [0m[49m  [0m[7m  [0m
[7m  [0m[49m  [0m[7m  [0m[49m  [0m[49m  [0m[49m  [0m[7m  [0m[49m  [0m[7m  [0m[7m  [0m[49m  [0m[7m  [0m[49m  [0m[49m  [0m[49m  [0m[49m  [0m[7m  [0m[49m  [0m[7m  [0m[7m  [0m[49m  [0m[7m  [0m[49m  [0m[7m  [0m[49m  [0m[7m  [0m[7m  [0m
[7m  [0m[49m  [0m[7m  [0m[7m  [0m[7m  [0m[7m  [0m[7m  [0m[49m  [0m[7m  [0m[49m  [0m[49m  [0m[7m  [0m[49m  [0m[7m  [0m[49m  [0m[7m  [0m[49m  [0m[7m  [0m[49m  [0m[7m  [0m[49m  [0m[7m  [0m[7m  [0m[49m  [0m[49m  [0m[49m  [0m[7m  [0m
[7m  [0m[49m  [0m[49m  [0m[49m  [0m[49m  [0m[49m  [0m[49m  [0m[49m  [0m[7m  [0m[49m  [0m[7m  [0m[7m  [0m[7m  [0m[49m  [0m[49m  [0m[7m  [0m[49m  [0m[49m  [0m[49m  [0m[7m  [0m[49m  [0m[7m  [0m[49m  [0m[49m  [0m[7m  [0m[49m  [0m[7m  [0m
[7m  [0m[7m  [0m[7m  [0m[7m  [0m[7m  [0m[7m  [0m[7m  [0m[7m  [0m[7m  [0m[7m  [0m[7m  [0m[7m  [0m[7m  [0m[7m  [0m[7m  [0m[7m  [0m[7m  [0m[7m  [0m[7m  [0m[7m  [0m[7m  [0m[7m  [0m[7m  [0m[7m  [0m[7m  [0m[7m  [0m[7m  [0m

044d3a178f404a.lhr.life tunneled with tls termination, https://044d3a178f404a.lhr.life
create an account and add your key for a longer lasting domain name. see https://localhost.run/docs/forever-free/ for more information.
Open your tunnel address on your mobile with this QR:

[7m  [0m[7m  [0m[7m  [0m[7m  [0m[7m  [0m[7m  [0m[7m  [0m[7m  [0m[7m  [0m[7m  [0m[7m  [0m[7m  [0m[7m  [0m[7m  [0m[7m  [0m[7m  [0m[7m  [0m[7m  [0m[7m  [0m[7m  [0m[7m  [0m[7m  [0m[7m  [0m[7m  [0m[7m  [0m[7m  [0m[7m  [0m
[7m  [0m[49m  [0m[49m  [0m[49m  [0m[49m  [0m[49m  [0m[49m  [0m[49m  [0m[7m  [0m[49m  [0m[49m  [0m[7m  [0m[7m  [0m[7m  [0m[49m  [0m[49m  [0m[49m  [0m[7m  [0m[7m  [0m[49m  [0m[49m  [0m[49m  [0m[49m  [0m[49m  [0m[49m  [0m[49m  [0m[7m  [0m
[7m  [0m[49m  [0m[7m  [0m[7m  [0m[7m  [0m[7m  [0m[7m  [0m[49m  [0m[7m  [0m[7m  [0m[7m  [0m[7m  [0m[7m  [0m[7m  [0m[7m  [0m[49m  [0m[7m  [0m[49m  [0m[7m  [0m[49m  [0m[7m  [0m[7m  [0m[7m  [0m[7m  [0m[7m  [0m[49m  [0m[7m  [0m
[7m  [0m[49m  [0m[7m  [0m[49m  [0m[49m  [0m[49m  [0m[7m  [0m[49m  [0m[7m  [0m[49m  [0m[7m  [0m[7m  [0m[49m  [0m[49m  [0m[7m  [0m[7m  [0m[49m  [0m[49m  [0m[7m  [0m[49m  [0m[7m  [0m[49m  [0m[49m  [0m[49m  [0m[7m  [0m[49m  [0m[7m  [0m
[7m  [0m[49m  [0m[7m  [0m[49m  [0m[49m  [0m[49m  [0m[7m  [0m[49m  [0m[7m  [0m[49m  [0m[49m  [0m[7m  [0m[49m  [0m[7m  [0m[49m  [0m[49m  [0m[7m  [0m[49m  [0m[7m  [0m[49m  [0m[7m  [0m[49m  [0m[49m  [0m[49m  [0m[7m  [0m[49m  [0m[7m  [0m
[7m  [0m[49m  [0m[7m  [0m[49m  [0m[49m  [0m[49m  [0m[7m  [0m[49m  [0m[7m  [0m[49m  [0m[49m  [0m[49m  [0m[49m  [0m[7m  [0m[49m  [0m[49m  [0m[49m  [0m[7m  [0m[7m  [0m[49m  [0m[7m  [0m[49m  [0m[49m  [0m[49m  [0m[7m  [0m[49m  [0m[7m  [0m
[7m  [0m[49m  [0m[7m  [0m[7m  [0m[7m  [0m[7m  [0m[7m  [0m[49m  [0m[7m  [0m[7m  [0m[49m  [0m[7m  [0m[7m  [0m[49m  [0m[7m  [0m[49m  [0m[49m  [0m[7m  [0m[7m  [0m[49m  [0m[7m  [0m[7m  [0m[7m  [0m[7m  [0m[7m  [0m[49m  [0m[7m  [0m
[7m  [0m[49m  [0m[49m  [0m[49m  [0m[49m  [0m[49m  [0m[49m  [0m[49m  [0m[7m  [0m[49m  [0m[7m  [0m[49m  [0m[7m  [0m[49m  [0m[7m  [0m[49m  [0m[7m  [0m[49m  [0m[7m  [0m[49m  [0m[49m  [0m[49m  [0m[49m  [0m[49m  [0m[49m  [0m[49m  [0m[7m  [0m
[7m  [0m[7m  [0m[7m  [0m[7m  [0m[7m  [0m[7m  [0m[7m  [0m[7m  [0m[7m  [0m[7m  [0m[49m  [0m[7m  [0m[49m  [0m[7m  [0m[49m  [0m[49m  [0m[49m  [0m[7m  [0m[7m  [0m[7m  [0m[7m  [0m[7m  [0m[7m  [0m[7m  [0m[7m  [0m[7m  [0m[7m  [0m
[7m  [0m[49m  [0m[49m  [0m[49m  [0m[49m  [0m[7m  [0m[7m  [0m[49m  [0m[7m  [0m[49m  [0m[7m  [0m[7m  [0m[7m  [0m[7m  [0m[7m  [0m[49m  [0m[49m  [0m[7m  [0m[49m  [0m[7m  [0m[7m  [0m[49m  [0m[49m  [0m[49m  [0m[7m  [0m[49m  [0m[7m  [0m
[7m  [0m[49m  [0m[49m  [0m[49m  [0m[7m  [0m[7m  [0m[49m  [0m[7m  [0m[49m  [0m[7m  [0m[49m  [0m[7m  [0m[7m  [0m[7m  [0m[49m  [0m[7m  [0m[7m  [0m[7m  [0m[7m  [0m[49m  [0m[49m  [0m[7m  [0m[7m  [0m[7m  [0m[7m  [0m[7m  [0m[7m  [0m
[7m  [0m[7m  [0m[7m  [0m[7m  [0m[7m  [0m[49m  [0m[7m  [0m[49m  [0m[49m  [0m[49m  [0m[7m  [0m[7m  [0m[7m  [0m[7m  [0m[7m  [0m[7m  [0m[49m  [0m[49m  [0m[7m  [0m[7m  [0m[7m  [0m[7m  [0m[49m  [0m[7m  [0m[7m  [0m[7m  [0m[7m  [0m
[7m  [0m[49m  [0m[49m  [0m[7m  [0m[7m  [0m[7m  [0m[49m  [0m[7m  [0m[7m  [0m[7m  [0m[7m  [0m[7m  [0m[49m  [0m[49m  [0m[7m  [0m[7m  [0m[49m  [0m[7m  [0m[7m  [0m[7m  [0m[49m  [0m[7m  [0m[49m  [0m[49m  [0m[7m  [0m[49m  [0m[7m  [0m
[7m  [0m[49m  [0m[49m  [0m[7m  [0m[7m  [0m[49m  [0m[7m  [0m[49m  [0m[7m  [0m[49m  [0m[49m  [0m[7m  [0m[49m  [0m[7m  [0m[49m  [0m[49m  [0m[7m  [0m[7m  [0m[7m  [0m[49m  [0m[7m  [0m[49m  [0m[49m  [0m[7m  [0m[7m  [0m[7m  [0m[7m  [0m
[7m  [0m[7m  [0m[7m  [0m[49m  [0m[7m  [0m[49m  [0m[7m  [0m[7m  [0m[7m  [0m[49m  [0m[7m  [0m[49m  [0m[49m  [0m[7m  [0m[7m  [0m[49m  [0m[49m  [0m[7m  [0m[7m  [0m[7m  [0m[7m  [0m[49m  [0m[49m  [0m[7m  [0m[49m  [0m[49m  [0m[7m  [0m
[7m  [0m[7m  [0m[49m  [0m[7m  [0m[49m  [0m[7m  [0m[7m  [0m[49m  [0m[49m  [0m[49m  [0m[49m  [0m[7m  [0m[7m  [0m[49m  [0m[49m  [0m[49m  [0m[7m  [0m[49m  [0m[7m  [0m[49m  [0m[49m  [0m[7m  [0m[7m  [0m[7m  [0m[7m  [0m[49m  [0m[7m  [0m
[7m  [0m[49m  [0m[7m  [0m[49m  [0m[49m  [0m[7m  [0m[49m  [0m[7m  [0m[49m  [0m[7m  [0m[7m  [0m[49m  [0m[7m  [0m[49m  [0m[49m  [0m[7m  [0m[49m  [0m[7m  [0m[7m  [0m[7m  [0m[7m  [0m[49m  [0m[49m  [0m[7m  [0m[49m  [0m[49m  [0m[7m  [0m
[7m  [0m[7m  [0m[7m  [0m[49m  [0m[49m  [0m[49m  [0m[49m  [0m[49m  [0m[49m  [0m[49m  [0m[7m  [0m[49m  [0m[49m  [0m[7m  [0m[49m  [0m[7m  [0m[49m  [0m[49m  [0m[49m  [0m[49m  [0m[49m  [0m[49m  [0m[49m  [0m[49m  [0m[49m  [0m[7m  [0m[7m  [0m
[7m  [0m[7m  [0m[7m  [0m[7m  [0m[7m  [0m[7m  [0m[7m  [0m[7m  [0m[7m  [0m[49m  [0m[49m  [0m[7m  [0m[7m  [0m[49m  [0m[49m  [0m[7m  [0m[7m  [0m[49m  [0m[7m  [0m[7m  [0m[7m  [0m[49m  [0m[49m  [0m[7m  [0m[49m  [0m[49m  [0m[7m  [0m
[7m  [0m[49m  [0m[49m  [0m[49m  [0m[49m  [0m[49m  [0m[49m  [0m[49m  [0m[7m  [0m[7m  [0m[49m  [0m[7m  [0m[49m  [0m[49m  [0m[7m  [0m[7m  [0m[7m  [0m[49m  [0m[7m  [0m[49m  [0m[7m  [0m[49m  [0m[7m  [0m[7m  [0m[7m  [0m[7m  [0m[7m  [0m
[7m  [0m[49m  [0m[7m  [0m[7m  [0m[7m  [0m[7m  [0m[7m  [0m[49m  [0m[7m  [0m[7m  [0m[7m  [0m[7m  [0m[7m  [0m[49m  [0m[7m  [0m[49m  [0m[49m  [0m[49m  [0m[7m  [0m[7m  [0m[7m  [0m[49m  [0m[49m  [0m[49m  [0m[7m  [0m[49m  [0m[7m  [0m
[7m  [0m[49m  [0m[7m  [0m[49m  [0m[49m  [0m[49m  [0m[7m  [0m[49m  [0m[7m  [0m[7m  [0m[49m  [0m[49m  [0m[49m  [0m[49m  [0m[49m  [0m[7m  [0m[7m  [0m[49m  [0m[49m  [0m[49m  [0m[49m  [0m[49m  [0m[49m  [0m[49m  [0m[49m  [0m[49m  [0m[7m  [0m
[7m  [0m[49m  [0m[7m  [0m[49m  [0m[49m  [0m[49m  [0m[7m  [0m[49m  [0m[7m  [0m[49m  [0m[49m  [0m[7m  [0m[7m  [0m[49m  [0m[49m  [0m[7m  [0m[7m  [0m[7m  [0m[7m  [0m[49m  [0m[49m  [0m[7m  [0m[49m  [0m[7m  [0m[7m  [0m[49m  [0m[7m  [0m
[7m  [0m[49m  [0m[7m  [0m[49m  [0m[49m  [0m[49m  [0m[7m  [0m[49m  [0m[7m  [0m[49m  [0m[7m  [0m[7m  [0m[49m  [0m[49m  [0m[49m  [0m[7m  [0m[7m  [0m[7m  [0m[7m  [0m[7m  [0m[7m  [0m[49m  [0m[7m  [0m[7m  [0m[49m  [0m[7m  [0m[7m  [0m
[7m  [0m[49m  [0m[7m  [0m[7m  [0m[7m  [0m[7m  [0m[7m  [0m[49m  [0m[7m  [0m[49m  [0m[49m  [0m[7m  [0m[7m  [0m[7m  [0m[7m  [0m[7m  [0m[49m  [0m[7m  [0m[49m  [0m[7m  [0m[49m  [0m[7m  [0m[7m  [0m[49m  [0m[7m  [0m[49m  [0m[7m  [0m
[7m  [0m[49m  [0m[49m  [0m[49m  [0m[49m  [0m[49m  [0m[49m  [0m[49m  [0m[7m  [0m[49m  [0m[7m  [0m[7m  [0m[7m  [0m[49m  [0m[7m  [0m[49m  [0m[7m  [0m[7m  [0m[49m  [0m[7m  [0m[49m  [0m[7m  [0m[49m  [0m[7m  [0m[7m  [0m[49m  [0m[7m  [0m
[7m  [0m[7m  [0m[7m  [0m[7m  [0m[7m  [0m[7m  [0m[7m  [0m[7m  [0m[7m  [0m[7m  [0m[7m  [0m[7m  [0m[7m  [0m[7m  [0m[7m  [0m[7m  [0m[7m  [0m[7m  [0m[7m  [0m[7m  [0m[7m  [0m[7m  [0m[7m  [0m[7m  [0m[7m  [0m[7m  [0m[7m  [0m

015eab639f55e6.lhr.life tunneled with tls termination, https://015eab639f55e6.lhr.life
create an account and add your key for a longer lasting domain name. see https://localhost.run/docs/forever-free/ for more information.
Open your tunnel address on your mobile with this QR:

[7m  [0m[7m  [0m[7m  [0m[7m  [0m[7m  [0m[7m  [0m[7m  [0m[7m  [0m[7m  [0m[7m  [0m[7m  [0m[7m  [0m[7m  [0m[7m  [0m[7m  [0m[7m  [0m[7m  [0m[7m  [0m[7m  [0m[7m  [0m[7m  [0m[7m  [0m[7m  [0m[7m  [0m[7m  [0m[7m  [0m[7m  [0m
[7m  [0m[49m  [0m[49m  [0m[49m  [0m[49m  [0m[49m  [0m[49m  [0m[49m  [0m[7m  [0m[49m  [0m[49m  [0m[49m  [0m[49m  [0m[7m  [0m[7m  [0m[7m  [0m[49m  [0m[49m  [0m[7m  [0m[49m  [0m[49m  [0m[49m  [0m[49m  [0m[49m  [0m[49m  [0m[49m  [0m[7m  [0m
[7m  [0m[49m  [0m[7m  [0m[7m  [0m[7m  [0m[7m  [0m[7m  [0m[49m  [0m[7m  [0m[7m  [0m[7m  [0m[7m  [0m[49m  [0m[49m  [0m[49m  [0m[49m  [0m[7m  [0m[49m  [0m[7m  [0m[49m  [0m[7m  [0m[7m  [0m[7m  [0m[7m  [0m[7m  [0m[49m  [0m[7m  [0m
[7m  [0m[49m  [0m[7m  [0m[49m  [0m[49m  [0m[49m  [0m[7m  [0m[49m  [0m[7m  [0m[7m  [0m[49m  [0m[7m  [0m[49m  [0m[7m  [0m[7m  [0m[7m  [0m[7m  [0m[49m  [0m[7m  [0m[49m  [0m[7m  [0m[49m  [0m[49m  [0m[49m  [0m[7m  [0m[49m  [0m[7m  [0m
[7m  [0m[49m  [0m[7m  [0m[49m  [0m[49m  [0m[49m  [0m[7m  [0m[49m  [0m[7m  [0m[7m  [0m[7m  [0m[49m  [0m[49m  [0m[7m  [0m[49m  [0m[7m  [0m[49m  [0m[7m  [0m[7m  [0m[49m  [0m[7m  [0m[49m  [0m[49m  [0m[49m  [0m[7m  [0m[49m  [0m[7m  [0m
[7m  [0m[49m  [0m[7m  [0m[49m  [0m[49m  [0m[49m  [0m[7m  [0m[49m  [0m[7m  [0m[7m  [0m[7m  [0m[49m  [0m[49m  [0m[49m  [0m[49m  [0m[49m  [0m[7m  [0m[7m  [0m[7m  [0m[49m  [0m[7m  [0m[49m  [0m[49m  [0m[49m  [0m[7m  [0m[49m  [0m[7m  [0m
[7m  [0m[49m  [0m[7m  [0m[7m  [0m[7m  [0m[7m  [0m[7m  [0m[49m  [0m[7m  [0m[7m  [0m[49m  [0m[7m  [0m[49m  [0m[7m  [0m[49m  [0m[49m  [0m[49m  [0m[7m  [0m[7m  [0m[49m  [0m[7m  [0m[7m  [0m[7m  [0m[7m  [0m[7m  [0m[49m  [0m[7m  [0m
[7m  [0m[49m  [0m[49m  [0m[49m  [0m[49m  [0m[49m  [0m[49m  [0m[49m  [0m[7m  [0m[49m  [0m[7m  [0m[49m  [0m[7m  [0m[49m  [0m[7m  [0m[49m  [0m[7m  [0m[49m  [0m[7m  [0m[49m  [0m[49m  [0m[49m  [0m[49m  [0m[49m  [0m[49m  [0m[49m  [0m[7m  [0m
[7m  [0m[7m  [0m[7m  [0m[7m  [0m[7m  [0m[7m  [0m[7m  [0m[7m  [0m[7m  [0m[49m  [0m[49m  [0m[7m  [0m[7m  [0m[49m  [0m[7m  [0m[49m  [0m[49m  [0m[7m  [0m[7m  [0m[7m  [0m[7m  [0m[7m  [0m[7m  [0m[7m  [0m[7m  [0m[7m  [0m[7m  [0m
[7m  [0m[49m  [0m[49m  [0m[7m  [0m[49m  [0m[49m  [0m[7m  [0m[49m  [0m[7m  [0m[7m  [0m[49m  [0m[7m  [0m[7m  [0m[49m  [0m[7m  [0m[49m  [0m[7m  [0m[7m  [0m[7m  [0m[49m  [0m[7m  [0m[7m  [0m[7m  [0m[7m  [0m[7m  [0m[49m  [0m[7m  [0m
[7m  [0m[49m  [0m[7m  [0m[7m  [0m[49m  [0m[49m  [0m[7m  [0m[7m  [0m[49m  [0m[49m  [0m[7m  [0m[49m  [0m[7m  [0m[7m  [0m[49m  [0m[49m  [0m[49m  [0m[49m  [0m[49m  [0m[7m  [0m[7m  [0m[49m  [0m[49m  [0m[49m  [0m[7m  [0m[7m  [0m[7m  [0m
[7m  [0m[49m  [0m[49m  [0m[49m  [0m[49m  [0m[49m  [0m[7m  [0m[49m  [0m[49m  [0m[49m  [0m[49m  [0m[7m  [0m[7m  [0m[49m  [0m[7m  [0m[7m  [0m[49m  [0m[49m  [0m[7m  [0m[49m  [0m[49m  [0m[7m  [0m[7m  [0m[7m  [0m[7m  [0m[49m  [0m[7m  [0m
[7m  [0m[7m  [0m[49m  [0m[49m  [0m[49m  [0m[7m  [0m[49m  [0m[7m  [0m[7m  [0m[7m  [0m[7m  [0m[7m  [0m[7m  [0m[7m  [0m[49m  [0m[7m  [0m[49m  [0m[7m  [0m[49m  [0m[49m  [0m[49m  [0m[7m  [0m[49m  [0m[49m  [0m[49m  [0m[7m  [0m[7m  [0m
[7m  [0m[49m  [0m[7m  [0m[49m  [0m[49m  [0m[7m  [0m[7m  [0m[49m  [0m[49m  [0m[7m  [0m[49m  [0m[49m  [0m[7m  [0m[7m  [0m[7m  [0m[7m  [0m[7m  [0m[7m  [0m[49m  [0m[7m  [0m[49m  [0m[7m  [0m[49m  [0m[49m  [0m[49m  [0m[7m  [0m[7m  [0m
[7m  [0m[49m  [0m[7m  [0m[7m  [0m[7m  [0m[49m  [0m[49m  [0m[7m  [0m[49m  [0m[7m  [0m[7m  [0m[49m  [0m[7m  [0m[49m  [0m[49m  [0m[49m  [0m[7m  [0m[7m  [0m[7m  [0m[49m  [0m[7m  [0m[7m  [0m[49m  [0m[7m  [0m[7m  [0m[7m  [0m[7m  [0m
[7m  [0m[49m  [0m[49m  [0m[7m  [0m[49m  [0m[7m  [0m[49m  [0m[49m  [0m[7m  [0m[49m  [0m[7m  [0m[49m  [0m[7m  [0m[7m  [0m[49m  [0m[49m  [0m[7m  [0m[49m  [0m[7m  [0m[7m  [0m[7m  [0m[7m  [0m[49m  [0m[7m  [0m[7m  [0m[7m  [0m[7m  [0m
[7m  [0m[49m  [0m[7m  [0m[49m  [0m[49m  [0m[49m  [0m[7m  [0m[7m  [0m[7m  [0m[49m  [0m[7m  [0m[49m  [0m[7m  [0m[49m  [0m[49m  [0m[49m  [0m[7m  [0m[7m  [0m[7m  [0m[49m  [0m[49m  [0m[7m  [0m[7m  [0m[49m  [0m[49m  [0m[49m  [0m[7m  [0m
[7m  [0m[49m  [0m[7m  [0m[7m  [0m[7m  [0m[49m  [0m[49m  [0m[49m  [0m[7m  [0m[49m  [0m[49m  [0m[7m  [0m[49m  [0m[49m  [0m[49m  [0m[7m  [0m[7m  [0m[49m  [0m[49m  [0m[49m  [0m[49m  [0m[49m  [0m[7m  [0m[49m  [0m[49m  [0m[49m  [0m[7m  [0m
[7m  [0m[7m  [0m[7m  [0m[7m  [0m[7m  [0m[7m  [0m[7m  [0m[7m  [0m[7m  [0m[49m  [0m[7m  [0m[7m  [0m[49m  [0m[7m  [0m[7m  [0m[7m  [0m[7m  [0m[49m  [0m[7m  [0m[7m  [0m[7m  [0m[49m  [0m[49m  [0m[7m  [0m[7m  [0m[7m  [0m[7m  [0m
[7m  [0m[49m  [0m[49m  [0m[49m  [0m[49m  [0m[49m  [0m[49m  [0m[49m  [0m[7m  [0m[7m  [0m[7m  [0m[49m  [0m[7m  [0m[49m  [0m[49m  [0m[49m  [0m[49m  [0m[49m  [0m[7m  [0m[49m  [0m[7m  [0m[49m  [0m[7m  [0m[49m  [0m[49m  [0m[7m  [0m[7m  [0m
[7m  [0m[49m  [0m[7m  [0m[7m  [0m[7m  [0m[7m  [0m[7m  [0m[49m  [0m[7m  [0m[7m  [0m[7m  [0m[7m  [0m[49m  [0m[7m  [0m[49m  [0m[49m  [0m[49m  [0m[49m  [0m[7m  [0m[7m  [0m[7m  [0m[49m  [0m[49m  [0m[49m  [0m[49m  [0m[7m  [0m[7m  [0m
[7m  [0m[49m  [0m[7m  [0m[49m  [0m[49m  [0m[49m  [0m[7m  [0m[49m  [0m[7m  [0m[49m  [0m[49m  [0m[49m  [0m[49m  [0m[7m  [0m[49m  [0m[7m  [0m[7m  [0m[49m  [0m[49m  [0m[49m  [0m[49m  [0m[49m  [0m[7m  [0m[49m  [0m[49m  [0m[7m  [0m[7m  [0m
[7m  [0m[49m  [0m[7m  [0m[49m  [0m[49m  [0m[49m  [0m[7m  [0m[49m  [0m[7m  [0m[49m  [0m[7m  [0m[49m  [0m[7m  [0m[49m  [0m[49m  [0m[49m  [0m[49m  [0m[49m  [0m[7m  [0m[7m  [0m[49m  [0m[49m  [0m[7m  [0m[49m  [0m[7m  [0m[49m  [0m[7m  [0m
[7m  [0m[49m  [0m[7m  [0m[49m  [0m[49m  [0m[49m  [0m[7m  [0m[49m  [0m[7m  [0m[7m  [0m[49m  [0m[7m  [0m[49m  [0m[7m  [0m[49m  [0m[7m  [0m[49m  [0m[7m  [0m[7m  [0m[49m  [0m[7m  [0m[49m  [0m[49m  [0m[7m  [0m[49m  [0m[49m  [0m[7m  [0m
[7m  [0m[49m  [0m[7m  [0m[7m  [0m[7m  [0m[7m  [0m[7m  [0m[49m  [0m[7m  [0m[49m  [0m[7m  [0m[49m  [0m[49m  [0m[49m  [0m[49m  [0m[7m  [0m[7m  [0m[49m  [0m[49m  [0m[7m  [0m[49m  [0m[7m  [0m[7m  [0m[49m  [0m[49m  [0m[7m  [0m[7m  [0m
[7m  [0m[49m  [0m[49m  [0m[49m  [0m[49m  [0m[49m  [0m[49m  [0m[49m  [0m[7m  [0m[49m  [0m[7m  [0m[7m  [0m[49m  [0m[49m  [0m[49m  [0m[7m  [0m[7m  [0m[49m  [0m[49m  [0m[7m  [0m[49m  [0m[49m  [0m[49m  [0m[49m  [0m[49m  [0m[49m  [0m[7m  [0m
[7m  [0m[7m  [0m[7m  [0m[7m  [0m[7m  [0m[7m  [0m[7m  [0m[7m  [0m[7m  [0m[7m  [0m[7m  [0m[7m  [0m[7m  [0m[7m  [0m[7m  [0m[7m  [0m[7m  [0m[7m  [0m[7m  [0m[7m  [0m[7m  [0m[7m  [0m[7m  [0m[7m  [0m[7m  [0m[7m  [0m[7m  [0m

6e3c777c213569.lhr.life tunneled with tls termination, https://6e3c777c213569.lhr.life
create an account and add your key for a longer lasting domain name. see https://localhost.run/docs/forever-free/ for more information.
Open your tunnel address on your mobile with this QR:

[7m  [0m[7m  [0m[7m  [0m[7m  [0m[7m  [0m[7m  [0m[7m  [0m[7m  [0m[7m  [0m[7m  [0m[7m  [0m[7m  [0m[7m  [0m[7m  [0m[7m  [0m[7m  [0m[7m  [0m[7m  [0m[7m  [0m[7m  [0m[7m  [0m[7m  [0m[7m  [0m[7m  [0m[7m  [0m[7m  [0m[7m  [0m
[7m  [0m[49m  [0m[49m  [0m[49m  [0m[49m  [0m[49m  [0m[49m  [0m[49m  [0m[7m  [0m[49m  [0m[49m  [0m[49m  [0m[49m  [0m[7m  [0m[7m  [0m[7m  [0m[49m  [0m[49m  [0m[7m  [0m[49m  [0m[49m  [0m[49m  [0m[49m  [0m[49m  [0m[49m  [0m[49m  [0m[7m  [0m
[7m  [0m[49m  [0m[7m  [0m[7m  [0m[7m  [0m[7m  [0m[7m  [0m[49m  [0m[7m  [0m[7m  [0m[7m  [0m[7m  [0m[49m  [0m[49m  [0m[49m  [0m[49m  [0m[7m  [0m[49m  [0m[7m  [0m[49m  [0m[7m  [0m[7m  [0m[7m  [0m[7m  [0m[7m  [0m[49m  [0m[7m  [0m
[7m  [0m[49m  [0m[7m  [0m[49m  [0m[49m  [0m[49m  [0m[7m  [0m[49m  [0m[7m  [0m[7m  [0m[49m  [0m[7m  [0m[49m  [0m[7m  [0m[7m  [0m[7m  [0m[7m  [0m[49m  [0m[7m  [0m[49m  [0m[7m  [0m[49m  [0m[49m  [0m[49m  [0m[7m  [0m[49m  [0m[7m  [0m
[7m  [0m[49m  [0m[7m  [0m[49m  [0m[49m  [0m[49m  [0m[7m  [0m[49m  [0m[7m  [0m[7m  [0m[7m  [0m[49m  [0m[49m  [0m[7m  [0m[49m  [0m[7m  [0m[49m  [0m[7m  [0m[7m  [0m[49m  [0m[7m  [0m[49m  [0m[49m  [0m[49m  [0m[7m  [0m[49m  [0m[7m  [0m
[7m  [0m[49m  [0m[7m  [0m[49m  [0m[49m  [0m[49m  [0m[7m  [0m[49m  [0m[7m  [0m[7m  [0m[7m  [0m[49m  [0m[49m  [0m[49m  [0m[49m  [0m[49m  [0m[7m  [0m[7m  [0m[7m  [0m[49m  [0m[7m  [0m[49m  [0m[49m  [0m[49m  [0m[7m  [0m[49m  [0m[7m  [0m
[7m  [0m[49m  [0m[7m  [0m[7m  [0m[7m  [0m[7m  [0m[7m  [0m[49m  [0m[7m  [0m[7m  [0m[49m  [0m[7m  [0m[49m  [0m[7m  [0m[49m  [0m[49m  [0m[49m  [0m[7m  [0m[7m  [0m[49m  [0m[7m  [0m[7m  [0m[7m  [0m[7m  [0m[7m  [0m[49m  [0m[7m  [0m
[7m  [0m[49m  [0m[49m  [0m[49m  [0m[49m  [0m[49m  [0m[49m  [0m[49m  [0m[7m  [0m[49m  [0m[7m  [0m[49m  [0m[7m  [0m[49m  [0m[7m  [0m[49m  [0m[7m  [0m[49m  [0m[7m  [0m[49m  [0m[49m  [0m[49m  [0m[49m  [0m[49m  [0m[49m  [0m[49m  [0m[7m  [0m
[7m  [0m[7m  [0m[7m  [0m[7m  [0m[7m  [0m[7m  [0m[7m  [0m[7m  [0m[7m  [0m[49m  [0m[49m  [0m[7m  [0m[7m  [0m[49m  [0m[7m  [0m[49m  [0m[49m  [0m[7m  [0m[7m  [0m[7m  [0m[7m  [0m[7m  [0m[7m  [0m[7m  [0m[7m  [0m[7m  [0m[7m  [0m
[7m  [0m[49m  [0m[49m  [0m[7m  [0m[49m  [0m[49m  [0m[7m  [0m[49m  [0m[7m  [0m[7m  [0m[49m  [0m[7m  [0m[7m  [0m[49m  [0m[7m  [0m[49m  [0m[7m  [0m[7m  [0m[7m  [0m[49m  [0m[7m  [0m[7m  [0m[7m  [0m[7m  [0m[7m  [0m[49m  [0m[7m  [0m
[7m  [0m[49m  [0m[49m  [0m[7m  [0m[7m  [0m[7m  [0m[7m  [0m[7m  [0m[49m  [0m[7m  [0m[7m  [0m[49m  [0m[7m  [0m[7m  [0m[49m  [0m[49m  [0m[49m  [0m[7m  [0m[7m  [0m[49m  [0m[7m  [0m[49m  [0m[49m  [0m[49m  [0m[7m  [0m[7m  [0m[7m  [0m
[7m  [0m[49m  [0m[49m  [0m[49m  [0m[7m  [0m[49m  [0m[7m  [0m[49m  [0m[7m  [0m[49m  [0m[49m  [0m[7m  [0m[7m  [0m[49m  [0m[7m  [0m[7m  [0m[7m  [0m[49m  [0m[49m  [0m[7m  [0m[49m  [0m[49m  [0m[7m  [0m[7m  [0m[7m  [0m[49m  [0m[7m  [0m
[7m  [0m[7m  [0m[49m  [0m[7m  [0m[7m  [0m[7m  [0m[49m  [0m[7m  [0m[7m  [0m[7m  [0m[7m  [0m[7m  [0m[7m  [0m[7m  [0m[49m  [0m[7m  [0m[7m  [0m[7m  [0m[49m  [0m[49m  [0m[49m  [0m[7m  [0m[49m  [0m[49m  [0m[49m  [0m[7m  [0m[7m  [0m
[7m  [0m[49m  [0m[49m  [0m[49m  [0m[49m  [0m[49m  [0m[7m  [0m[49m  [0m[7m  [0m[7m  [0m[49m  [0m[49m  [0m[7m  [0m[7m  [0m[7m  [0m[7m  [0m[49m  [0m[49m  [0m[49m  [0m[7m  [0m[49m  [0m[7m  [0m[49m  [0m[49m  [0m[49m  [0m[7m  [0m[7m  [0m
[7m  [0m[49m  [0m[7m  [0m[49m  [0m[49m  [0m[7m  [0m[49m  [0m[7m  [0m[49m  [0m[7m  [0m[49m  [0m[49m  [0m[7m  [0m[49m  [0m[49m  [0m[49m  [0m[7m  [0m[49m  [0m[7m  [0m[7m  [0m[7m  [0m[49m  [0m[49m  [0m[7m  [0m[7m  [0m[7m  [0m[7m  [0m
[7m  [0m[49m  [0m[49m  [0m[7m  [0m[7m  [0m[7m  [0m[7m  [0m[49m  [0m[7m  [0m[7m  [0m[49m  [0m[7m  [0m[7m  [0m[7m  [0m[49m  [0m[49m  [0m[49m  [0m[49m  [0m[7m  [0m[49m  [0m[49m  [0m[49m  [0m[49m  [0m[7m  [0m[7m  [0m[7m  [0m[7m  [0m
[7m  [0m[49m  [0m[7m  [0m[49m  [0m[7m  [0m[7m  [0m[49m  [0m[7m  [0m[49m  [0m[7m  [0m[49m  [0m[7m  [0m[7m  [0m[49m  [0m[49m  [0m[49m  [0m[7m  [0m[49m  [0m[49m  [0m[7m  [0m[7m  [0m[49m  [0m[7m  [0m[49m  [0m[49m  [0m[49m  [0m[7m  [0m
[7m  [0m[49m  [0m[7m  [0m[49m  [0m[49m  [0m[49m  [0m[7m  [0m[49m  [0m[7m  [0m[49m  [0m[49m  [0m[7m  [0m[49m  [0m[49m  [0m[49m  [0m[7m  [0m[7m  [0m[49m  [0m[49m  [0m[49m  [0m[49m  [0m[49m  [0m[7m  [0m[49m  [0m[49m  [0m[49m  [0m[7m  [0m
[7m  [0m[7m  [0m[7m  [0m[7m  [0m[7m  [0m[7m  [0m[7m  [0m[7m  [0m[7m  [0m[49m  [0m[7m  [0m[7m  [0m[49m  [0m[7m  [0m[7m  [0m[7m  [0m[49m  [0m[49m  [0m[7m  [0m[7m  [0m[7m  [0m[49m  [0m[49m  [0m[7m  [0m[7m  [0m[7m  [0m[7m  [0m
[7m  [0m[49m  [0m[49m  [0m[49m  [0m[49m  [0m[49m  [0m[49m  [0m[49m  [0m[7m  [0m[7m  [0m[7m  [0m[49m  [0m[7m  [0m[49m  [0m[49m  [0m[49m  [0m[49m  [0m[49m  [0m[7m  [0m[49m  [0m[7m  [0m[49m  [0m[7m  [0m[49m  [0m[49m  [0m[7m  [0m[7m  [0m
[7m  [0m[49m  [0m[7m  [0m[7m  [0m[7m  [0m[7m  [0m[7m  [0m[49m  [0m[7m  [0m[7m  [0m[49m  [0m[49m  [0m[49m  [0m[7m  [0m[49m  [0m[49m  [0m[7m  [0m[49m  [0m[7m  [0m[7m  [0m[7m  [0m[49m  [0m[49m  [0m[49m  [0m[49m  [0m[7m  [0m[7m  [0m
[7m  [0m[49m  [0m[7m  [0m[49m  [0m[49m  [0m[49m  [0m[7m  [0m[49m  [0m[7m  [0m[49m  [0m[7m  [0m[49m  [0m[49m  [0m[7m  [0m[49m  [0m[7m  [0m[49m  [0m[49m  [0m[49m  [0m[49m  [0m[49m  [0m[49m  [0m[7m  [0m[49m  [0m[49m  [0m[7m  [0m[7m  [0m
[7m  [0m[49m  [0m[7m  [0m[49m  [0m[49m  [0m[49m  [0m[7m  [0m[49m  [0m[7m  [0m[49m  [0m[49m  [0m[49m  [0m[7m  [0m[49m  [0m[49m  [0m[49m  [0m[49m  [0m[49m  [0m[7m  [0m[7m  [0m[49m  [0m[49m  [0m[7m  [0m[49m  [0m[7m  [0m[49m  [0m[7m  [0m
[7m  [0m[49m  [0m[7m  [0m[49m  [0m[49m  [0m[49m  [0m[7m  [0m[49m  [0m[7m  [0m[7m  [0m[49m  [0m[7m  [0m[49m  [0m[7m  [0m[49m  [0m[7m  [0m[49m  [0m[7m  [0m[49m  [0m[49m  [0m[7m  [0m[49m  [0m[7m  [0m[7m  [0m[49m  [0m[49m  [0m[7m  [0m
[7m  [0m[49m  [0m[7m  [0m[7m  [0m[7m  [0m[7m  [0m[7m  [0m[49m  [0m[7m  [0m[49m  [0m[49m  [0m[7m  [0m[49m  [0m[49m  [0m[49m  [0m[7m  [0m[49m  [0m[7m  [0m[7m  [0m[49m  [0m[7m  [0m[7m  [0m[7m  [0m[49m  [0m[49m  [0m[7m  [0m[7m  [0m
[7m  [0m[49m  [0m[49m  [0m[49m  [0m[49m  [0m[49m  [0m[49m  [0m[49m  [0m[7m  [0m[49m  [0m[7m  [0m[49m  [0m[49m  [0m[49m  [0m[49m  [0m[7m  [0m[49m  [0m[7m  [0m[7m  [0m[49m  [0m[7m  [0m[7m  [0m[7m  [0m[49m  [0m[49m  [0m[49m  [0m[7m  [0m
[7m  [0m[7m  [0m[7m  [0m[7m  [0m[7m  [0m[7m  [0m[7m  [0m[7m  [0m[7m  [0m[7m  [0m[7m  [0m[7m  [0m[7m  [0m[7m  [0m[7m  [0m[7m  [0m[7m  [0m[7m  [0m[7m  [0m[7m  [0m[7m  [0m[7m  [0m[7m  [0m[7m  [0m[7m  [0m[7m  [0m[7m  [0m

1ac75e20cfedb5.lhr.life tunneled with tls termination, https://1ac75e20cfedb5.lhr.life
create an account and add your key for a longer lasting domain name. see https://localhost.run/docs/forever-free/ for more information.
Open your tunnel address on your mobile with this QR:

[7m  [0m[7m  [0m[7m  [0m[7m  [0m[7m  [0m[7m  [0m[7m  [0m[7m  [0m[7m  [0m[7m  [0m[7m  [0m[7m  [0m[7m  [0m[7m  [0m[7m  [0m[7m  [0m[7m  [0m[7m  [0m[7m  [0m[7m  [0m[7m  [0m[7m  [0m[7m  [0m[7m  [0m[7m  [0m[7m  [0m[7m  [0m
[7m  [0m[49m  [0m[49m  [0m[49m  [0m[49m  [0m[49m  [0m[49m  [0m[49m  [0m[7m  [0m[7m  [0m[7m  [0m[49m  [0m[7m  [0m[7m  [0m[49m  [0m[7m  [0m[7m  [0m[49m  [0m[7m  [0m[49m  [0m[49m  [0m[49m  [0m[49m  [0m[49m  [0m[49m  [0m[49m  [0m[7m  [0m
[7m  [0m[49m  [0m[7m  [0m[7m  [0m[7m  [0m[7m  [0m[7m  [0m[49m  [0m[7m  [0m[49m  [0m[49m  [0m[49m  [0m[7m  [0m[7m  [0m[7m  [0m[7m  [0m[49m  [0m[7m  [0m[7m  [0m[49m  [0m[7m  [0m[7m  [0m[7m  [0m[7m  [0m[7m  [0m[49m  [0m[7m  [0m
[7m  [0m[49m  [0m[7m  [0m[49m  [0m[49m  [0m[49m  [0m[7m  [0m[49m  [0m[7m  [0m[49m  [0m[7m  [0m[7m  [0m[7m  [0m[7m  [0m[49m  [0m[7m  [0m[49m  [0m[49m  [0m[7m  [0m[49m  [0m[7m  [0m[49m  [0m[49m  [0m[49m  [0m[7m  [0m[49m  [0m[7m  [0m
[7m  [0m[49m  [0m[7m  [0m[49m  [0m[49m  [0m[49m  [0m[7m  [0m[49m  [0m[7m  [0m[7m  [0m[49m  [0m[7m  [0m[7m  [0m[49m  [0m[7m  [0m[49m  [0m[7m  [0m[49m  [0m[7m  [0m[49m  [0m[7m  [0m[49m  [0m[49m  [0m[49m  [0m[7m  [0m[49m  [0m[7m  [0m
[7m  [0m[49m  [0m[7m  [0m[49m  [0m[49m  [0m[49m  [0m[7m  [0m[49m  [0m[7m  [0m[49m  [0m[49m  [0m[49m  [0m[7m  [0m[49m  [0m[7m  [0m[49m  [0m[49m  [0m[7m  [0m[7m  [0m[49m  [0m[7m  [0m[49m  [0m[49m  [0m[49m  [0m[7m  [0m[49m  [0m[7m  [0m
[7m  [0m[49m  [0m[7m  [0m[7m  [0m[7m  [0m[7m  [0m[7m  [0m[49m  [0m[7m  [0m[49m  [0m[7m  [0m[49m  [0m[7m  [0m[49m  [0m[7m  [0m[7m  [0m[7m  [0m[49m  [0m[7m  [0m[49m  [0m[7m  [0m[7m  [0m[7m  [0m[7m  [0m[7m  [0m[49m  [0m[7m  [0m
[7m  [0m[49m  [0m[49m  [0m[49m  [0m[49m  [0m[49m  [0m[49m  [0m[49m  [0m[7m  [0m[49m  [0m[7m  [0m[49m  [0m[7m  [0m[49m  [0m[7m  [0m[49m  [0m[7m  [0m[49m  [0m[7m  [0m[49m  [0m[49m  [0m[49m  [0m[49m  [0m[49m  [0m[49m  [0m[49m  [0m[7m  [0m
[7m  [0m[7m  [0m[7m  [0m[7m  [0m[7m  [0m[7m  [0m[7m  [0m[7m  [0m[7m  [0m[49m  [0m[7m  [0m[49m  [0m[49m  [0m[7m  [0m[49m  [0m[7m  [0m[7m  [0m[49m  [0m[7m  [0m[7m  [0m[7m  [0m[7m  [0m[7m  [0m[7m  [0m[7m  [0m[7m  [0m[7m  [0m
[7m  [0m[49m  [0m[49m  [0m[7m  [0m[49m  [0m[7m  [0m[7m  [0m[49m  [0m[49m  [0m[7m  [0m[7m  [0m[7m  [0m[49m  [0m[49m  [0m[49m  [0m[49m  [0m[49m  [0m[7m  [0m[7m  [0m[49m  [0m[49m  [0m[49m  [0m[7m  [0m[49m  [0m[49m  [0m[7m  [0m[7m  [0m
[7m  [0m[7m  [0m[7m  [0m[7m  [0m[49m  [0m[49m  [0m[49m  [0m[7m  [0m[49m  [0m[49m  [0m[49m  [0m[7m  [0m[49m  [0m[49m  [0m[7m  [0m[7m  [0m[7m  [0m[7m  [0m[7m  [0m[49m  [0m[49m  [0m[49m  [0m[7m  [0m[7m  [0m[49m  [0m[49m  [0m[7m  [0m
[7m  [0m[49m  [0m[49m  [0m[49m  [0m[7m  [0m[49m  [0m[7m  [0m[49m  [0m[49m  [0m[7m  [0m[7m  [0m[7m  [0m[49m  [0m[49m  [0m[49m  [0m[7m  [0m[7m  [0m[49m  [0m[49m  [0m[7m  [0m[7m  [0m[7m  [0m[49m  [0m[7m  [0m[49m  [0m[49m  [0m[7m  [0m
[7m  [0m[49m  [0m[49m  [0m[7m  [0m[49m  [0m[49m  [0m[7m  [0m[7m  [0m[7m  [0m[7m  [0m[49m  [0m[49m  [0m[49m  [0m[49m  [0m[7m  [0m[49m  [0m[49m  [0m[49m  [0m[7m  [0m[7m  [0m[49m  [0m[49m  [0m[7m  [0m[7m  [0m[7m  [0m[49m  [0m[7m  [0m
[7m  [0m[7m  [0m[49m  [0m[7m  [0m[49m  [0m[7m  [0m[7m  [0m[49m  [0m[7m  [0m[49m  [0m[7m  [0m[49m  [0m[49m  [0m[7m  [0m[49m  [0m[7m  [0m[49m  [0m[7m  [0m[7m  [0m[49m  [0m[7m  [0m[7m  [0m[7m  [0m[49m  [0m[7m  [0m[7m  [0m[7m  [0m
[7m  [0m[7m  [0m[49m  [0m[49m  [0m[49m  [0m[7m  [0m[49m  [0m[7m  [0m[7m  [0m[49m  [0m[49m  [0m[7m  [0m[49m  [0m[7m  [0m[7m  [0m[7m  [0m[7m  [0m[7m  [0m[49m  [0m[49m  [0m[49m  [0m[7m  [0m[7m  [0m[49m  [0m[49m  [0m[49m  [0m[7m  [0m
[7m  [0m[49m  [0m[7m  [0m[49m  [0m[49m  [0m[7m  [0m[7m  [0m[49m  [0m[7m  [0m[7m  [0m[7m  [0m[49m  [0m[49m  [0m[7m  [0m[7m  [0m[49m  [0m[7m  [0m[49m  [0m[7m  [0m[7m  [0m[7m  [0m[7m  [0m[7m  [0m[7m  [0m[49m  [0m[7m  [0m[7m  [0m
[7m  [0m[7m  [0m[49m  [0m[49m  [0m[49m  [0m[7m  [0m[49m  [0m[7m  [0m[49m  [0m[7m  [0m[7m  [0m[49m  [0m[49m  [0m[7m  [0m[7m  [0m[7m  [0m[7m  [0m[49m  [0m[7m  [0m[7m  [0m[7m  [0m[7m  [0m[49m  [0m[7m  [0m[7m  [0m[7m  [0m[7m  [0m
[7m  [0m[49m  [0m[49m  [0m[7m  [0m[49m  [0m[49m  [0m[7m  [0m[49m  [0m[49m  [0m[49m  [0m[49m  [0m[49m  [0m[7m  [0m[49m  [0m[7m  [0m[7m  [0m[7m  [0m[49m  [0m[49m  [0m[49m  [0m[49m  [0m[49m  [0m[49m  [0m[49m  [0m[7m  [0m[49m  [0m[7m  [0m
[7m  [0m[7m  [0m[7m  [0m[7m  [0m[7m  [0m[7m  [0m[7m  [0m[7m  [0m[7m  [0m[49m  [0m[7m  [0m[7m  [0m[7m  [0m[49m  [0m[49m  [0m[49m  [0m[49m  [0m[49m  [0m[7m  [0m[7m  [0m[7m  [0m[49m  [0m[7m  [0m[49m  [0m[49m  [0m[49m  [0m[7m  [0m
[7m  [0m[49m  [0m[49m  [0m[49m  [0m[49m  [0m[49m  [0m[49m  [0m[49m  [0m[7m  [0m[49m  [0m[7m  [0m[49m  [0m[49m  [0m[49m  [0m[7m  [0m[49m  [0m[7m  [0m[49m  [0m[7m  [0m[49m  [0m[7m  [0m[49m  [0m[49m  [0m[49m  [0m[7m  [0m[7m  [0m[7m  [0m
[7m  [0m[49m  [0m[7m  [0m[7m  [0m[7m  [0m[7m  [0m[7m  [0m[49m  [0m[7m  [0m[7m  [0m[49m  [0m[7m  [0m[7m  [0m[49m  [0m[7m  [0m[7m  [0m[49m  [0m[49m  [0m[7m  [0m[7m  [0m[7m  [0m[49m  [0m[7m  [0m[7m  [0m[7m  [0m[49m  [0m[7m  [0m
[7m  [0m[49m  [0m[7m  [0m[49m  [0m[49m  [0m[49m  [0m[7m  [0m[49m  [0m[7m  [0m[7m  [0m[7m  [0m[7m  [0m[7m  [0m[7m  [0m[7m  [0m[7m  [0m[7m  [0m[49m  [0m[49m  [0m[49m  [0m[49m  [0m[49m  [0m[49m  [0m[49m  [0m[7m  [0m[7m  [0m[7m  [0m
[7m  [0m[49m  [0m[7m  [0m[49m  [0m[49m  [0m[49m  [0m[7m  [0m[49m  [0m[7m  [0m[49m  [0m[7m  [0m[49m  [0m[49m  [0m[7m  [0m[7m  [0m[7m  [0m[7m  [0m[7m  [0m[49m  [0m[7m  [0m[49m  [0m[7m  [0m[49m  [0m[7m  [0m[49m  [0m[7m  [0m[7m  [0m
[7m  [0m[49m  [0m[7m  [0m[49m  [0m[49m  [0m[49m  [0m[7m  [0m[49m  [0m[7m  [0m[7m  [0m[49m  [0m[49m  [0m[7m  [0m[7m  [0m[7m  [0m[7m  [0m[49m  [0m[7m  [0m[7m  [0m[7m  [0m[7m  [0m[49m  [0m[7m  [0m[7m  [0m[7m  [0m[49m  [0m[7m  [0m
[7m  [0m[49m  [0m[7m  [0m[7m  [0m[7m  [0m[7m  [0m[7m  [0m[49m  [0m[7m  [0m[49m  [0m[7m  [0m[7m  [0m[7m  [0m[7m  [0m[7m  [0m[49m  [0m[7m  [0m[49m  [0m[7m  [0m[7m  [0m[7m  [0m[7m  [0m[49m  [0m[7m  [0m[7m  [0m[49m  [0m[7m  [0m
[7m  [0m[49m  [0m[49m  [0m[49m  [0m[49m  [0m[49m  [0m[49m  [0m[49m  [0m[7m  [0m[49m  [0m[7m  [0m[49m  [0m[7m  [0m[49m  [0m[7m  [0m[7m  [0m[7m  [0m[7m  [0m[7m  [0m[7m  [0m[49m  [0m[49m  [0m[49m  [0m[7m  [0m[7m  [0m[49m  [0m[7m  [0m
[7m  [0m[7m  [0m[7m  [0m[7m  [0m[7m  [0m[7m  [0m[7m  [0m[7m  [0m[7m  [0m[7m  [0m[7m  [0m[7m  [0m[7m  [0m[7m  [0m[7m  [0m[7m  [0m[7m  [0m[7m  [0m[7m  [0m[7m  [0m[7m  [0m[7m  [0m[7m  [0m[7m  [0m[7m  [0m[7m  [0m[7m  [0m

d3f8bb8aaed116.lhr.life tunneled with tls termination, https://d3f8bb8aaed116.lhr.life
create an account and add your key for a longer lasting domain name. see https://localhost.run/docs/forever-free/ for more information.
Open your tunnel address on your mobile with this QR:

[7m  [0m[7m  [0m[7m  [0m[7m  [0m[7m  [0m[7m  [0m[7m  [0m[7m  [0m[7m  [0m[7m  [0m[7m  [0m[7m  [0m[7m  [0m[7m  [0m[7m  [0m[7m  [0m[7m  [0m[7m  [0m[7m  [0m[7m  [0m[7m  [0m[7m  [0m[7m  [0m[7m  [0m[7m  [0m[7m  [0m[7m  [0m
[7m  [0m[49m  [0m[49m  [0m[49m  [0m[49m  [0m[49m  [0m[49m  [0m[49m  [0m[7m  [0m[49m  [0m[7m  [0m[7m  [0m[7m  [0m[7m  [0m[7m  [0m[7m  [0m[7m  [0m[7m  [0m[7m  [0m[49m  [0m[49m  [0m[49m  [0m[49m  [0m[49m  [0m[49m  [0m[49m  [0m[7m  [0m
[7m  [0m[49m  [0m[7m  [0m[7m  [0m[7m  [0m[7m  [0m[7m  [0m[49m  [0m[7m  [0m[49m  [0m[7m  [0m[7m  [0m[49m  [0m[49m  [0m[49m  [0m[49m  [0m[7m  [0m[49m  [0m[7m  [0m[49m  [0m[7m  [0m[7m  [0m[7m  [0m[7m  [0m[7m  [0m[49m  [0m[7m  [0m
[7m  [0m[49m  [0m[7m  [0m[49m  [0m[49m  [0m[49m  [0m[7m  [0m[49m  [0m[7m  [0m[49m  [0m[49m  [0m[7m  [0m[7m  [0m[49m  [0m[49m  [0m[7m  [0m[7m  [0m[49m  [0m[7m  [0m[49m  [0m[7m  [0m[49m  [0m[49m  [0m[49m  [0m[7m  [0m[49m  [0m[7m  [0m
[7m  [0m[49m  [0m[7m  [0m[49m  [0m[49m  [0m[49m  [0m[7m  [0m[49m  [0m[7m  [0m[49m  [0m[49m  [0m[49m  [0m[7m  [0m[49m  [0m[49m  [0m[49m  [0m[7m  [0m[7m  [0m[7m  [0m[49m  [0m[7m  [0m[49m  [0m[49m  [0m[49m  [0m[7m  [0m[49m  [0m[7m  [0m
[7m  [0m[49m  [0m[7m  [0m[49m  [0m[49m  [0m[49m  [0m[7m  [0m[49m  [0m[7m  [0m[7m  [0m[49m  [0m[49m  [0m[7m  [0m[49m  [0m[7m  [0m[49m  [0m[49m  [0m[7m  [0m[7m  [0m[49m  [0m[7m  [0m[49m  [0m[49m  [0m[49m  [0m[7m  [0m[49m  [0m[7m  [0m
[7m  [0m[49m  [0m[7m  [0m[7m  [0m[7m  [0m[7m  [0m[7m  [0m[49m  [0m[7m  [0m[49m  [0m[49m  [0m[49m  [0m[7m  [0m[7m  [0m[7m  [0m[7m  [0m[49m  [0m[49m  [0m[7m  [0m[49m  [0m[7m  [0m[7m  [0m[7m  [0m[7m  [0m[7m  [0m[49m  [0m[7m  [0m
[7m  [0m[49m  [0m[49m  [0m[49m  [0m[49m  [0m[49m  [0m[49m  [0m[49m  [0m[7m  [0m[49m  [0m[7m  [0m[49m  [0m[7m  [0m[49m  [0m[7m  [0m[49m  [0m[7m  [0m[49m  [0m[7m  [0m[49m  [0m[49m  [0m[49m  [0m[49m  [0m[49m  [0m[49m  [0m[49m  [0m[7m  [0m
[7m  [0m[7m  [0m[7m  [0m[7m  [0m[7m  [0m[7m  [0m[7m  [0m[7m  [0m[7m  [0m[7m  [0m[7m  [0m[49m  [0m[49m  [0m[7m  [0m[49m  [0m[7m  [0m[7m  [0m[49m  [0m[7m  [0m[7m  [0m[7m  [0m[7m  [0m[7m  [0m[7m  [0m[7m  [0m[7m  [0m[7m  [0m
[7m  [0m[49m  [0m[49m  [0m[7m  [0m[7m  [0m[49m  [0m[49m  [0m[49m  [0m[7m  [0m[7m  [0m[7m  [0m[49m  [0m[7m  [0m[49m  [0m[7m  [0m[7m  [0m[49m  [0m[49m  [0m[7m  [0m[7m  [0m[49m  [0m[7m  [0m[49m  [0m[49m  [0m[49m  [0m[49m  [0m[7m  [0m
[7m  [0m[49m  [0m[49m  [0m[7m  [0m[7m  [0m[49m  [0m[7m  [0m[7m  [0m[49m  [0m[7m  [0m[7m  [0m[7m  [0m[7m  [0m[7m  [0m[7m  [0m[49m  [0m[49m  [0m[49m  [0m[7m  [0m[7m  [0m[7m  [0m[7m  [0m[49m  [0m[7m  [0m[7m  [0m[7m  [0m[7m  [0m
[7m  [0m[7m  [0m[49m  [0m[7m  [0m[49m  [0m[7m  [0m[7m  [0m[49m  [0m[49m  [0m[49m  [0m[49m  [0m[49m  [0m[7m  [0m[7m  [0m[7m  [0m[49m  [0m[7m  [0m[49m  [0m[49m  [0m[49m  [0m[49m  [0m[49m  [0m[7m  [0m[49m  [0m[7m  [0m[7m  [0m[7m  [0m
[7m  [0m[49m  [0m[49m  [0m[49m  [0m[7m  [0m[49m  [0m[49m  [0m[7m  [0m[7m  [0m[7m  [0m[49m  [0m[7m  [0m[7m  [0m[49m  [0m[49m  [0m[7m  [0m[49m  [0m[7m  [0m[49m  [0m[7m  [0m[49m  [0m[7m  [0m[7m  [0m[49m  [0m[49m  [0m[49m  [0m[7m  [0m
[7m  [0m[7m  [0m[49m  [0m[7m  [0m[49m  [0m[7m  [0m[7m  [0m[49m  [0m[49m  [0m[7m  [0m[7m  [0m[7m  [0m[49m  [0m[7m  [0m[7m  [0m[7m  [0m[49m  [0m[7m  [0m[7m  [0m[7m  [0m[49m  [0m[7m  [0m[7m  [0m[7m  [0m[7m  [0m[7m  [0m[7m  [0m
[7m  [0m[49m  [0m[7m  [0m[7m  [0m[49m  [0m[49m  [0m[49m  [0m[7m  [0m[7m  [0m[7m  [0m[7m  [0m[49m  [0m[7m  [0m[49m  [0m[49m  [0m[49m  [0m[7m  [0m[7m  [0m[49m  [0m[7m  [0m[7m  [0m[49m  [0m[49m  [0m[7m  [0m[7m  [0m[7m  [0m[7m  [0m
[7m  [0m[7m  [0m[7m  [0m[49m  [0m[7m  [0m[7m  [0m[49m  [0m[49m  [0m[7m  [0m[49m  [0m[49m  [0m[7m  [0m[49m  [0m[49m  [0m[7m  [0m[49m  [0m[49m  [0m[49m  [0m[49m  [0m[49m  [0m[49m  [0m[7m  [0m[49m  [0m[7m  [0m[49m  [0m[49m  [0m[7m  [0m
[7m  [0m[7m  [0m[7m  [0m[49m  [0m[7m  [0m[7m  [0m[49m  [0m[7m  [0m[49m  [0m[7m  [0m[7m  [0m[49m  [0m[49m  [0m[7m  [0m[49m  [0m[7m  [0m[49m  [0m[7m  [0m[7m  [0m[7m  [0m[49m  [0m[7m  [0m[49m  [0m[49m  [0m[7m  [0m[7m  [0m[7m  [0m
[7m  [0m[49m  [0m[49m  [0m[49m  [0m[49m  [0m[49m  [0m[7m  [0m[49m  [0m[49m  [0m[7m  [0m[7m  [0m[49m  [0m[7m  [0m[49m  [0m[7m  [0m[7m  [0m[7m  [0m[49m  [0m[49m  [0m[49m  [0m[49m  [0m[49m  [0m[49m  [0m[49m  [0m[7m  [0m[49m  [0m[7m  [0m
[7m  [0m[7m  [0m[7m  [0m[7m  [0m[7m  [0m[7m  [0m[7m  [0m[7m  [0m[7m  [0m[49m  [0m[49m  [0m[7m  [0m[7m  [0m[7m  [0m[49m  [0m[49m  [0m[49m  [0m[49m  [0m[7m  [0m[7m  [0m[7m  [0m[49m  [0m[49m  [0m[49m  [0m[49m  [0m[7m  [0m[7m  [0m
[7m  [0m[49m  [0m[49m  [0m[49m  [0m[49m  [0m[49m  [0m[49m  [0m[49m  [0m[7m  [0m[7m  [0m[7m  [0m[49m  [0m[7m  [0m[7m  [0m[7m  [0m[7m  [0m[49m  [0m[49m  [0m[7m  [0m[49m  [0m[7m  [0m[49m  [0m[7m  [0m[49m  [0m[49m  [0m[49m  [0m[7m  [0m
[7m  [0m[49m  [0m[7m  [0m[7m  [0m[7m  [0m[7m  [0m[7m  [0m[49m  [0m[7m  [0m[49m  [0m[7m  [0m[49m  [0m[7m  [0m[49m  [0m[7m  [0m[7m  [0m[49m  [0m[49m  [0m[7m  [0m[7m  [0m[7m  [0m[49m  [0m[7m  [0m[7m  [0m[7m  [0m[49m  [0m[7m  [0m
[7m  [0m[49m  [0m[7m  [0m[49m  [0m[49m  [0m[49m  [0m[7m  [0m[49m  [0m[7m  [0m[49m  [0m[7m  [0m[7m  [0m[49m  [0m[7m  [0m[49m  [0m[49m  [0m[49m  [0m[49m  [0m[49m  [0m[49m  [0m[49m  [0m[49m  [0m[49m  [0m[7m  [0m[49m  [0m[7m  [0m[7m  [0m
[7m  [0m[49m  [0m[7m  [0m[49m  [0m[49m  [0m[49m  [0m[7m  [0m[49m  [0m[7m  [0m[7m  [0m[7m  [0m[49m  [0m[7m  [0m[49m  [0m[7m  [0m[49m  [0m[7m  [0m[7m  [0m[7m  [0m[49m  [0m[7m  [0m[49m  [0m[7m  [0m[7m  [0m[7m  [0m[49m  [0m[7m  [0m
[7m  [0m[49m  [0m[7m  [0m[49m  [0m[49m  [0m[49m  [0m[7m  [0m[49m  [0m[7m  [0m[7m  [0m[49m  [0m[49m  [0m[49m  [0m[49m  [0m[49m  [0m[49m  [0m[7m  [0m[49m  [0m[7m  [0m[7m  [0m[49m  [0m[7m  [0m[49m  [0m[7m  [0m[49m  [0m[7m  [0m[7m  [0m
[7m  [0m[49m  [0m[7m  [0m[7m  [0m[7m  [0m[7m  [0m[7m  [0m[49m  [0m[7m  [0m[49m  [0m[7m  [0m[7m  [0m[49m  [0m[7m  [0m[49m  [0m[7m  [0m[49m  [0m[49m  [0m[7m  [0m[49m  [0m[7m  [0m[7m  [0m[7m  [0m[49m  [0m[49m  [0m[49m  [0m[7m  [0m
[7m  [0m[49m  [0m[49m  [0m[49m  [0m[49m  [0m[49m  [0m[49m  [0m[49m  [0m[7m  [0m[49m  [0m[7m  [0m[49m  [0m[7m  [0m[49m  [0m[49m  [0m[7m  [0m[7m  [0m[7m  [0m[49m  [0m[49m  [0m[7m  [0m[7m  [0m[7m  [0m[7m  [0m[7m  [0m[49m  [0m[7m  [0m
[7m  [0m[7m  [0m[7m  [0m[7m  [0m[7m  [0m[7m  [0m[7m  [0m[7m  [0m[7m  [0m[7m  [0m[7m  [0m[7m  [0m[7m  [0m[7m  [0m[7m  [0m[7m  [0m[7m  [0m[7m  [0m[7m  [0m[7m  [0m[7m  [0m[7m  [0m[7m  [0m[7m  [0m[7m  [0m[7m  [0m[7m  [0m

23cda6274ca785.lhr.life tunneled with tls termination, https://23cda6274ca785.lhr.life
create an account and add your key for a longer lasting domain name. see https://localhost.run/docs/forever-free/ for more information.
Open your tunnel address on your mobile with this QR:

[7m  [0m[7m  [0m[7m  [0m[7m  [0m[7m  [0m[7m  [0m[7m  [0m[7m  [0m[7m  [0m[7m  [0m[7m  [0m[7m  [0m[7m  [0m[7m  [0m[7m  [0m[7m  [0m[7m  [0m[7m  [0m[7m  [0m[7m  [0m[7m  [0m[7m  [0m[7m  [0m[7m  [0m[7m  [0m[7m  [0m[7m  [0m
[7m  [0m[49m  [0m[49m  [0m[49m  [0m[49m  [0m[49m  [0m[49m  [0m[49m  [0m[7m  [0m[49m  [0m[49m  [0m[49m  [0m[49m  [0m[7m  [0m[7m  [0m[7m  [0m[49m  [0m[49m  [0m[7m  [0m[49m  [0m[49m  [0m[49m  [0m[49m  [0m[49m  [0m[49m  [0m[49m  [0m[7m  [0m
[7m  [0m[49m  [0m[7m  [0m[7m  [0m[7m  [0m[7m  [0m[7m  [0m[49m  [0m[7m  [0m[7m  [0m[7m  [0m[7m  [0m[49m  [0m[49m  [0m[49m  [0m[49m  [0m[7m  [0m[49m  [0m[7m  [0m[49m  [0m[7m  [0m[7m  [0m[7m  [0m[7m  [0m[7m  [0m[49m  [0m[7m  [0m
[7m  [0m[49m  [0m[7m  [0m[49m  [0m[49m  [0m[49m  [0m[7m  [0m[49m  [0m[7m  [0m[7m  [0m[49m  [0m[7m  [0m[49m  [0m[7m  [0m[7m  [0m[7m  [0m[7m  [0m[49m  [0m[7m  [0m[49m  [0m[7m  [0m[49m  [0m[49m  [0m[49m  [0m[7m  [0m[49m  [0m[7m  [0m
[7m  [0m[49m  [0m[7m  [0m[49m  [0m[49m  [0m[49m  [0m[7m  [0m[49m  [0m[7m  [0m[7m  [0m[7m  [0m[49m  [0m[49m  [0m[7m  [0m[49m  [0m[7m  [0m[49m  [0m[7m  [0m[7m  [0m[49m  [0m[7m  [0m[49m  [0m[49m  [0m[49m  [0m[7m  [0m[49m  [0m[7m  [0m
[7m  [0m[49m  [0m[7m  [0m[49m  [0m[49m  [0m[49m  [0m[7m  [0m[49m  [0m[7m  [0m[7m  [0m[7m  [0m[49m  [0m[49m  [0m[49m  [0m[49m  [0m[49m  [0m[7m  [0m[7m  [0m[7m  [0m[49m  [0m[7m  [0m[49m  [0m[49m  [0m[49m  [0m[7m  [0m[49m  [0m[7m  [0m
[7m  [0m[49m  [0m[7m  [0m[7m  [0m[7m  [0m[7m  [0m[7m  [0m[49m  [0m[7m  [0m[7m  [0m[49m  [0m[7m  [0m[49m  [0m[7m  [0m[49m  [0m[49m  [0m[49m  [0m[7m  [0m[7m  [0m[49m  [0m[7m  [0m[7m  [0m[7m  [0m[7m  [0m[7m  [0m[49m  [0m[7m  [0m
[7m  [0m[49m  [0m[49m  [0m[49m  [0m[49m  [0m[49m  [0m[49m  [0m[49m  [0m[7m  [0m[49m  [0m[7m  [0m[49m  [0m[7m  [0m[49m  [0m[7m  [0m[49m  [0m[7m  [0m[49m  [0m[7m  [0m[49m  [0m[49m  [0m[49m  [0m[49m  [0m[49m  [0m[49m  [0m[49m  [0m[7m  [0m
[7m  [0m[7m  [0m[7m  [0m[7m  [0m[7m  [0m[7m  [0m[7m  [0m[7m  [0m[7m  [0m[49m  [0m[49m  [0m[7m  [0m[7m  [0m[49m  [0m[7m  [0m[49m  [0m[49m  [0m[7m  [0m[7m  [0m[7m  [0m[7m  [0m[7m  [0m[7m  [0m[7m  [0m[7m  [0m[7m  [0m[7m  [0m
[7m  [0m[49m  [0m[49m  [0m[7m  [0m[49m  [0m[49m  [0m[7m  [0m[49m  [0m[7m  [0m[7m  [0m[49m  [0m[7m  [0m[7m  [0m[49m  [0m[7m  [0m[49m  [0m[7m  [0m[7m  [0m[7m  [0m[49m  [0m[7m  [0m[7m  [0m[7m  [0m[7m  [0m[7m  [0m[49m  [0m[7m  [0m
[7m  [0m[7m  [0m[7m  [0m[49m  [0m[7m  [0m[49m  [0m[49m  [0m[7m  [0m[7m  [0m[49m  [0m[7m  [0m[49m  [0m[7m  [0m[7m  [0m[49m  [0m[49m  [0m[49m  [0m[7m  [0m[7m  [0m[7m  [0m[7m  [0m[49m  [0m[49m  [0m[49m  [0m[7m  [0m[7m  [0m[7m  [0m
[7m  [0m[7m  [0m[7m  [0m[49m  [0m[49m  [0m[7m  [0m[7m  [0m[49m  [0m[7m  [0m[49m  [0m[49m  [0m[7m  [0m[7m  [0m[49m  [0m[7m  [0m[7m  [0m[49m  [0m[49m  [0m[49m  [0m[49m  [0m[49m  [0m[7m  [0m[7m  [0m[7m  [0m[7m  [0m[49m  [0m[7m  [0m
[7m  [0m[49m  [0m[7m  [0m[49m  [0m[49m  [0m[7m  [0m[7m  [0m[7m  [0m[7m  [0m[49m  [0m[7m  [0m[7m  [0m[7m  [0m[7m  [0m[49m  [0m[7m  [0m[49m  [0m[49m  [0m[49m  [0m[49m  [0m[49m  [0m[7m  [0m[49m  [0m[49m  [0m[49m  [0m[7m  [0m[7m  [0m
[7m  [0m[49m  [0m[7m  [0m[49m  [0m[7m  [0m[7m  [0m[49m  [0m[49m  [0m[7m  [0m[49m  [0m[49m  [0m[49m  [0m[7m  [0m[7m  [0m[7m  [0m[7m  [0m[7m  [0m[7m  [0m[49m  [0m[49m  [0m[49m  [0m[7m  [0m[49m  [0m[49m  [0m[49m  [0m[7m  [0m[7m  [0m
[7m  [0m[49m  [0m[49m  [0m[7m  [0m[49m  [0m[49m  [0m[7m  [0m[7m  [0m[7m  [0m[49m  [0m[49m  [0m[49m  [0m[7m  [0m[49m  [0m[49m  [0m[49m  [0m[7m  [0m[49m  [0m[49m  [0m[7m  [0m[49m  [0m[49m  [0m[49m  [0m[7m  [0m[7m  [0m[7m  [0m[7m  [0m
[7m  [0m[49m  [0m[49m  [0m[49m  [0m[49m  [0m[7m  [0m[7m  [0m[49m  [0m[7m  [0m[7m  [0m[49m  [0m[49m  [0m[7m  [0m[7m  [0m[49m  [0m[49m  [0m[49m  [0m[49m  [0m[7m  [0m[49m  [0m[7m  [0m[7m  [0m[49m  [0m[7m  [0m[7m  [0m[7m  [0m[7m  [0m
[7m  [0m[49m  [0m[7m  [0m[7m  [0m[7m  [0m[49m  [0m[49m  [0m[7m  [0m[7m  [0m[49m  [0m[7m  [0m[49m  [0m[7m  [0m[49m  [0m[49m  [0m[49m  [0m[49m  [0m[49m  [0m[7m  [0m[49m  [0m[49m  [0m[49m  [0m[7m  [0m[49m  [0m[49m  [0m[49m  [0m[7m  [0m
[7m  [0m[49m  [0m[7m  [0m[49m  [0m[7m  [0m[7m  [0m[49m  [0m[49m  [0m[7m  [0m[7m  [0m[7m  [0m[7m  [0m[49m  [0m[49m  [0m[49m  [0m[7m  [0m[49m  [0m[49m  [0m[49m  [0m[49m  [0m[49m  [0m[49m  [0m[7m  [0m[49m  [0m[49m  [0m[49m  [0m[7m  [0m
[7m  [0m[7m  [0m[7m  [0m[7m  [0m[7m  [0m[7m  [0m[7m  [0m[7m  [0m[7m  [0m[49m  [0m[49m  [0m[7m  [0m[49m  [0m[7m  [0m[7m  [0m[7m  [0m[49m  [0m[49m  [0m[7m  [0m[7m  [0m[7m  [0m[49m  [0m[49m  [0m[7m  [0m[7m  [0m[7m  [0m[7m  [0m
[7m  [0m[49m  [0m[49m  [0m[49m  [0m[49m  [0m[49m  [0m[49m  [0m[49m  [0m[7m  [0m[7m  [0m[7m  [0m[49m  [0m[7m  [0m[49m  [0m[49m  [0m[49m  [0m[49m  [0m[49m  [0m[7m  [0m[49m  [0m[7m  [0m[49m  [0m[7m  [0m[49m  [0m[49m  [0m[7m  [0m[7m  [0m
[7m  [0m[49m  [0m[7m  [0m[7m  [0m[7m  [0m[7m  [0m[7m  [0m[49m  [0m[7m  [0m[7m  [0m[7m  [0m[7m  [0m[49m  [0m[7m  [0m[49m  [0m[49m  [0m[7m  [0m[49m  [0m[7m  [0m[7m  [0m[7m  [0m[49m  [0m[49m  [0m[49m  [0m[49m  [0m[7m  [0m[7m  [0m
[7m  [0m[49m  [0m[7m  [0m[49m  [0m[49m  [0m[49m  [0m[7m  [0m[49m  [0m[7m  [0m[49m  [0m[49m  [0m[49m  [0m[49m  [0m[7m  [0m[49m  [0m[7m  [0m[7m  [0m[49m  [0m[49m  [0m[49m  [0m[49m  [0m[49m  [0m[7m  [0m[49m  [0m[49m  [0m[7m  [0m[7m  [0m
[7m  [0m[49m  [0m[7m  [0m[49m  [0m[49m  [0m[49m  [0m[7m  [0m[49m  [0m[7m  [0m[49m  [0m[49m  [0m[49m  [0m[7m  [0m[49m  [0m[49m  [0m[49m  [0m[49m  [0m[7m  [0m[7m  [0m[7m  [0m[7m  [0m[49m  [0m[7m  [0m[49m  [0m[7m  [0m[49m  [0m[7m  [0m
[7m  [0m[49m  [0m[7m  [0m[49m  [0m[49m  [0m[49m  [0m[7m  [0m[49m  [0m[7m  [0m[7m  [0m[7m  [0m[49m  [0m[49m  [0m[7m  [0m[49m  [0m[7m  [0m[49m  [0m[7m  [0m[49m  [0m[49m  [0m[49m  [0m[49m  [0m[49m  [0m[7m  [0m[49m  [0m[49m  [0m[7m  [0m
[7m  [0m[49m  [0m[7m  [0m[7m  [0m[7m  [0m[7m  [0m[7m  [0m[49m  [0m[7m  [0m[49m  [0m[7m  [0m[49m  [0m[49m  [0m[49m  [0m[49m  [0m[7m  [0m[7m  [0m[49m  [0m[7m  [0m[7m  [0m[49m  [0m[7m  [0m[49m  [0m[49m  [0m[49m  [0m[7m  [0m[7m  [0m
[7m  [0m[49m  [0m[49m  [0m[49m  [0m[49m  [0m[49m  [0m[49m  [0m[49m  [0m[7m  [0m[49m  [0m[7m  [0m[49m  [0m[49m  [0m[49m  [0m[49m  [0m[7m  [0m[49m  [0m[49m  [0m[49m  [0m[49m  [0m[7m  [0m[7m  [0m[7m  [0m[49m  [0m[49m  [0m[49m  [0m[7m  [0m
[7m  [0m[7m  [0m[7m  [0m[7m  [0m[7m  [0m[7m  [0m[7m  [0m[7m  [0m[7m  [0m[7m  [0m[7m  [0m[7m  [0m[7m  [0m[7m  [0m[7m  [0m[7m  [0m[7m  [0m[7m  [0m[7m  [0m[7m  [0m[7m  [0m[7m  [0m[7m  [0m[7m  [0m[7m  [0m[7m  [0m[7m  [0m

7eb793b4cb4c89.lhr.life tunneled with tls termination, https://7eb793b4cb4c89.lhr.life
create an account and add your key for a longer lasting domain name. see https://localhost.run/docs/forever-free/ for more information.
Open your tunnel address on your mobile with this QR:

[7m  [0m[7m  [0m[7m  [0m[7m  [0m[7m  [0m[7m  [0m[7m  [0m[7m  [0m[7m  [0m[7m  [0m[7m  [0m[7m  [0m[7m  [0m[7m  [0m[7m  [0m[7m  [0m[7m  [0m[7m  [0m[7m  [0m[7m  [0m[7m  [0m[7m  [0m[7m  [0m[7m  [0m[7m  [0m[7m  [0m[7m  [0m
[7m  [0m[49m  [0m[49m  [0m[49m  [0m[49m  [0m[49m  [0m[49m  [0m[49m  [0m[7m  [0m[7m  [0m[7m  [0m[49m  [0m[7m  [0m[7m  [0m[49m  [0m[7m  [0m[7m  [0m[49m  [0m[7m  [0m[49m  [0m[49m  [0m[49m  [0m[49m  [0m[49m  [0m[49m  [0m[49m  [0m[7m  [0m
[7m  [0m[49m  [0m[7m  [0m[7m  [0m[7m  [0m[7m  [0m[7m  [0m[49m  [0m[7m  [0m[49m  [0m[49m  [0m[49m  [0m[7m  [0m[7m  [0m[7m  [0m[7m  [0m[49m  [0m[7m  [0m[7m  [0m[49m  [0m[7m  [0m[7m  [0m[7m  [0m[7m  [0m[7m  [0m[49m  [0m[7m  [0m
[7m  [0m[49m  [0m[7m  [0m[49m  [0m[49m  [0m[49m  [0m[7m  [0m[49m  [0m[7m  [0m[49m  [0m[7m  [0m[7m  [0m[7m  [0m[7m  [0m[49m  [0m[7m  [0m[49m  [0m[49m  [0m[7m  [0m[49m  [0m[7m  [0m[49m  [0m[49m  [0m[49m  [0m[7m  [0m[49m  [0m[7m  [0m
[7m  [0m[49m  [0m[7m  [0m[49m  [0m[49m  [0m[49m  [0m[7m  [0m[49m  [0m[7m  [0m[7m  [0m[49m  [0m[7m  [0m[7m  [0m[49m  [0m[7m  [0m[49m  [0m[7m  [0m[49m  [0m[7m  [0m[49m  [0m[7m  [0m[49m  [0m[49m  [0m[49m  [0m[7m  [0m[49m  [0m[7m  [0m
[7m  [0m[49m  [0m[7m  [0m[49m  [0m[49m  [0m[49m  [0m[7m  [0m[49m  [0m[7m  [0m[49m  [0m[49m  [0m[49m  [0m[7m  [0m[49m  [0m[7m  [0m[49m  [0m[49m  [0m[7m  [0m[7m  [0m[49m  [0m[7m  [0m[49m  [0m[49m  [0m[49m  [0m[7m  [0m[49m  [0m[7m  [0m
[7m  [0m[49m  [0m[7m  [0m[7m  [0m[7m  [0m[7m  [0m[7m  [0m[49m  [0m[7m  [0m[49m  [0m[7m  [0m[49m  [0m[7m  [0m[49m  [0m[7m  [0m[7m  [0m[7m  [0m[49m  [0m[7m  [0m[49m  [0m[7m  [0m[7m  [0m[7m  [0m[7m  [0m[7m  [0m[49m  [0m[7m  [0m
[7m  [0m[49m  [0m[49m  [0m[49m  [0m[49m  [0m[49m  [0m[49m  [0m[49m  [0m[7m  [0m[49m  [0m[7m  [0m[49m  [0m[7m  [0m[49m  [0m[7m  [0m[49m  [0m[7m  [0m[49m  [0m[7m  [0m[49m  [0m[49m  [0m[49m  [0m[49m  [0m[49m  [0m[49m  [0m[49m  [0m[7m  [0m
[7m  [0m[7m  [0m[7m  [0m[7m  [0m[7m  [0m[7m  [0m[7m  [0m[7m  [0m[7m  [0m[49m  [0m[7m  [0m[49m  [0m[49m  [0m[7m  [0m[49m  [0m[7m  [0m[7m  [0m[49m  [0m[7m  [0m[7m  [0m[7m  [0m[7m  [0m[7m  [0m[7m  [0m[7m  [0m[7m  [0m[7m  [0m
[7m  [0m[49m  [0m[49m  [0m[7m  [0m[49m  [0m[7m  [0m[7m  [0m[49m  [0m[49m  [0m[7m  [0m[7m  [0m[7m  [0m[49m  [0m[49m  [0m[49m  [0m[49m  [0m[49m  [0m[7m  [0m[7m  [0m[49m  [0m[49m  [0m[49m  [0m[7m  [0m[49m  [0m[49m  [0m[7m  [0m[7m  [0m
[7m  [0m[49m  [0m[49m  [0m[49m  [0m[7m  [0m[49m  [0m[7m  [0m[7m  [0m[7m  [0m[49m  [0m[49m  [0m[7m  [0m[49m  [0m[49m  [0m[7m  [0m[7m  [0m[7m  [0m[49m  [0m[49m  [0m[49m  [0m[7m  [0m[7m  [0m[7m  [0m[7m  [0m[49m  [0m[49m  [0m[7m  [0m
[7m  [0m[7m  [0m[7m  [0m[7m  [0m[49m  [0m[49m  [0m[7m  [0m[49m  [0m[49m  [0m[7m  [0m[7m  [0m[7m  [0m[49m  [0m[49m  [0m[49m  [0m[7m  [0m[7m  [0m[7m  [0m[7m  [0m[49m  [0m[49m  [0m[7m  [0m[49m  [0m[7m  [0m[49m  [0m[49m  [0m[7m  [0m
[7m  [0m[49m  [0m[7m  [0m[7m  [0m[49m  [0m[7m  [0m[7m  [0m[7m  [0m[49m  [0m[49m  [0m[49m  [0m[49m  [0m[49m  [0m[49m  [0m[7m  [0m[49m  [0m[49m  [0m[49m  [0m[7m  [0m[7m  [0m[7m  [0m[49m  [0m[7m  [0m[7m  [0m[7m  [0m[49m  [0m[7m  [0m
[7m  [0m[49m  [0m[49m  [0m[49m  [0m[7m  [0m[49m  [0m[49m  [0m[49m  [0m[49m  [0m[49m  [0m[7m  [0m[49m  [0m[49m  [0m[7m  [0m[49m  [0m[7m  [0m[49m  [0m[7m  [0m[49m  [0m[7m  [0m[7m  [0m[49m  [0m[7m  [0m[49m  [0m[7m  [0m[7m  [0m[7m  [0m
[7m  [0m[7m  [0m[7m  [0m[7m  [0m[7m  [0m[49m  [0m[49m  [0m[7m  [0m[49m  [0m[7m  [0m[7m  [0m[7m  [0m[49m  [0m[7m  [0m[7m  [0m[7m  [0m[49m  [0m[7m  [0m[7m  [0m[49m  [0m[49m  [0m[49m  [0m[7m  [0m[49m  [0m[49m  [0m[49m  [0m[7m  [0m
[7m  [0m[49m  [0m[7m  [0m[7m  [0m[49m  [0m[7m  [0m[49m  [0m[49m  [0m[49m  [0m[49m  [0m[49m  [0m[49m  [0m[49m  [0m[7m  [0m[7m  [0m[49m  [0m[7m  [0m[49m  [0m[49m  [0m[7m  [0m[7m  [0m[49m  [0m[7m  [0m[7m  [0m[49m  [0m[7m  [0m[7m  [0m
[7m  [0m[7m  [0m[49m  [0m[49m  [0m[49m  [0m[7m  [0m[49m  [0m[7m  [0m[49m  [0m[7m  [0m[7m  [0m[7m  [0m[49m  [0m[7m  [0m[7m  [0m[7m  [0m[49m  [0m[7m  [0m[7m  [0m[7m  [0m[7m  [0m[49m  [0m[49m  [0m[7m  [0m[7m  [0m[7m  [0m[7m  [0m
[7m  [0m[49m  [0m[49m  [0m[49m  [0m[7m  [0m[49m  [0m[7m  [0m[49m  [0m[49m  [0m[7m  [0m[7m  [0m[49m  [0m[7m  [0m[49m  [0m[7m  [0m[7m  [0m[7m  [0m[49m  [0m[49m  [0m[49m  [0m[49m  [0m[49m  [0m[49m  [0m[49m  [0m[7m  [0m[49m  [0m[7m  [0m
[7m  [0m[7m  [0m[7m  [0m[7m  [0m[7m  [0m[7m  [0m[7m  [0m[7m  [0m[7m  [0m[49m  [0m[7m  [0m[49m  [0m[7m  [0m[49m  [0m[49m  [0m[49m  [0m[49m  [0m[49m  [0m[7m  [0m[7m  [0m[7m  [0m[49m  [0m[7m  [0m[49m  [0m[49m  [0m[49m  [0m[7m  [0m
[7m  [0m[49m  [0m[49m  [0m[49m  [0m[49m  [0m[49m  [0m[49m  [0m[49m  [0m[7m  [0m[49m  [0m[49m  [0m[49m  [0m[49m  [0m[49m  [0m[7m  [0m[49m  [0m[7m  [0m[49m  [0m[7m  [0m[49m  [0m[7m  [0m[49m  [0m[49m  [0m[49m  [0m[7m  [0m[7m  [0m[7m  [0m
[7m  [0m[49m  [0m[7m  [0m[7m  [0m[7m  [0m[7m  [0m[7m  [0m[49m  [0m[7m  [0m[7m  [0m[7m  [0m[7m  [0m[7m  [0m[49m  [0m[7m  [0m[7m  [0m[49m  [0m[49m  [0m[7m  [0m[7m  [0m[7m  [0m[49m  [0m[7m  [0m[7m  [0m[7m  [0m[49m  [0m[7m  [0m
[7m  [0m[49m  [0m[7m  [0m[49m  [0m[49m  [0m[49m  [0m[7m  [0m[49m  [0m[7m  [0m[7m  [0m[49m  [0m[49m  [0m[7m  [0m[7m  [0m[7m  [0m[7m  [0m[49m  [0m[49m  [0m[49m  [0m[49m  [0m[49m  [0m[49m  [0m[49m  [0m[49m  [0m[7m  [0m[7m  [0m[7m  [0m
[7m  [0m[49m  [0m[7m  [0m[49m  [0m[49m  [0m[49m  [0m[7m  [0m[49m  [0m[7m  [0m[49m  [0m[49m  [0m[7m  [0m[49m  [0m[7m  [0m[7m  [0m[7m  [0m[7m  [0m[7m  [0m[49m  [0m[49m  [0m[7m  [0m[49m  [0m[49m  [0m[7m  [0m[49m  [0m[7m  [0m[7m  [0m
[7m  [0m[49m  [0m[7m  [0m[49m  [0m[49m  [0m[49m  [0m[7m  [0m[49m  [0m[7m  [0m[7m  [0m[7m  [0m[7m  [0m[7m  [0m[7m  [0m[7m  [0m[7m  [0m[7m  [0m[7m  [0m[7m  [0m[7m  [0m[49m  [0m[49m  [0m[49m  [0m[7m  [0m[7m  [0m[49m  [0m[7m  [0m
[7m  [0m[49m  [0m[7m  [0m[7m  [0m[7m  [0m[7m  [0m[7m  [0m[49m  [0m[7m  [0m[49m  [0m[49m  [0m[49m  [0m[7m  [0m[7m  [0m[7m  [0m[49m  [0m[7m  [0m[49m  [0m[7m  [0m[7m  [0m[7m  [0m[49m  [0m[7m  [0m[7m  [0m[7m  [0m[49m  [0m[7m  [0m
[7m  [0m[49m  [0m[49m  [0m[49m  [0m[49m  [0m[49m  [0m[49m  [0m[49m  [0m[7m  [0m[49m  [0m[7m  [0m[7m  [0m[7m  [0m[49m  [0m[7m  [0m[7m  [0m[49m  [0m[49m  [0m[7m  [0m[7m  [0m[7m  [0m[7m  [0m[7m  [0m[49m  [0m[7m  [0m[49m  [0m[7m  [0m
[7m  [0m[7m  [0m[7m  [0m[7m  [0m[7m  [0m[7m  [0m[7m  [0m[7m  [0m[7m  [0m[7m  [0m[7m  [0m[7m  [0m[7m  [0m[7m  [0m[7m  [0m[7m  [0m[7m  [0m[7m  [0m[7m  [0m[7m  [0m[7m  [0m[7m  [0m[7m  [0m[7m  [0m[7m  [0m[7m  [0m[7m  [0m

d71645390e018f.lhr.life tunneled with tls termination, https://d71645390e018f.lhr.life
create an account and add your key for a longer lasting domain name. see https://localhost.run/docs/forever-free/ for more information.
Open your tunnel address on your mobile with this QR:

[7m  [0m[7m  [0m[7m  [0m[7m  [0m[7m  [0m[7m  [0m[7m  [0m[7m  [0m[7m  [0m[7m  [0m[7m  [0m[7m  [0m[7m  [0m[7m  [0m[7m  [0m[7m  [0m[7m  [0m[7m  [0m[7m  [0m[7m  [0m[7m  [0m[7m  [0m[7m  [0m[7m  [0m[7m  [0m[7m  [0m[7m  [0m
[7m  [0m[49m  [0m[49m  [0m[49m  [0m[49m  [0m[49m  [0m[49m  [0m[49m  [0m[7m  [0m[7m  [0m[7m  [0m[49m  [0m[7m  [0m[7m  [0m[49m  [0m[7m  [0m[7m  [0m[49m  [0m[7m  [0m[49m  [0m[49m  [0m[49m  [0m[49m  [0m[49m  [0m[49m  [0m[49m  [0m[7m  [0m
[7m  [0m[49m  [0m[7m  [0m[7m  [0m[7m  [0m[7m  [0m[7m  [0m[49m  [0m[7m  [0m[7m  [0m[49m  [0m[7m  [0m[7m  [0m[7m  [0m[49m  [0m[7m  [0m[49m  [0m[49m  [0m[7m  [0m[49m  [0m[7m  [0m[7m  [0m[7m  [0m[7m  [0m[7m  [0m[49m  [0m[7m  [0m
[7m  [0m[49m  [0m[7m  [0m[49m  [0m[49m  [0m[49m  [0m[7m  [0m[49m  [0m[7m  [0m[49m  [0m[7m  [0m[7m  [0m[49m  [0m[7m  [0m[49m  [0m[49m  [0m[49m  [0m[49m  [0m[7m  [0m[49m  [0m[7m  [0m[49m  [0m[49m  [0m[49m  [0m[7m  [0m[49m  [0m[7m  [0m
[7m  [0m[49m  [0m[7m  [0m[49m  [0m[49m  [0m[49m  [0m[7m  [0m[49m  [0m[7m  [0m[7m  [0m[49m  [0m[7m  [0m[7m  [0m[49m  [0m[7m  [0m[49m  [0m[7m  [0m[49m  [0m[7m  [0m[49m  [0m[7m  [0m[49m  [0m[49m  [0m[49m  [0m[7m  [0m[49m  [0m[7m  [0m
[7m  [0m[49m  [0m[7m  [0m[49m  [0m[49m  [0m[49m  [0m[7m  [0m[49m  [0m[7m  [0m[7m  [0m[49m  [0m[7m  [0m[7m  [0m[49m  [0m[49m  [0m[49m  [0m[49m  [0m[49m  [0m[7m  [0m[49m  [0m[7m  [0m[49m  [0m[49m  [0m[49m  [0m[7m  [0m[49m  [0m[7m  [0m
[7m  [0m[49m  [0m[7m  [0m[7m  [0m[7m  [0m[7m  [0m[7m  [0m[49m  [0m[7m  [0m[7m  [0m[7m  [0m[49m  [0m[49m  [0m[49m  [0m[7m  [0m[49m  [0m[7m  [0m[49m  [0m[7m  [0m[49m  [0m[7m  [0m[7m  [0m[7m  [0m[7m  [0m[7m  [0m[49m  [0m[7m  [0m
[7m  [0m[49m  [0m[49m  [0m[49m  [0m[49m  [0m[49m  [0m[49m  [0m[49m  [0m[7m  [0m[49m  [0m[7m  [0m[49m  [0m[7m  [0m[49m  [0m[7m  [0m[49m  [0m[7m  [0m[49m  [0m[7m  [0m[49m  [0m[49m  [0m[49m  [0m[49m  [0m[49m  [0m[49m  [0m[49m  [0m[7m  [0m
[7m  [0m[7m  [0m[7m  [0m[7m  [0m[7m  [0m[7m  [0m[7m  [0m[7m  [0m[7m  [0m[49m  [0m[7m  [0m[7m  [0m[49m  [0m[7m  [0m[7m  [0m[7m  [0m[7m  [0m[7m  [0m[7m  [0m[7m  [0m[7m  [0m[7m  [0m[7m  [0m[7m  [0m[7m  [0m[7m  [0m[7m  [0m
[7m  [0m[49m  [0m[49m  [0m[49m  [0m[7m  [0m[49m  [0m[49m  [0m[49m  [0m[49m  [0m[49m  [0m[7m  [0m[7m  [0m[7m  [0m[49m  [0m[49m  [0m[7m  [0m[49m  [0m[7m  [0m[49m  [0m[49m  [0m[7m  [0m[7m  [0m[7m  [0m[49m  [0m[7m  [0m[7m  [0m[7m  [0m
[7m  [0m[7m  [0m[49m  [0m[7m  [0m[49m  [0m[7m  [0m[7m  [0m[7m  [0m[7m  [0m[49m  [0m[49m  [0m[7m  [0m[49m  [0m[49m  [0m[7m  [0m[7m  [0m[7m  [0m[49m  [0m[49m  [0m[49m  [0m[7m  [0m[49m  [0m[7m  [0m[7m  [0m[49m  [0m[49m  [0m[7m  [0m
[7m  [0m[7m  [0m[7m  [0m[7m  [0m[49m  [0m[49m  [0m[49m  [0m[49m  [0m[49m  [0m[7m  [0m[7m  [0m[49m  [0m[49m  [0m[49m  [0m[7m  [0m[7m  [0m[49m  [0m[7m  [0m[49m  [0m[49m  [0m[7m  [0m[7m  [0m[49m  [0m[49m  [0m[49m  [0m[49m  [0m[7m  [0m
[7m  [0m[7m  [0m[49m  [0m[49m  [0m[7m  [0m[7m  [0m[7m  [0m[7m  [0m[49m  [0m[7m  [0m[49m  [0m[49m  [0m[7m  [0m[49m  [0m[7m  [0m[7m  [0m[49m  [0m[49m  [0m[49m  [0m[7m  [0m[49m  [0m[7m  [0m[7m  [0m[7m  [0m[49m  [0m[49m  [0m[7m  [0m
[7m  [0m[49m  [0m[7m  [0m[7m  [0m[49m  [0m[7m  [0m[49m  [0m[49m  [0m[49m  [0m[7m  [0m[7m  [0m[49m  [0m[49m  [0m[7m  [0m[49m  [0m[7m  [0m[49m  [0m[7m  [0m[49m  [0m[49m  [0m[7m  [0m[7m  [0m[7m  [0m[49m  [0m[7m  [0m[7m  [0m[7m  [0m
[7m  [0m[7m  [0m[49m  [0m[7m  [0m[49m  [0m[49m  [0m[49m  [0m[7m  [0m[7m  [0m[49m  [0m[49m  [0m[49m  [0m[49m  [0m[7m  [0m[49m  [0m[7m  [0m[49m  [0m[49m  [0m[49m  [0m[7m  [0m[7m  [0m[7m  [0m[7m  [0m[7m  [0m[49m  [0m[49m  [0m[7m  [0m
[7m  [0m[49m  [0m[7m  [0m[7m  [0m[7m  [0m[49m  [0m[7m  [0m[49m  [0m[7m  [0m[49m  [0m[49m  [0m[7m  [0m[7m  [0m[7m  [0m[7m  [0m[7m  [0m[7m  [0m[49m  [0m[7m  [0m[7m  [0m[7m  [0m[7m  [0m[7m  [0m[7m  [0m[7m  [0m[7m  [0m[7m  [0m
[7m  [0m[7m  [0m[49m  [0m[7m  [0m[49m  [0m[49m  [0m[49m  [0m[7m  [0m[49m  [0m[49m  [0m[49m  [0m[7m  [0m[49m  [0m[7m  [0m[7m  [0m[7m  [0m[7m  [0m[7m  [0m[49m  [0m[7m  [0m[7m  [0m[7m  [0m[49m  [0m[7m  [0m[7m  [0m[7m  [0m[7m  [0m
[7m  [0m[49m  [0m[7m  [0m[49m  [0m[49m  [0m[49m  [0m[49m  [0m[49m  [0m[49m  [0m[7m  [0m[49m  [0m[49m  [0m[7m  [0m[49m  [0m[49m  [0m[7m  [0m[7m  [0m[49m  [0m[49m  [0m[49m  [0m[49m  [0m[49m  [0m[49m  [0m[7m  [0m[7m  [0m[49m  [0m[7m  [0m
[7m  [0m[7m  [0m[7m  [0m[7m  [0m[7m  [0m[7m  [0m[7m  [0m[7m  [0m[7m  [0m[49m  [0m[49m  [0m[7m  [0m[49m  [0m[49m  [0m[49m  [0m[7m  [0m[49m  [0m[49m  [0m[7m  [0m[7m  [0m[7m  [0m[49m  [0m[7m  [0m[49m  [0m[7m  [0m[49m  [0m[7m  [0m
[7m  [0m[49m  [0m[49m  [0m[49m  [0m[49m  [0m[49m  [0m[49m  [0m[49m  [0m[7m  [0m[49m  [0m[7m  [0m[49m  [0m[49m  [0m[49m  [0m[7m  [0m[49m  [0m[7m  [0m[49m  [0m[7m  [0m[49m  [0m[7m  [0m[49m  [0m[49m  [0m[49m  [0m[7m  [0m[7m  [0m[7m  [0m
[7m  [0m[49m  [0m[7m  [0m[7m  [0m[7m  [0m[7m  [0m[7m  [0m[49m  [0m[7m  [0m[49m  [0m[49m  [0m[7m  [0m[7m  [0m[49m  [0m[49m  [0m[7m  [0m[49m  [0m[49m  [0m[7m  [0m[7m  [0m[7m  [0m[49m  [0m[7m  [0m[49m  [0m[7m  [0m[49m  [0m[7m  [0m
[7m  [0m[49m  [0m[7m  [0m[49m  [0m[49m  [0m[49m  [0m[7m  [0m[49m  [0m[7m  [0m[49m  [0m[49m  [0m[49m  [0m[49m  [0m[7m  [0m[7m  [0m[49m  [0m[7m  [0m[49m  [0m[49m  [0m[49m  [0m[49m  [0m[49m  [0m[49m  [0m[49m  [0m[49m  [0m[7m  [0m[7m  [0m
[7m  [0m[49m  [0m[7m  [0m[49m  [0m[49m  [0m[49m  [0m[7m  [0m[49m  [0m[7m  [0m[7m  [0m[7m  [0m[7m  [0m[49m  [0m[7m  [0m[7m  [0m[7m  [0m[49m  [0m[7m  [0m[49m  [0m[7m  [0m[49m  [0m[7m  [0m[49m  [0m[7m  [0m[49m  [0m[7m  [0m[7m  [0m
[7m  [0m[49m  [0m[7m  [0m[49m  [0m[49m  [0m[49m  [0m[7m  [0m[49m  [0m[7m  [0m[49m  [0m[49m  [0m[7m  [0m[7m  [0m[7m  [0m[49m  [0m[7m  [0m[7m  [0m[49m  [0m[7m  [0m[49m  [0m[7m  [0m[49m  [0m[7m  [0m[7m  [0m[7m  [0m[49m  [0m[7m  [0m
[7m  [0m[49m  [0m[7m  [0m[7m  [0m[7m  [0m[7m  [0m[7m  [0m[49m  [0m[7m  [0m[49m  [0m[49m  [0m[49m  [0m[49m  [0m[7m  [0m[7m  [0m[7m  [0m[49m  [0m[49m  [0m[49m  [0m[7m  [0m[49m  [0m[7m  [0m[7m  [0m[7m  [0m[49m  [0m[49m  [0m[7m  [0m
[7m  [0m[49m  [0m[49m  [0m[49m  [0m[49m  [0m[49m  [0m[49m  [0m[49m  [0m[7m  [0m[49m  [0m[7m  [0m[7m  [0m[7m  [0m[49m  [0m[7m  [0m[7m  [0m[49m  [0m[7m  [0m[7m  [0m[49m  [0m[7m  [0m[49m  [0m[49m  [0m[49m  [0m[7m  [0m[49m  [0m[7m  [0m
[7m  [0m[7m  [0m[7m  [0m[7m  [0m[7m  [0m[7m  [0m[7m  [0m[7m  [0m[7m  [0m[7m  [0m[7m  [0m[7m  [0m[7m  [0m[7m  [0m[7m  [0m[7m  [0m[7m  [0m[7m  [0m[7m  [0m[7m  [0m[7m  [0m[7m  [0m[7m  [0m[7m  [0m[7m  [0m[7m  [0m[7m  [0m

a881ce625e9db5.lhr.life tunneled with tls termination, https://a881ce625e9db5.lhr.life
create an account and add your key for a longer lasting domain name. see https://localhost.run/docs/forever-free/ for more information.
Open your tunnel address on your mobile with this QR:

[7m  [0m[7m  [0m[7m  [0m[7m  [0m[7m  [0m[7m  [0m[7m  [0m[7m  [0m[7m  [0m[7m  [0m[7m  [0m[7m  [0m[7m  [0m[7m  [0m[7m  [0m[7m  [0m[7m  [0m[7m  [0m[7m  [0m[7m  [0m[7m  [0m[7m  [0m[7m  [0m[7m  [0m[7m  [0m[7m  [0m[7m  [0m
[7m  [0m[49m  [0m[49m  [0m[49m  [0m[49m  [0m[49m  [0m[49m  [0m[49m  [0m[7m  [0m[49m  [0m[49m  [0m[49m  [0m[49m  [0m[7m  [0m[7m  [0m[7m  [0m[49m  [0m[49m  [0m[7m  [0m[49m  [0m[49m  [0m[49m  [0m[49m  [0m[49m  [0m[49m  [0m[49m  [0m[7m  [0m
[7m  [0m[49m  [0m[7m  [0m[7m  [0m[7m  [0m[7m  [0m[7m  [0m[49m  [0m[7m  [0m[7m  [0m[7m  [0m[7m  [0m[49m  [0m[49m  [0m[49m  [0m[49m  [0m[7m  [0m[49m  [0m[7m  [0m[49m  [0m[7m  [0m[7m  [0m[7m  [0m[7m  [0m[7m  [0m[49m  [0m[7m  [0m
[7m  [0m[49m  [0m[7m  [0m[49m  [0m[49m  [0m[49m  [0m[7m  [0m[49m  [0m[7m  [0m[7m  [0m[49m  [0m[7m  [0m[49m  [0m[7m  [0m[7m  [0m[7m  [0m[7m  [0m[49m  [0m[7m  [0m[49m  [0m[7m  [0m[49m  [0m[49m  [0m[49m  [0m[7m  [0m[49m  [0m[7m  [0m
[7m  [0m[49m  [0m[7m  [0m[49m  [0m[49m  [0m[49m  [0m[7m  [0m[49m  [0m[7m  [0m[7m  [0m[7m  [0m[49m  [0m[49m  [0m[7m  [0m[49m  [0m[7m  [0m[49m  [0m[7m  [0m[7m  [0m[49m  [0m[7m  [0m[49m  [0m[49m  [0m[49m  [0m[7m  [0m[49m  [0m[7m  [0m
[7m  [0m[49m  [0m[7m  [0m[49m  [0m[49m  [0m[49m  [0m[7m  [0m[49m  [0m[7m  [0m[7m  [0m[7m  [0m[49m  [0m[49m  [0m[49m  [0m[49m  [0m[49m  [0m[7m  [0m[7m  [0m[7m  [0m[49m  [0m[7m  [0m[49m  [0m[49m  [0m[49m  [0m[7m  [0m[49m  [0m[7m  [0m
[7m  [0m[49m  [0m[7m  [0m[7m  [0m[7m  [0m[7m  [0m[7m  [0m[49m  [0m[7m  [0m[7m  [0m[49m  [0m[7m  [0m[49m  [0m[7m  [0m[49m  [0m[49m  [0m[49m  [0m[7m  [0m[7m  [0m[49m  [0m[7m  [0m[7m  [0m[7m  [0m[7m  [0m[7m  [0m[49m  [0m[7m  [0m
[7m  [0m[49m  [0m[49m  [0m[49m  [0m[49m  [0m[49m  [0m[49m  [0m[49m  [0m[7m  [0m[49m  [0m[7m  [0m[49m  [0m[7m  [0m[49m  [0m[7m  [0m[49m  [0m[7m  [0m[49m  [0m[7m  [0m[49m  [0m[49m  [0m[49m  [0m[49m  [0m[49m  [0m[49m  [0m[49m  [0m[7m  [0m
[7m  [0m[7m  [0m[7m  [0m[7m  [0m[7m  [0m[7m  [0m[7m  [0m[7m  [0m[7m  [0m[49m  [0m[49m  [0m[7m  [0m[7m  [0m[49m  [0m[7m  [0m[49m  [0m[49m  [0m[7m  [0m[7m  [0m[7m  [0m[7m  [0m[7m  [0m[7m  [0m[7m  [0m[7m  [0m[7m  [0m[7m  [0m
[7m  [0m[49m  [0m[49m  [0m[7m  [0m[49m  [0m[49m  [0m[7m  [0m[49m  [0m[7m  [0m[7m  [0m[49m  [0m[7m  [0m[7m  [0m[49m  [0m[7m  [0m[49m  [0m[7m  [0m[7m  [0m[7m  [0m[49m  [0m[7m  [0m[7m  [0m[7m  [0m[7m  [0m[7m  [0m[49m  [0m[7m  [0m
[7m  [0m[49m  [0m[7m  [0m[49m  [0m[49m  [0m[7m  [0m[7m  [0m[7m  [0m[7m  [0m[7m  [0m[7m  [0m[49m  [0m[7m  [0m[7m  [0m[49m  [0m[49m  [0m[49m  [0m[49m  [0m[7m  [0m[7m  [0m[7m  [0m[7m  [0m[49m  [0m[49m  [0m[7m  [0m[7m  [0m[7m  [0m
[7m  [0m[7m  [0m[49m  [0m[49m  [0m[49m  [0m[49m  [0m[49m  [0m[49m  [0m[7m  [0m[7m  [0m[49m  [0m[7m  [0m[7m  [0m[49m  [0m[7m  [0m[7m  [0m[49m  [0m[49m  [0m[49m  [0m[7m  [0m[7m  [0m[49m  [0m[7m  [0m[7m  [0m[7m  [0m[49m  [0m[7m  [0m
[7m  [0m[7m  [0m[49m  [0m[7m  [0m[7m  [0m[7m  [0m[49m  [0m[7m  [0m[49m  [0m[49m  [0m[7m  [0m[7m  [0m[7m  [0m[7m  [0m[49m  [0m[7m  [0m[7m  [0m[7m  [0m[49m  [0m[49m  [0m[7m  [0m[49m  [0m[49m  [0m[49m  [0m[49m  [0m[7m  [0m[7m  [0m
[7m  [0m[49m  [0m[49m  [0m[7m  [0m[49m  [0m[49m  [0m[49m  [0m[49m  [0m[49m  [0m[7m  [0m[49m  [0m[49m  [0m[7m  [0m[7m  [0m[7m  [0m[7m  [0m[7m  [0m[7m  [0m[49m  [0m[7m  [0m[49m  [0m[7m  [0m[49m  [0m[49m  [0m[49m  [0m[7m  [0m[7m  [0m
[7m  [0m[49m  [0m[49m  [0m[49m  [0m[7m  [0m[49m  [0m[7m  [0m[7m  [0m[7m  [0m[7m  [0m[7m  [0m[49m  [0m[7m  [0m[49m  [0m[49m  [0m[49m  [0m[49m  [0m[49m  [0m[7m  [0m[49m  [0m[49m  [0m[49m  [0m[49m  [0m[7m  [0m[7m  [0m[7m  [0m[7m  [0m
[7m  [0m[49m  [0m[49m  [0m[7m  [0m[49m  [0m[7m  [0m[7m  [0m[49m  [0m[7m  [0m[7m  [0m[49m  [0m[49m  [0m[7m  [0m[7m  [0m[49m  [0m[49m  [0m[49m  [0m[49m  [0m[7m  [0m[7m  [0m[7m  [0m[7m  [0m[49m  [0m[7m  [0m[7m  [0m[7m  [0m[7m  [0m
[7m  [0m[49m  [0m[7m  [0m[49m  [0m[7m  [0m[7m  [0m[49m  [0m[7m  [0m[7m  [0m[49m  [0m[7m  [0m[49m  [0m[7m  [0m[49m  [0m[49m  [0m[49m  [0m[7m  [0m[7m  [0m[7m  [0m[49m  [0m[49m  [0m[7m  [0m[7m  [0m[49m  [0m[49m  [0m[49m  [0m[7m  [0m
[7m  [0m[49m  [0m[7m  [0m[7m  [0m[7m  [0m[7m  [0m[7m  [0m[49m  [0m[7m  [0m[49m  [0m[7m  [0m[49m  [0m[49m  [0m[49m  [0m[49m  [0m[7m  [0m[49m  [0m[49m  [0m[49m  [0m[49m  [0m[49m  [0m[49m  [0m[7m  [0m[49m  [0m[49m  [0m[49m  [0m[7m  [0m
[7m  [0m[7m  [0m[7m  [0m[7m  [0m[7m  [0m[7m  [0m[7m  [0m[7m  [0m[7m  [0m[49m  [0m[7m  [0m[7m  [0m[49m  [0m[7m  [0m[7m  [0m[7m  [0m[7m  [0m[49m  [0m[7m  [0m[7m  [0m[7m  [0m[49m  [0m[49m  [0m[7m  [0m[7m  [0m[7m  [0m[7m  [0m
[7m  [0m[49m  [0m[49m  [0m[49m  [0m[49m  [0m[49m  [0m[49m  [0m[49m  [0m[7m  [0m[7m  [0m[7m  [0m[49m  [0m[7m  [0m[49m  [0m[49m  [0m[49m  [0m[49m  [0m[49m  [0m[7m  [0m[49m  [0m[7m  [0m[49m  [0m[7m  [0m[49m  [0m[49m  [0m[7m  [0m[7m  [0m
[7m  [0m[49m  [0m[7m  [0m[7m  [0m[7m  [0m[7m  [0m[7m  [0m[49m  [0m[7m  [0m[7m  [0m[7m  [0m[7m  [0m[49m  [0m[7m  [0m[49m  [0m[49m  [0m[49m  [0m[49m  [0m[7m  [0m[7m  [0m[7m  [0m[49m  [0m[49m  [0m[49m  [0m[49m  [0m[7m  [0m[7m  [0m
[7m  [0m[49m  [0m[7m  [0m[49m  [0m[49m  [0m[49m  [0m[7m  [0m[49m  [0m[7m  [0m[49m  [0m[49m  [0m[49m  [0m[49m  [0m[7m  [0m[49m  [0m[7m  [0m[49m  [0m[49m  [0m[49m  [0m[49m  [0m[49m  [0m[49m  [0m[7m  [0m[49m  [0m[49m  [0m[7m  [0m[7m  [0m
[7m  [0m[49m  [0m[7m  [0m[49m  [0m[49m  [0m[49m  [0m[7m  [0m[49m  [0m[7m  [0m[49m  [0m[7m  [0m[49m  [0m[7m  [0m[49m  [0m[49m  [0m[49m  [0m[49m  [0m[7m  [0m[7m  [0m[49m  [0m[7m  [0m[7m  [0m[7m  [0m[49m  [0m[7m  [0m[49m  [0m[7m  [0m
[7m  [0m[49m  [0m[7m  [0m[49m  [0m[49m  [0m[49m  [0m[7m  [0m[49m  [0m[7m  [0m[7m  [0m[49m  [0m[7m  [0m[49m  [0m[7m  [0m[49m  [0m[7m  [0m[49m  [0m[7m  [0m[49m  [0m[49m  [0m[7m  [0m[49m  [0m[7m  [0m[7m  [0m[49m  [0m[49m  [0m[7m  [0m
[7m  [0m[49m  [0m[7m  [0m[7m  [0m[7m  [0m[7m  [0m[7m  [0m[49m  [0m[7m  [0m[49m  [0m[49m  [0m[49m  [0m[49m  [0m[49m  [0m[49m  [0m[7m  [0m[49m  [0m[7m  [0m[7m  [0m[7m  [0m[7m  [0m[49m  [0m[49m  [0m[7m  [0m[49m  [0m[7m  [0m[7m  [0m
[7m  [0m[49m  [0m[49m  [0m[49m  [0m[49m  [0m[49m  [0m[49m  [0m[49m  [0m[7m  [0m[49m  [0m[7m  [0m[7m  [0m[49m  [0m[49m  [0m[49m  [0m[7m  [0m[7m  [0m[7m  [0m[49m  [0m[7m  [0m[49m  [0m[7m  [0m[49m  [0m[49m  [0m[49m  [0m[49m  [0m[7m  [0m
[7m  [0m[7m  [0m[7m  [0m[7m  [0m[7m  [0m[7m  [0m[7m  [0m[7m  [0m[7m  [0m[7m  [0m[7m  [0m[7m  [0m[7m  [0m[7m  [0m[7m  [0m[7m  [0m[7m  [0m[7m  [0m[7m  [0m[7m  [0m[7m  [0m[7m  [0m[7m  [0m[7m  [0m[7m  [0m[7m  [0m[7m  [0m

ba87ce9ad531ab.lhr.life tunneled with tls termination, https://ba87ce9ad531ab.lhr.life
create an account and add your key for a longer lasting domain name. see https://localhost.run/docs/forever-free/ for more information.
Open your tunnel address on your mobile with this QR:

[7m  [0m[7m  [0m[7m  [0m[7m  [0m[7m  [0m[7m  [0m[7m  [0m[7m  [0m[7m  [0m[7m  [0m[7m  [0m[7m  [0m[7m  [0m[7m  [0m[7m  [0m[7m  [0m[7m  [0m[7m  [0m[7m  [0m[7m  [0m[7m  [0m[7m  [0m[7m  [0m[7m  [0m[7m  [0m[7m  [0m[7m  [0m
[7m  [0m[49m  [0m[49m  [0m[49m  [0m[49m  [0m[49m  [0m[49m  [0m[49m  [0m[7m  [0m[49m  [0m[49m  [0m[49m  [0m[49m  [0m[7m  [0m[7m  [0m[7m  [0m[49m  [0m[49m  [0m[7m  [0m[49m  [0m[49m  [0m[49m  [0m[49m  [0m[49m  [0m[49m  [0m[49m  [0m[7m  [0m
[7m  [0m[49m  [0m[7m  [0m[7m  [0m[7m  [0m[7m  [0m[7m  [0m[49m  [0m[7m  [0m[7m  [0m[7m  [0m[7m  [0m[49m  [0m[49m  [0m[49m  [0m[49m  [0m[7m  [0m[49m  [0m[7m  [0m[49m  [0m[7m  [0m[7m  [0m[7m  [0m[7m  [0m[7m  [0m[49m  [0m[7m  [0m
[7m  [0m[49m  [0m[7m  [0m[49m  [0m[49m  [0m[49m  [0m[7m  [0m[49m  [0m[7m  [0m[7m  [0m[49m  [0m[7m  [0m[49m  [0m[7m  [0m[7m  [0m[7m  [0m[7m  [0m[49m  [0m[7m  [0m[49m  [0m[7m  [0m[49m  [0m[49m  [0m[49m  [0m[7m  [0m[49m  [0m[7m  [0m
[7m  [0m[49m  [0m[7m  [0m[49m  [0m[49m  [0m[49m  [0m[7m  [0m[49m  [0m[7m  [0m[7m  [0m[7m  [0m[49m  [0m[49m  [0m[7m  [0m[49m  [0m[7m  [0m[49m  [0m[7m  [0m[7m  [0m[49m  [0m[7m  [0m[49m  [0m[49m  [0m[49m  [0m[7m  [0m[49m  [0m[7m  [0m
[7m  [0m[49m  [0m[7m  [0m[49m  [0m[49m  [0m[49m  [0m[7m  [0m[49m  [0m[7m  [0m[7m  [0m[7m  [0m[49m  [0m[49m  [0m[49m  [0m[49m  [0m[49m  [0m[7m  [0m[7m  [0m[7m  [0m[49m  [0m[7m  [0m[49m  [0m[49m  [0m[49m  [0m[7m  [0m[49m  [0m[7m  [0m
[7m  [0m[49m  [0m[7m  [0m[7m  [0m[7m  [0m[7m  [0m[7m  [0m[49m  [0m[7m  [0m[7m  [0m[49m  [0m[7m  [0m[49m  [0m[7m  [0m[49m  [0m[49m  [0m[49m  [0m[7m  [0m[7m  [0m[49m  [0m[7m  [0m[7m  [0m[7m  [0m[7m  [0m[7m  [0m[49m  [0m[7m  [0m
[7m  [0m[49m  [0m[49m  [0m[49m  [0m[49m  [0m[49m  [0m[49m  [0m[49m  [0m[7m  [0m[49m  [0m[7m  [0m[49m  [0m[7m  [0m[49m  [0m[7m  [0m[49m  [0m[7m  [0m[49m  [0m[7m  [0m[49m  [0m[49m  [0m[49m  [0m[49m  [0m[49m  [0m[49m  [0m[49m  [0m[7m  [0m
[7m  [0m[7m  [0m[7m  [0m[7m  [0m[7m  [0m[7m  [0m[7m  [0m[7m  [0m[7m  [0m[49m  [0m[49m  [0m[7m  [0m[7m  [0m[49m  [0m[7m  [0m[49m  [0m[49m  [0m[7m  [0m[7m  [0m[7m  [0m[7m  [0m[7m  [0m[7m  [0m[7m  [0m[7m  [0m[7m  [0m[7m  [0m
[7m  [0m[49m  [0m[49m  [0m[7m  [0m[49m  [0m[49m  [0m[7m  [0m[49m  [0m[7m  [0m[7m  [0m[49m  [0m[7m  [0m[7m  [0m[49m  [0m[7m  [0m[49m  [0m[7m  [0m[7m  [0m[7m  [0m[49m  [0m[7m  [0m[7m  [0m[7m  [0m[7m  [0m[7m  [0m[49m  [0m[7m  [0m
[7m  [0m[49m  [0m[7m  [0m[7m  [0m[49m  [0m[49m  [0m[7m  [0m[7m  [0m[49m  [0m[7m  [0m[7m  [0m[49m  [0m[7m  [0m[7m  [0m[49m  [0m[49m  [0m[49m  [0m[7m  [0m[7m  [0m[7m  [0m[7m  [0m[7m  [0m[49m  [0m[49m  [0m[7m  [0m[7m  [0m[7m  [0m
[7m  [0m[7m  [0m[7m  [0m[49m  [0m[49m  [0m[7m  [0m[49m  [0m[49m  [0m[7m  [0m[49m  [0m[49m  [0m[7m  [0m[7m  [0m[49m  [0m[7m  [0m[7m  [0m[49m  [0m[49m  [0m[49m  [0m[7m  [0m[7m  [0m[49m  [0m[7m  [0m[7m  [0m[7m  [0m[49m  [0m[7m  [0m
[7m  [0m[7m  [0m[7m  [0m[7m  [0m[49m  [0m[49m  [0m[7m  [0m[7m  [0m[49m  [0m[49m  [0m[7m  [0m[7m  [0m[7m  [0m[7m  [0m[49m  [0m[7m  [0m[49m  [0m[49m  [0m[49m  [0m[49m  [0m[7m  [0m[49m  [0m[49m  [0m[49m  [0m[49m  [0m[7m  [0m[7m  [0m
[7m  [0m[49m  [0m[7m  [0m[7m  [0m[49m  [0m[7m  [0m[7m  [0m[49m  [0m[49m  [0m[49m  [0m[49m  [0m[49m  [0m[7m  [0m[7m  [0m[7m  [0m[7m  [0m[49m  [0m[7m  [0m[7m  [0m[7m  [0m[49m  [0m[7m  [0m[49m  [0m[49m  [0m[49m  [0m[7m  [0m[7m  [0m
[7m  [0m[49m  [0m[49m  [0m[49m  [0m[7m  [0m[49m  [0m[49m  [0m[7m  [0m[7m  [0m[49m  [0m[49m  [0m[49m  [0m[7m  [0m[49m  [0m[49m  [0m[49m  [0m[49m  [0m[49m  [0m[7m  [0m[49m  [0m[7m  [0m[7m  [0m[49m  [0m[7m  [0m[7m  [0m[7m  [0m[7m  [0m
[7m  [0m[49m  [0m[49m  [0m[7m  [0m[49m  [0m[7m  [0m[49m  [0m[49m  [0m[49m  [0m[49m  [0m[7m  [0m[49m  [0m[7m  [0m[7m  [0m[49m  [0m[49m  [0m[49m  [0m[49m  [0m[49m  [0m[7m  [0m[7m  [0m[7m  [0m[49m  [0m[7m  [0m[7m  [0m[7m  [0m[7m  [0m
[7m  [0m[49m  [0m[7m  [0m[7m  [0m[7m  [0m[49m  [0m[49m  [0m[7m  [0m[7m  [0m[49m  [0m[49m  [0m[7m  [0m[7m  [0m[49m  [0m[49m  [0m[49m  [0m[7m  [0m[49m  [0m[49m  [0m[7m  [0m[49m  [0m[7m  [0m[7m  [0m[49m  [0m[49m  [0m[49m  [0m[7m  [0m
[7m  [0m[49m  [0m[7m  [0m[49m  [0m[49m  [0m[7m  [0m[49m  [0m[49m  [0m[49m  [0m[7m  [0m[49m  [0m[7m  [0m[49m  [0m[49m  [0m[49m  [0m[7m  [0m[49m  [0m[49m  [0m[49m  [0m[49m  [0m[49m  [0m[49m  [0m[7m  [0m[49m  [0m[49m  [0m[49m  [0m[7m  [0m
[7m  [0m[7m  [0m[7m  [0m[7m  [0m[7m  [0m[7m  [0m[7m  [0m[7m  [0m[7m  [0m[49m  [0m[7m  [0m[7m  [0m[49m  [0m[7m  [0m[7m  [0m[7m  [0m[49m  [0m[49m  [0m[7m  [0m[7m  [0m[7m  [0m[49m  [0m[49m  [0m[7m  [0m[7m  [0m[7m  [0m[7m  [0m
[7m  [0m[49m  [0m[49m  [0m[49m  [0m[49m  [0m[49m  [0m[49m  [0m[49m  [0m[7m  [0m[7m  [0m[7m  [0m[49m  [0m[7m  [0m[49m  [0m[49m  [0m[49m  [0m[49m  [0m[49m  [0m[7m  [0m[49m  [0m[7m  [0m[49m  [0m[7m  [0m[49m  [0m[49m  [0m[7m  [0m[7m  [0m
[7m  [0m[49m  [0m[7m  [0m[7m  [0m[7m  [0m[7m  [0m[7m  [0m[49m  [0m[7m  [0m[7m  [0m[49m  [0m[7m  [0m[49m  [0m[7m  [0m[49m  [0m[49m  [0m[7m  [0m[49m  [0m[7m  [0m[7m  [0m[7m  [0m[49m  [0m[49m  [0m[49m  [0m[49m  [0m[7m  [0m[7m  [0m
[7m  [0m[49m  [0m[7m  [0m[49m  [0m[49m  [0m[49m  [0m[7m  [0m[49m  [0m[7m  [0m[49m  [0m[49m  [0m[49m  [0m[49m  [0m[7m  [0m[49m  [0m[7m  [0m[49m  [0m[49m  [0m[49m  [0m[49m  [0m[49m  [0m[49m  [0m[7m  [0m[49m  [0m[49m  [0m[7m  [0m[7m  [0m
[7m  [0m[49m  [0m[7m  [0m[49m  [0m[49m  [0m[49m  [0m[7m  [0m[49m  [0m[7m  [0m[49m  [0m[7m  [0m[7m  [0m[7m  [0m[49m  [0m[49m  [0m[49m  [0m[49m  [0m[49m  [0m[7m  [0m[7m  [0m[7m  [0m[7m  [0m[7m  [0m[49m  [0m[7m  [0m[49m  [0m[7m  [0m
[7m  [0m[49m  [0m[7m  [0m[49m  [0m[49m  [0m[49m  [0m[7m  [0m[49m  [0m[7m  [0m[7m  [0m[49m  [0m[7m  [0m[49m  [0m[7m  [0m[49m  [0m[7m  [0m[49m  [0m[7m  [0m[49m  [0m[7m  [0m[7m  [0m[49m  [0m[7m  [0m[7m  [0m[49m  [0m[49m  [0m[7m  [0m
[7m  [0m[49m  [0m[7m  [0m[7m  [0m[7m  [0m[7m  [0m[7m  [0m[49m  [0m[7m  [0m[49m  [0m[7m  [0m[7m  [0m[49m  [0m[49m  [0m[49m  [0m[7m  [0m[7m  [0m[7m  [0m[7m  [0m[49m  [0m[49m  [0m[7m  [0m[49m  [0m[7m  [0m[49m  [0m[7m  [0m[7m  [0m
[7m  [0m[49m  [0m[49m  [0m[49m  [0m[49m  [0m[49m  [0m[49m  [0m[49m  [0m[7m  [0m[49m  [0m[7m  [0m[49m  [0m[49m  [0m[49m  [0m[49m  [0m[7m  [0m[7m  [0m[7m  [0m[49m  [0m[49m  [0m[49m  [0m[7m  [0m[7m  [0m[7m  [0m[49m  [0m[49m  [0m[7m  [0m
[7m  [0m[7m  [0m[7m  [0m[7m  [0m[7m  [0m[7m  [0m[7m  [0m[7m  [0m[7m  [0m[7m  [0m[7m  [0m[7m  [0m[7m  [0m[7m  [0m[7m  [0m[7m  [0m[7m  [0m[7m  [0m[7m  [0m[7m  [0m[7m  [0m[7m  [0m[7m  [0m[7m  [0m[7m  [0m[7m  [0m[7m  [0m

16d5f84025f41d.lhr.life tunneled with tls termination, https://16d5f84025f41d.lhr.life
create an account and add your key for a longer lasting domain name. see https://localhost.run/docs/forever-free/ for more information.
Open your tunnel address on your mobile with this QR:

[7m  [0m[7m  [0m[7m  [0m[7m  [0m[7m  [0m[7m  [0m[7m  [0m[7m  [0m[7m  [0m[7m  [0m[7m  [0m[7m  [0m[7m  [0m[7m  [0m[7m  [0m[7m  [0m[7m  [0m[7m  [0m[7m  [0m[7m  [0m[7m  [0m[7m  [0m[7m  [0m[7m  [0m[7m  [0m[7m  [0m[7m  [0m
[7m  [0m[49m  [0m[49m  [0m[49m  [0m[49m  [0m[49m  [0m[49m  [0m[49m  [0m[7m  [0m[49m  [0m[7m  [0m[7m  [0m[7m  [0m[7m  [0m[7m  [0m[7m  [0m[7m  [0m[7m  [0m[7m  [0m[49m  [0m[49m  [0m[49m  [0m[49m  [0m[49m  [0m[49m  [0m[49m  [0m[7m  [0m
[7m  [0m[49m  [0m[7m  [0m[7m  [0m[7m  [0m[7m  [0m[7m  [0m[49m  [0m[7m  [0m[49m  [0m[7m  [0m[7m  [0m[49m  [0m[49m  [0m[49m  [0m[49m  [0m[7m  [0m[49m  [0m[7m  [0m[49m  [0m[7m  [0m[7m  [0m[7m  [0m[7m  [0m[7m  [0m[49m  [0m[7m  [0m
[7m  [0m[49m  [0m[7m  [0m[49m  [0m[49m  [0m[49m  [0m[7m  [0m[49m  [0m[7m  [0m[49m  [0m[49m  [0m[7m  [0m[7m  [0m[49m  [0m[49m  [0m[7m  [0m[7m  [0m[49m  [0m[7m  [0m[49m  [0m[7m  [0m[49m  [0m[49m  [0m[49m  [0m[7m  [0m[49m  [0m[7m  [0m
[7m  [0m[49m  [0m[7m  [0m[49m  [0m[49m  [0m[49m  [0m[7m  [0m[49m  [0m[7m  [0m[49m  [0m[49m  [0m[49m  [0m[7m  [0m[49m  [0m[49m  [0m[49m  [0m[7m  [0m[7m  [0m[7m  [0m[49m  [0m[7m  [0m[49m  [0m[49m  [0m[49m  [0m[7m  [0m[49m  [0m[7m  [0m
[7m  [0m[49m  [0m[7m  [0m[49m  [0m[49m  [0m[49m  [0m[7m  [0m[49m  [0m[7m  [0m[7m  [0m[49m  [0m[49m  [0m[7m  [0m[49m  [0m[7m  [0m[49m  [0m[49m  [0m[7m  [0m[7m  [0m[49m  [0m[7m  [0m[49m  [0m[49m  [0m[49m  [0m[7m  [0m[49m  [0m[7m  [0m
[7m  [0m[49m  [0m[7m  [0m[7m  [0m[7m  [0m[7m  [0m[7m  [0m[49m  [0m[7m  [0m[49m  [0m[49m  [0m[49m  [0m[7m  [0m[7m  [0m[7m  [0m[7m  [0m[49m  [0m[49m  [0m[7m  [0m[49m  [0m[7m  [0m[7m  [0m[7m  [0m[7m  [0m[7m  [0m[49m  [0m[7m  [0m
[7m  [0m[49m  [0m[49m  [0m[49m  [0m[49m  [0m[49m  [0m[49m  [0m[49m  [0m[7m  [0m[49m  [0m[7m  [0m[49m  [0m[7m  [0m[49m  [0m[7m  [0m[49m  [0m[7m  [0m[49m  [0m[7m  [0m[49m  [0m[49m  [0m[49m  [0m[49m  [0m[49m  [0m[49m  [0m[49m  [0m[7m  [0m
[7m  [0m[7m  [0m[7m  [0m[7m  [0m[7m  [0m[7m  [0m[7m  [0m[7m  [0m[7m  [0m[7m  [0m[7m  [0m[49m  [0m[49m  [0m[7m  [0m[49m  [0m[7m  [0m[7m  [0m[49m  [0m[7m  [0m[7m  [0m[7m  [0m[7m  [0m[7m  [0m[7m  [0m[7m  [0m[7m  [0m[7m  [0m
[7m  [0m[49m  [0m[49m  [0m[7m  [0m[7m  [0m[49m  [0m[49m  [0m[49m  [0m[7m  [0m[7m  [0m[7m  [0m[49m  [0m[7m  [0m[49m  [0m[7m  [0m[7m  [0m[49m  [0m[49m  [0m[7m  [0m[7m  [0m[49m  [0m[7m  [0m[49m  [0m[49m  [0m[49m  [0m[49m  [0m[7m  [0m
[7m  [0m[7m  [0m[49m  [0m[49m  [0m[7m  [0m[7m  [0m[7m  [0m[7m  [0m[49m  [0m[7m  [0m[7m  [0m[7m  [0m[7m  [0m[7m  [0m[7m  [0m[49m  [0m[49m  [0m[7m  [0m[7m  [0m[7m  [0m[49m  [0m[7m  [0m[49m  [0m[7m  [0m[7m  [0m[7m  [0m[7m  [0m
[7m  [0m[49m  [0m[7m  [0m[49m  [0m[49m  [0m[49m  [0m[7m  [0m[49m  [0m[7m  [0m[7m  [0m[49m  [0m[49m  [0m[7m  [0m[7m  [0m[7m  [0m[49m  [0m[7m  [0m[49m  [0m[7m  [0m[49m  [0m[7m  [0m[49m  [0m[7m  [0m[49m  [0m[7m  [0m[7m  [0m[7m  [0m
[7m  [0m[7m  [0m[49m  [0m[7m  [0m[7m  [0m[49m  [0m[49m  [0m[7m  [0m[49m  [0m[7m  [0m[49m  [0m[7m  [0m[7m  [0m[49m  [0m[49m  [0m[7m  [0m[7m  [0m[7m  [0m[49m  [0m[7m  [0m[7m  [0m[49m  [0m[7m  [0m[49m  [0m[49m  [0m[49m  [0m[7m  [0m
[7m  [0m[49m  [0m[7m  [0m[7m  [0m[7m  [0m[7m  [0m[7m  [0m[49m  [0m[49m  [0m[49m  [0m[7m  [0m[7m  [0m[49m  [0m[7m  [0m[7m  [0m[7m  [0m[49m  [0m[7m  [0m[49m  [0m[49m  [0m[49m  [0m[49m  [0m[7m  [0m[7m  [0m[7m  [0m[7m  [0m[7m  [0m
[7m  [0m[49m  [0m[7m  [0m[49m  [0m[49m  [0m[49m  [0m[49m  [0m[7m  [0m[7m  [0m[49m  [0m[7m  [0m[49m  [0m[7m  [0m[49m  [0m[49m  [0m[49m  [0m[7m  [0m[7m  [0m[49m  [0m[49m  [0m[7m  [0m[7m  [0m[49m  [0m[7m  [0m[7m  [0m[7m  [0m[7m  [0m
[7m  [0m[7m  [0m[7m  [0m[49m  [0m[49m  [0m[7m  [0m[49m  [0m[49m  [0m[49m  [0m[49m  [0m[49m  [0m[7m  [0m[49m  [0m[49m  [0m[7m  [0m[49m  [0m[49m  [0m[49m  [0m[49m  [0m[49m  [0m[49m  [0m[7m  [0m[49m  [0m[7m  [0m[49m  [0m[49m  [0m[7m  [0m
[7m  [0m[7m  [0m[7m  [0m[49m  [0m[7m  [0m[49m  [0m[7m  [0m[7m  [0m[49m  [0m[7m  [0m[49m  [0m[7m  [0m[49m  [0m[7m  [0m[49m  [0m[7m  [0m[7m  [0m[7m  [0m[49m  [0m[49m  [0m[7m  [0m[49m  [0m[49m  [0m[49m  [0m[7m  [0m[7m  [0m[7m  [0m
[7m  [0m[49m  [0m[49m  [0m[49m  [0m[7m  [0m[7m  [0m[7m  [0m[49m  [0m[49m  [0m[7m  [0m[49m  [0m[7m  [0m[7m  [0m[49m  [0m[7m  [0m[7m  [0m[49m  [0m[49m  [0m[49m  [0m[49m  [0m[49m  [0m[49m  [0m[49m  [0m[49m  [0m[7m  [0m[49m  [0m[7m  [0m
[7m  [0m[7m  [0m[7m  [0m[7m  [0m[7m  [0m[7m  [0m[7m  [0m[7m  [0m[7m  [0m[49m  [0m[7m  [0m[49m  [0m[7m  [0m[7m  [0m[49m  [0m[49m  [0m[7m  [0m[49m  [0m[7m  [0m[7m  [0m[7m  [0m[49m  [0m[49m  [0m[49m  [0m[49m  [0m[7m  [0m[7m  [0m
[7m  [0m[49m  [0m[49m  [0m[49m  [0m[49m  [0m[49m  [0m[49m  [0m[49m  [0m[7m  [0m[7m  [0m[7m  [0m[7m  [0m[7m  [0m[7m  [0m[7m  [0m[7m  [0m[49m  [0m[49m  [0m[7m  [0m[49m  [0m[7m  [0m[49m  [0m[7m  [0m[49m  [0m[49m  [0m[49m  [0m[7m  [0m
[7m  [0m[49m  [0m[7m  [0m[7m  [0m[7m  [0m[7m  [0m[7m  [0m[49m  [0m[7m  [0m[49m  [0m[49m  [0m[7m  [0m[7m  [0m[49m  [0m[7m  [0m[7m  [0m[7m  [0m[49m  [0m[7m  [0m[7m  [0m[7m  [0m[49m  [0m[7m  [0m[7m  [0m[7m  [0m[49m  [0m[7m  [0m
[7m  [0m[49m  [0m[7m  [0m[49m  [0m[49m  [0m[49m  [0m[7m  [0m[49m  [0m[7m  [0m[49m  [0m[49m  [0m[7m  [0m[49m  [0m[7m  [0m[49m  [0m[49m  [0m[7m  [0m[49m  [0m[49m  [0m[49m  [0m[49m  [0m[49m  [0m[49m  [0m[7m  [0m[49m  [0m[7m  [0m[7m  [0m
[7m  [0m[49m  [0m[7m  [0m[49m  [0m[49m  [0m[49m  [0m[7m  [0m[49m  [0m[7m  [0m[7m  [0m[7m  [0m[7m  [0m[7m  [0m[49m  [0m[7m  [0m[49m  [0m[49m  [0m[7m  [0m[7m  [0m[49m  [0m[49m  [0m[49m  [0m[7m  [0m[7m  [0m[7m  [0m[49m  [0m[7m  [0m
[7m  [0m[49m  [0m[7m  [0m[49m  [0m[49m  [0m[49m  [0m[7m  [0m[49m  [0m[7m  [0m[7m  [0m[7m  [0m[49m  [0m[49m  [0m[49m  [0m[49m  [0m[49m  [0m[7m  [0m[49m  [0m[49m  [0m[7m  [0m[49m  [0m[7m  [0m[49m  [0m[49m  [0m[49m  [0m[7m  [0m[7m  [0m
[7m  [0m[49m  [0m[7m  [0m[7m  [0m[7m  [0m[7m  [0m[7m  [0m[49m  [0m[7m  [0m[49m  [0m[49m  [0m[49m  [0m[49m  [0m[7m  [0m[49m  [0m[7m  [0m[7m  [0m[7m  [0m[7m  [0m[7m  [0m[49m  [0m[49m  [0m[49m  [0m[49m  [0m[49m  [0m[49m  [0m[7m  [0m
[7m  [0m[49m  [0m[49m  [0m[49m  [0m[49m  [0m[49m  [0m[49m  [0m[49m  [0m[7m  [0m[49m  [0m[7m  [0m[7m  [0m[7m  [0m[49m  [0m[49m  [0m[7m  [0m[49m  [0m[49m  [0m[49m  [0m[49m  [0m[49m  [0m[49m  [0m[49m  [0m[49m  [0m[7m  [0m[49m  [0m[7m  [0m
[7m  [0m[7m  [0m[7m  [0m[7m  [0m[7m  [0m[7m  [0m[7m  [0m[7m  [0m[7m  [0m[7m  [0m[7m  [0m[7m  [0m[7m  [0m[7m  [0m[7m  [0m[7m  [0m[7m  [0m[7m  [0m[7m  [0m[7m  [0m[7m  [0m[7m  [0m[7m  [0m[7m  [0m[7m  [0m[7m  [0m[7m  [0m

bbacdbb3e84785.lhr.life tunneled with tls termination, https://bbacdbb3e84785.lhr.life
create an account and add your key for a longer lasting domain name. see https://localhost.run/docs/forever-free/ for more information.
Open your tunnel address on your mobile with this QR:

[7m  [0m[7m  [0m[7m  [0m[7m  [0m[7m  [0m[7m  [0m[7m  [0m[7m  [0m[7m  [0m[7m  [0m[7m  [0m[7m  [0m[7m  [0m[7m  [0m[7m  [0m[7m  [0m[7m  [0m[7m  [0m[7m  [0m[7m  [0m[7m  [0m[7m  [0m[7m  [0m[7m  [0m[7m  [0m[7m  [0m[7m  [0m
[7m  [0m[49m  [0m[49m  [0m[49m  [0m[49m  [0m[49m  [0m[49m  [0m[49m  [0m[7m  [0m[7m  [0m[7m  [0m[49m  [0m[7m  [0m[7m  [0m[49m  [0m[7m  [0m[7m  [0m[49m  [0m[7m  [0m[49m  [0m[49m  [0m[49m  [0m[49m  [0m[49m  [0m[49m  [0m[49m  [0m[7m  [0m
[7m  [0m[49m  [0m[7m  [0m[7m  [0m[7m  [0m[7m  [0m[7m  [0m[49m  [0m[7m  [0m[7m  [0m[49m  [0m[7m  [0m[7m  [0m[7m  [0m[49m  [0m[7m  [0m[49m  [0m[49m  [0m[7m  [0m[49m  [0m[7m  [0m[7m  [0m[7m  [0m[7m  [0m[7m  [0m[49m  [0m[7m  [0m
[7m  [0m[49m  [0m[7m  [0m[49m  [0m[49m  [0m[49m  [0m[7m  [0m[49m  [0m[7m  [0m[49m  [0m[7m  [0m[7m  [0m[49m  [0m[7m  [0m[49m  [0m[49m  [0m[49m  [0m[49m  [0m[7m  [0m[49m  [0m[7m  [0m[49m  [0m[49m  [0m[49m  [0m[7m  [0m[49m  [0m[7m  [0m
[7m  [0m[49m  [0m[7m  [0m[49m  [0m[49m  [0m[49m  [0m[7m  [0m[49m  [0m[7m  [0m[7m  [0m[49m  [0m[7m  [0m[7m  [0m[49m  [0m[7m  [0m[49m  [0m[7m  [0m[49m  [0m[7m  [0m[49m  [0m[7m  [0m[49m  [0m[49m  [0m[49m  [0m[7m  [0m[49m  [0m[7m  [0m
[7m  [0m[49m  [0m[7m  [0m[49m  [0m[49m  [0m[49m  [0m[7m  [0m[49m  [0m[7m  [0m[7m  [0m[49m  [0m[7m  [0m[7m  [0m[49m  [0m[49m  [0m[49m  [0m[49m  [0m[49m  [0m[7m  [0m[49m  [0m[7m  [0m[49m  [0m[49m  [0m[49m  [0m[7m  [0m[49m  [0m[7m  [0m
[7m  [0m[49m  [0m[7m  [0m[7m  [0m[7m  [0m[7m  [0m[7m  [0m[49m  [0m[7m  [0m[7m  [0m[7m  [0m[49m  [0m[49m  [0m[49m  [0m[7m  [0m[49m  [0m[7m  [0m[49m  [0m[7m  [0m[49m  [0m[7m  [0m[7m  [0m[7m  [0m[7m  [0m[7m  [0m[49m  [0m[7m  [0m
[7m  [0m[49m  [0m[49m  [0m[49m  [0m[49m  [0m[49m  [0m[49m  [0m[49m  [0m[7m  [0m[49m  [0m[7m  [0m[49m  [0m[7m  [0m[49m  [0m[7m  [0m[49m  [0m[7m  [0m[49m  [0m[7m  [0m[49m  [0m[49m  [0m[49m  [0m[49m  [0m[49m  [0m[49m  [0m[49m  [0m[7m  [0m
[7m  [0m[7m  [0m[7m  [0m[7m  [0m[7m  [0m[7m  [0m[7m  [0m[7m  [0m[7m  [0m[49m  [0m[7m  [0m[7m  [0m[49m  [0m[7m  [0m[7m  [0m[7m  [0m[7m  [0m[7m  [0m[7m  [0m[7m  [0m[7m  [0m[7m  [0m[7m  [0m[7m  [0m[7m  [0m[7m  [0m[7m  [0m
[7m  [0m[49m  [0m[49m  [0m[49m  [0m[7m  [0m[49m  [0m[49m  [0m[49m  [0m[49m  [0m[49m  [0m[7m  [0m[7m  [0m[7m  [0m[49m  [0m[49m  [0m[7m  [0m[49m  [0m[7m  [0m[49m  [0m[49m  [0m[7m  [0m[7m  [0m[7m  [0m[49m  [0m[7m  [0m[7m  [0m[7m  [0m
[7m  [0m[7m  [0m[49m  [0m[7m  [0m[49m  [0m[49m  [0m[7m  [0m[7m  [0m[7m  [0m[49m  [0m[49m  [0m[7m  [0m[49m  [0m[49m  [0m[7m  [0m[7m  [0m[7m  [0m[49m  [0m[7m  [0m[7m  [0m[7m  [0m[7m  [0m[7m  [0m[7m  [0m[49m  [0m[49m  [0m[7m  [0m
[7m  [0m[49m  [0m[49m  [0m[7m  [0m[49m  [0m[7m  [0m[49m  [0m[49m  [0m[49m  [0m[49m  [0m[7m  [0m[49m  [0m[49m  [0m[49m  [0m[7m  [0m[7m  [0m[7m  [0m[7m  [0m[7m  [0m[49m  [0m[49m  [0m[49m  [0m[49m  [0m[49m  [0m[49m  [0m[49m  [0m[7m  [0m
[7m  [0m[7m  [0m[49m  [0m[7m  [0m[7m  [0m[49m  [0m[49m  [0m[7m  [0m[7m  [0m[7m  [0m[49m  [0m[49m  [0m[7m  [0m[49m  [0m[7m  [0m[7m  [0m[7m  [0m[7m  [0m[49m  [0m[7m  [0m[49m  [0m[49m  [0m[7m  [0m[7m  [0m[49m  [0m[49m  [0m[7m  [0m
[7m  [0m[49m  [0m[49m  [0m[7m  [0m[49m  [0m[7m  [0m[49m  [0m[49m  [0m[7m  [0m[7m  [0m[7m  [0m[49m  [0m[49m  [0m[7m  [0m[49m  [0m[7m  [0m[49m  [0m[7m  [0m[49m  [0m[7m  [0m[7m  [0m[49m  [0m[7m  [0m[49m  [0m[7m  [0m[7m  [0m[7m  [0m
[7m  [0m[7m  [0m[7m  [0m[49m  [0m[7m  [0m[49m  [0m[7m  [0m[7m  [0m[49m  [0m[49m  [0m[7m  [0m[49m  [0m[49m  [0m[7m  [0m[49m  [0m[7m  [0m[49m  [0m[49m  [0m[7m  [0m[49m  [0m[7m  [0m[49m  [0m[7m  [0m[7m  [0m[49m  [0m[49m  [0m[7m  [0m
[7m  [0m[49m  [0m[7m  [0m[49m  [0m[7m  [0m[7m  [0m[7m  [0m[49m  [0m[49m  [0m[49m  [0m[7m  [0m[7m  [0m[7m  [0m[7m  [0m[7m  [0m[7m  [0m[7m  [0m[49m  [0m[7m  [0m[7m  [0m[49m  [0m[49m  [0m[7m  [0m[7m  [0m[7m  [0m[7m  [0m[7m  [0m
[7m  [0m[7m  [0m[49m  [0m[7m  [0m[49m  [0m[7m  [0m[49m  [0m[7m  [0m[49m  [0m[7m  [0m[49m  [0m[49m  [0m[49m  [0m[7m  [0m[7m  [0m[7m  [0m[7m  [0m[49m  [0m[7m  [0m[7m  [0m[49m  [0m[49m  [0m[49m  [0m[7m  [0m[7m  [0m[7m  [0m[7m  [0m
[7m  [0m[49m  [0m[7m  [0m[7m  [0m[7m  [0m[49m  [0m[49m  [0m[49m  [0m[7m  [0m[7m  [0m[49m  [0m[7m  [0m[7m  [0m[49m  [0m[49m  [0m[7m  [0m[7m  [0m[49m  [0m[49m  [0m[49m  [0m[49m  [0m[49m  [0m[49m  [0m[7m  [0m[7m  [0m[49m  [0m[7m  [0m
[7m  [0m[7m  [0m[7m  [0m[7m  [0m[7m  [0m[7m  [0m[7m  [0m[7m  [0m[7m  [0m[49m  [0m[7m  [0m[49m  [0m[49m  [0m[49m  [0m[49m  [0m[7m  [0m[7m  [0m[49m  [0m[7m  [0m[7m  [0m[7m  [0m[49m  [0m[7m  [0m[49m  [0m[7m  [0m[49m  [0m[7m  [0m
[7m  [0m[49m  [0m[49m  [0m[49m  [0m[49m  [0m[49m  [0m[49m  [0m[49m  [0m[7m  [0m[49m  [0m[7m  [0m[7m  [0m[49m  [0m[49m  [0m[7m  [0m[49m  [0m[49m  [0m[49m  [0m[7m  [0m[49m  [0m[7m  [0m[49m  [0m[49m  [0m[49m  [0m[7m  [0m[7m  [0m[7m  [0m
[7m  [0m[49m  [0m[7m  [0m[7m  [0m[7m  [0m[7m  [0m[7m  [0m[49m  [0m[7m  [0m[49m  [0m[49m  [0m[49m  [0m[7m  [0m[49m  [0m[49m  [0m[7m  [0m[7m  [0m[49m  [0m[7m  [0m[7m  [0m[7m  [0m[49m  [0m[7m  [0m[49m  [0m[7m  [0m[49m  [0m[7m  [0m
[7m  [0m[49m  [0m[7m  [0m[49m  [0m[49m  [0m[49m  [0m[7m  [0m[49m  [0m[7m  [0m[49m  [0m[7m  [0m[49m  [0m[49m  [0m[7m  [0m[7m  [0m[49m  [0m[7m  [0m[49m  [0m[49m  [0m[49m  [0m[49m  [0m[49m  [0m[49m  [0m[49m  [0m[49m  [0m[7m  [0m[7m  [0m
[7m  [0m[49m  [0m[7m  [0m[49m  [0m[49m  [0m[49m  [0m[7m  [0m[49m  [0m[7m  [0m[7m  [0m[49m  [0m[7m  [0m[49m  [0m[7m  [0m[7m  [0m[7m  [0m[7m  [0m[7m  [0m[49m  [0m[7m  [0m[7m  [0m[49m  [0m[49m  [0m[7m  [0m[49m  [0m[7m  [0m[7m  [0m
[7m  [0m[49m  [0m[7m  [0m[49m  [0m[49m  [0m[49m  [0m[7m  [0m[49m  [0m[7m  [0m[49m  [0m[49m  [0m[7m  [0m[7m  [0m[7m  [0m[49m  [0m[7m  [0m[7m  [0m[49m  [0m[7m  [0m[7m  [0m[7m  [0m[49m  [0m[49m  [0m[49m  [0m[7m  [0m[49m  [0m[7m  [0m
[7m  [0m[49m  [0m[7m  [0m[7m  [0m[7m  [0m[7m  [0m[7m  [0m[49m  [0m[7m  [0m[49m  [0m[7m  [0m[49m  [0m[49m  [0m[7m  [0m[7m  [0m[7m  [0m[49m  [0m[49m  [0m[7m  [0m[7m  [0m[49m  [0m[49m  [0m[7m  [0m[49m  [0m[49m  [0m[49m  [0m[7m  [0m
[7m  [0m[49m  [0m[49m  [0m[49m  [0m[49m  [0m[49m  [0m[49m  [0m[49m  [0m[7m  [0m[49m  [0m[7m  [0m[7m  [0m[7m  [0m[49m  [0m[7m  [0m[7m  [0m[49m  [0m[7m  [0m[49m  [0m[7m  [0m[7m  [0m[7m  [0m[49m  [0m[7m  [0m[7m  [0m[49m  [0m[7m  [0m
[7m  [0m[7m  [0m[7m  [0m[7m  [0m[7m  [0m[7m  [0m[7m  [0m[7m  [0m[7m  [0m[7m  [0m[7m  [0m[7m  [0m[7m  [0m[7m  [0m[7m  [0m[7m  [0m[7m  [0m[7m  [0m[7m  [0m[7m  [0m[7m  [0m[7m  [0m[7m  [0m[7m  [0m[7m  [0m[7m  [0m[7m  [0m

43cbf5fded37f9.lhr.life tunneled with tls termination, https://43cbf5fded37f9.lhr.life
create an account and add your key for a longer lasting domain name. see https://localhost.run/docs/forever-free/ for more information.
Open your tunnel address on your mobile with this QR:

[7m  [0m[7m  [0m[7m  [0m[7m  [0m[7m  [0m[7m  [0m[7m  [0m[7m  [0m[7m  [0m[7m  [0m[7m  [0m[7m  [0m[7m  [0m[7m  [0m[7m  [0m[7m  [0m[7m  [0m[7m  [0m[7m  [0m[7m  [0m[7m  [0m[7m  [0m[7m  [0m[7m  [0m[7m  [0m[7m  [0m[7m  [0m
[7m  [0m[49m  [0m[49m  [0m[49m  [0m[49m  [0m[49m  [0m[49m  [0m[49m  [0m[7m  [0m[7m  [0m[7m  [0m[49m  [0m[7m  [0m[7m  [0m[49m  [0m[7m  [0m[7m  [0m[49m  [0m[7m  [0m[49m  [0m[49m  [0m[49m  [0m[49m  [0m[49m  [0m[49m  [0m[49m  [0m[7m  [0m
[7m  [0m[49m  [0m[7m  [0m[7m  [0m[7m  [0m[7m  [0m[7m  [0m[49m  [0m[7m  [0m[49m  [0m[49m  [0m[49m  [0m[7m  [0m[7m  [0m[7m  [0m[7m  [0m[49m  [0m[7m  [0m[7m  [0m[49m  [0m[7m  [0m[7m  [0m[7m  [0m[7m  [0m[7m  [0m[49m  [0m[7m  [0m
[7m  [0m[49m  [0m[7m  [0m[49m  [0m[49m  [0m[49m  [0m[7m  [0m[49m  [0m[7m  [0m[49m  [0m[7m  [0m[7m  [0m[7m  [0m[7m  [0m[49m  [0m[7m  [0m[49m  [0m[49m  [0m[7m  [0m[49m  [0m[7m  [0m[49m  [0m[49m  [0m[49m  [0m[7m  [0m[49m  [0m[7m  [0m
[7m  [0m[49m  [0m[7m  [0m[49m  [0m[49m  [0m[49m  [0m[7m  [0m[49m  [0m[7m  [0m[7m  [0m[49m  [0m[7m  [0m[7m  [0m[49m  [0m[7m  [0m[49m  [0m[7m  [0m[49m  [0m[7m  [0m[49m  [0m[7m  [0m[49m  [0m[49m  [0m[49m  [0m[7m  [0m[49m  [0m[7m  [0m
[7m  [0m[49m  [0m[7m  [0m[49m  [0m[49m  [0m[49m  [0m[7m  [0m[49m  [0m[7m  [0m[49m  [0m[49m  [0m[49m  [0m[7m  [0m[49m  [0m[7m  [0m[49m  [0m[49m  [0m[7m  [0m[7m  [0m[49m  [0m[7m  [0m[49m  [0m[49m  [0m[49m  [0m[7m  [0m[49m  [0m[7m  [0m
[7m  [0m[49m  [0m[7m  [0m[7m  [0m[7m  [0m[7m  [0m[7m  [0m[49m  [0m[7m  [0m[49m  [0m[7m  [0m[49m  [0m[7m  [0m[49m  [0m[7m  [0m[7m  [0m[7m  [0m[49m  [0m[7m  [0m[49m  [0m[7m  [0m[7m  [0m[7m  [0m[7m  [0m[7m  [0m[49m  [0m[7m  [0m
[7m  [0m[49m  [0m[49m  [0m[49m  [0m[49m  [0m[49m  [0m[49m  [0m[49m  [0m[7m  [0m[49m  [0m[7m  [0m[49m  [0m[7m  [0m[49m  [0m[7m  [0m[49m  [0m[7m  [0m[49m  [0m[7m  [0m[49m  [0m[49m  [0m[49m  [0m[49m  [0m[49m  [0m[49m  [0m[49m  [0m[7m  [0m
[7m  [0m[7m  [0m[7m  [0m[7m  [0m[7m  [0m[7m  [0m[7m  [0m[7m  [0m[7m  [0m[49m  [0m[7m  [0m[49m  [0m[49m  [0m[7m  [0m[49m  [0m[7m  [0m[7m  [0m[49m  [0m[7m  [0m[7m  [0m[7m  [0m[7m  [0m[7m  [0m[7m  [0m[7m  [0m[7m  [0m[7m  [0m
[7m  [0m[49m  [0m[49m  [0m[7m  [0m[49m  [0m[7m  [0m[7m  [0m[49m  [0m[49m  [0m[7m  [0m[7m  [0m[7m  [0m[49m  [0m[49m  [0m[49m  [0m[49m  [0m[49m  [0m[7m  [0m[7m  [0m[49m  [0m[49m  [0m[49m  [0m[7m  [0m[49m  [0m[49m  [0m[7m  [0m[7m  [0m
[7m  [0m[7m  [0m[49m  [0m[49m  [0m[49m  [0m[49m  [0m[7m  [0m[7m  [0m[49m  [0m[7m  [0m[49m  [0m[7m  [0m[49m  [0m[49m  [0m[7m  [0m[7m  [0m[7m  [0m[7m  [0m[49m  [0m[49m  [0m[49m  [0m[49m  [0m[7m  [0m[7m  [0m[49m  [0m[49m  [0m[7m  [0m
[7m  [0m[49m  [0m[7m  [0m[7m  [0m[49m  [0m[49m  [0m[7m  [0m[49m  [0m[49m  [0m[7m  [0m[7m  [0m[7m  [0m[49m  [0m[49m  [0m[49m  [0m[7m  [0m[7m  [0m[49m  [0m[7m  [0m[49m  [0m[49m  [0m[7m  [0m[49m  [0m[7m  [0m[49m  [0m[49m  [0m[7m  [0m
[7m  [0m[7m  [0m[49m  [0m[7m  [0m[7m  [0m[49m  [0m[7m  [0m[7m  [0m[7m  [0m[49m  [0m[49m  [0m[49m  [0m[49m  [0m[49m  [0m[7m  [0m[49m  [0m[7m  [0m[7m  [0m[49m  [0m[7m  [0m[49m  [0m[7m  [0m[7m  [0m[7m  [0m[7m  [0m[49m  [0m[7m  [0m
[7m  [0m[7m  [0m[7m  [0m[49m  [0m[49m  [0m[49m  [0m[49m  [0m[49m  [0m[49m  [0m[7m  [0m[7m  [0m[49m  [0m[49m  [0m[7m  [0m[49m  [0m[7m  [0m[49m  [0m[49m  [0m[49m  [0m[49m  [0m[7m  [0m[7m  [0m[7m  [0m[49m  [0m[7m  [0m[7m  [0m[7m  [0m
[7m  [0m[7m  [0m[7m  [0m[49m  [0m[49m  [0m[7m  [0m[49m  [0m[7m  [0m[49m  [0m[49m  [0m[7m  [0m[7m  [0m[49m  [0m[7m  [0m[7m  [0m[7m  [0m[7m  [0m[49m  [0m[7m  [0m[7m  [0m[49m  [0m[49m  [0m[7m  [0m[49m  [0m[49m  [0m[49m  [0m[7m  [0m
[7m  [0m[49m  [0m[7m  [0m[49m  [0m[49m  [0m[49m  [0m[7m  [0m[49m  [0m[49m  [0m[7m  [0m[7m  [0m[7m  [0m[49m  [0m[7m  [0m[7m  [0m[49m  [0m[49m  [0m[49m  [0m[49m  [0m[7m  [0m[7m  [0m[7m  [0m[7m  [0m[7m  [0m[49m  [0m[7m  [0m[7m  [0m
[7m  [0m[7m  [0m[49m  [0m[7m  [0m[49m  [0m[7m  [0m[49m  [0m[7m  [0m[49m  [0m[7m  [0m[49m  [0m[7m  [0m[49m  [0m[7m  [0m[7m  [0m[7m  [0m[49m  [0m[49m  [0m[49m  [0m[7m  [0m[7m  [0m[7m  [0m[49m  [0m[7m  [0m[7m  [0m[7m  [0m[7m  [0m
[7m  [0m[49m  [0m[49m  [0m[7m  [0m[7m  [0m[49m  [0m[7m  [0m[49m  [0m[7m  [0m[49m  [0m[7m  [0m[49m  [0m[7m  [0m[49m  [0m[7m  [0m[7m  [0m[49m  [0m[49m  [0m[49m  [0m[49m  [0m[49m  [0m[49m  [0m[49m  [0m[49m  [0m[7m  [0m[49m  [0m[7m  [0m
[7m  [0m[7m  [0m[7m  [0m[7m  [0m[7m  [0m[7m  [0m[7m  [0m[7m  [0m[7m  [0m[49m  [0m[7m  [0m[49m  [0m[7m  [0m[49m  [0m[49m  [0m[49m  [0m[7m  [0m[49m  [0m[7m  [0m[7m  [0m[7m  [0m[49m  [0m[7m  [0m[49m  [0m[49m  [0m[49m  [0m[7m  [0m
[7m  [0m[49m  [0m[49m  [0m[49m  [0m[49m  [0m[49m  [0m[49m  [0m[49m  [0m[7m  [0m[49m  [0m[49m  [0m[49m  [0m[49m  [0m[49m  [0m[7m  [0m[49m  [0m[7m  [0m[49m  [0m[7m  [0m[49m  [0m[7m  [0m[49m  [0m[49m  [0m[49m  [0m[7m  [0m[7m  [0m[7m  [0m
[7m  [0m[49m  [0m[7m  [0m[7m  [0m[7m  [0m[7m  [0m[7m  [0m[49m  [0m[7m  [0m[7m  [0m[7m  [0m[49m  [0m[7m  [0m[49m  [0m[7m  [0m[7m  [0m[49m  [0m[49m  [0m[7m  [0m[7m  [0m[7m  [0m[49m  [0m[7m  [0m[7m  [0m[7m  [0m[49m  [0m[7m  [0m
[7m  [0m[49m  [0m[7m  [0m[49m  [0m[49m  [0m[49m  [0m[7m  [0m[49m  [0m[7m  [0m[7m  [0m[7m  [0m[49m  [0m[7m  [0m[7m  [0m[7m  [0m[7m  [0m[7m  [0m[49m  [0m[49m  [0m[49m  [0m[49m  [0m[49m  [0m[49m  [0m[49m  [0m[7m  [0m[7m  [0m[7m  [0m
[7m  [0m[49m  [0m[7m  [0m[49m  [0m[49m  [0m[49m  [0m[7m  [0m[49m  [0m[7m  [0m[49m  [0m[7m  [0m[49m  [0m[49m  [0m[7m  [0m[7m  [0m[7m  [0m[7m  [0m[7m  [0m[49m  [0m[7m  [0m[49m  [0m[7m  [0m[49m  [0m[7m  [0m[49m  [0m[7m  [0m[7m  [0m
[7m  [0m[49m  [0m[7m  [0m[49m  [0m[49m  [0m[49m  [0m[7m  [0m[49m  [0m[7m  [0m[7m  [0m[49m  [0m[49m  [0m[7m  [0m[7m  [0m[7m  [0m[7m  [0m[7m  [0m[7m  [0m[7m  [0m[7m  [0m[7m  [0m[49m  [0m[7m  [0m[7m  [0m[7m  [0m[49m  [0m[7m  [0m
[7m  [0m[49m  [0m[7m  [0m[7m  [0m[7m  [0m[7m  [0m[7m  [0m[49m  [0m[7m  [0m[49m  [0m[49m  [0m[7m  [0m[7m  [0m[7m  [0m[7m  [0m[49m  [0m[7m  [0m[49m  [0m[7m  [0m[49m  [0m[7m  [0m[7m  [0m[49m  [0m[49m  [0m[7m  [0m[49m  [0m[7m  [0m
[7m  [0m[49m  [0m[49m  [0m[49m  [0m[49m  [0m[49m  [0m[49m  [0m[49m  [0m[7m  [0m[49m  [0m[49m  [0m[49m  [0m[7m  [0m[49m  [0m[7m  [0m[7m  [0m[7m  [0m[49m  [0m[7m  [0m[49m  [0m[49m  [0m[49m  [0m[49m  [0m[7m  [0m[7m  [0m[49m  [0m[7m  [0m
[7m  [0m[7m  [0m[7m  [0m[7m  [0m[7m  [0m[7m  [0m[7m  [0m[7m  [0m[7m  [0m[7m  [0m[7m  [0m[7m  [0m[7m  [0m[7m  [0m[7m  [0m[7m  [0m[7m  [0m[7m  [0m[7m  [0m[7m  [0m[7m  [0m[7m  [0m[7m  [0m[7m  [0m[7m  [0m[7m  [0m[7m  [0m

3b1d024fe36aa6.lhr.life tunneled with tls termination, https://3b1d024fe36aa6.lhr.life
create an account and add your key for a longer lasting domain name. see https://localhost.run/docs/forever-free/ for more information.
Open your tunnel address on your mobile with this QR:

[7m  [0m[7m  [0m[7m  [0m[7m  [0m[7m  [0m[7m  [0m[7m  [0m[7m  [0m[7m  [0m[7m  [0m[7m  [0m[7m  [0m[7m  [0m[7m  [0m[7m  [0m[7m  [0m[7m  [0m[7m  [0m[7m  [0m[7m  [0m[7m  [0m[7m  [0m[7m  [0m[7m  [0m[7m  [0m[7m  [0m[7m  [0m
[7m  [0m[49m  [0m[49m  [0m[49m  [0m[49m  [0m[49m  [0m[49m  [0m[49m  [0m[7m  [0m[7m  [0m[7m  [0m[49m  [0m[7m  [0m[7m  [0m[49m  [0m[7m  [0m[7m  [0m[49m  [0m[7m  [0m[49m  [0m[49m  [0m[49m  [0m[49m  [0m[49m  [0m[49m  [0m[49m  [0m[7m  [0m
[7m  [0m[49m  [0m[7m  [0m[7m  [0m[7m  [0m[7m  [0m[7m  [0m[49m  [0m[7m  [0m[7m  [0m[49m  [0m[7m  [0m[7m  [0m[7m  [0m[49m  [0m[7m  [0m[49m  [0m[49m  [0m[7m  [0m[49m  [0m[7m  [0m[7m  [0m[7m  [0m[7m  [0m[7m  [0m[49m  [0m[7m  [0m
[7m  [0m[49m  [0m[7m  [0m[49m  [0m[49m  [0m[49m  [0m[7m  [0m[49m  [0m[7m  [0m[49m  [0m[7m  [0m[7m  [0m[49m  [0m[7m  [0m[49m  [0m[49m  [0m[49m  [0m[49m  [0m[7m  [0m[49m  [0m[7m  [0m[49m  [0m[49m  [0m[49m  [0m[7m  [0m[49m  [0m[7m  [0m
[7m  [0m[49m  [0m[7m  [0m[49m  [0m[49m  [0m[49m  [0m[7m  [0m[49m  [0m[7m  [0m[7m  [0m[49m  [0m[7m  [0m[7m  [0m[49m  [0m[7m  [0m[49m  [0m[7m  [0m[49m  [0m[7m  [0m[49m  [0m[7m  [0m[49m  [0m[49m  [0m[49m  [0m[7m  [0m[49m  [0m[7m  [0m
[7m  [0m[49m  [0m[7m  [0m[49m  [0m[49m  [0m[49m  [0m[7m  [0m[49m  [0m[7m  [0m[7m  [0m[49m  [0m[7m  [0m[7m  [0m[49m  [0m[49m  [0m[49m  [0m[49m  [0m[49m  [0m[7m  [0m[49m  [0m[7m  [0m[49m  [0m[49m  [0m[49m  [0m[7m  [0m[49m  [0m[7m  [0m
[7m  [0m[49m  [0m[7m  [0m[7m  [0m[7m  [0m[7m  [0m[7m  [0m[49m  [0m[7m  [0m[7m  [0m[7m  [0m[49m  [0m[49m  [0m[49m  [0m[7m  [0m[49m  [0m[7m  [0m[49m  [0m[7m  [0m[49m  [0m[7m  [0m[7m  [0m[7m  [0m[7m  [0m[7m  [0m[49m  [0m[7m  [0m
[7m  [0m[49m  [0m[49m  [0m[49m  [0m[49m  [0m[49m  [0m[49m  [0m[49m  [0m[7m  [0m[49m  [0m[7m  [0m[49m  [0m[7m  [0m[49m  [0m[7m  [0m[49m  [0m[7m  [0m[49m  [0m[7m  [0m[49m  [0m[49m  [0m[49m  [0m[49m  [0m[49m  [0m[49m  [0m[49m  [0m[7m  [0m
[7m  [0m[7m  [0m[7m  [0m[7m  [0m[7m  [0m[7m  [0m[7m  [0m[7m  [0m[7m  [0m[49m  [0m[7m  [0m[7m  [0m[49m  [0m[7m  [0m[7m  [0m[7m  [0m[7m  [0m[7m  [0m[7m  [0m[7m  [0m[7m  [0m[7m  [0m[7m  [0m[7m  [0m[7m  [0m[7m  [0m[7m  [0m
[7m  [0m[49m  [0m[49m  [0m[49m  [0m[7m  [0m[49m  [0m[49m  [0m[49m  [0m[49m  [0m[49m  [0m[7m  [0m[7m  [0m[7m  [0m[49m  [0m[49m  [0m[7m  [0m[49m  [0m[7m  [0m[49m  [0m[49m  [0m[7m  [0m[7m  [0m[7m  [0m[49m  [0m[7m  [0m[7m  [0m[7m  [0m
[7m  [0m[7m  [0m[49m  [0m[49m  [0m[49m  [0m[7m  [0m[49m  [0m[7m  [0m[49m  [0m[7m  [0m[49m  [0m[7m  [0m[49m  [0m[49m  [0m[7m  [0m[7m  [0m[7m  [0m[7m  [0m[49m  [0m[7m  [0m[49m  [0m[7m  [0m[7m  [0m[7m  [0m[49m  [0m[49m  [0m[7m  [0m
[7m  [0m[49m  [0m[49m  [0m[7m  [0m[49m  [0m[49m  [0m[7m  [0m[49m  [0m[7m  [0m[49m  [0m[7m  [0m[49m  [0m[49m  [0m[49m  [0m[7m  [0m[7m  [0m[7m  [0m[49m  [0m[7m  [0m[7m  [0m[7m  [0m[49m  [0m[49m  [0m[49m  [0m[49m  [0m[49m  [0m[7m  [0m
[7m  [0m[7m  [0m[7m  [0m[7m  [0m[49m  [0m[7m  [0m[7m  [0m[7m  [0m[7m  [0m[7m  [0m[49m  [0m[49m  [0m[7m  [0m[49m  [0m[7m  [0m[7m  [0m[7m  [0m[7m  [0m[49m  [0m[7m  [0m[49m  [0m[7m  [0m[7m  [0m[7m  [0m[49m  [0m[49m  [0m[7m  [0m
[7m  [0m[7m  [0m[49m  [0m[49m  [0m[7m  [0m[7m  [0m[49m  [0m[49m  [0m[7m  [0m[49m  [0m[7m  [0m[49m  [0m[49m  [0m[7m  [0m[49m  [0m[7m  [0m[7m  [0m[7m  [0m[49m  [0m[49m  [0m[7m  [0m[49m  [0m[7m  [0m[49m  [0m[7m  [0m[7m  [0m[7m  [0m
[7m  [0m[7m  [0m[7m  [0m[49m  [0m[7m  [0m[49m  [0m[7m  [0m[7m  [0m[49m  [0m[7m  [0m[7m  [0m[49m  [0m[49m  [0m[7m  [0m[49m  [0m[7m  [0m[7m  [0m[49m  [0m[49m  [0m[49m  [0m[7m  [0m[7m  [0m[7m  [0m[7m  [0m[49m  [0m[49m  [0m[7m  [0m
[7m  [0m[49m  [0m[7m  [0m[7m  [0m[7m  [0m[49m  [0m[7m  [0m[49m  [0m[49m  [0m[7m  [0m[7m  [0m[49m  [0m[7m  [0m[7m  [0m[7m  [0m[7m  [0m[7m  [0m[49m  [0m[7m  [0m[49m  [0m[49m  [0m[7m  [0m[7m  [0m[7m  [0m[7m  [0m[7m  [0m[7m  [0m
[7m  [0m[7m  [0m[49m  [0m[7m  [0m[49m  [0m[7m  [0m[49m  [0m[7m  [0m[7m  [0m[7m  [0m[7m  [0m[7m  [0m[49m  [0m[7m  [0m[7m  [0m[7m  [0m[49m  [0m[7m  [0m[7m  [0m[7m  [0m[7m  [0m[7m  [0m[49m  [0m[7m  [0m[7m  [0m[7m  [0m[7m  [0m
[7m  [0m[49m  [0m[7m  [0m[49m  [0m[49m  [0m[7m  [0m[49m  [0m[49m  [0m[49m  [0m[7m  [0m[7m  [0m[49m  [0m[7m  [0m[49m  [0m[49m  [0m[7m  [0m[7m  [0m[49m  [0m[49m  [0m[49m  [0m[49m  [0m[49m  [0m[49m  [0m[7m  [0m[7m  [0m[49m  [0m[7m  [0m
[7m  [0m[7m  [0m[7m  [0m[7m  [0m[7m  [0m[7m  [0m[7m  [0m[7m  [0m[7m  [0m[49m  [0m[49m  [0m[7m  [0m[49m  [0m[49m  [0m[49m  [0m[7m  [0m[7m  [0m[49m  [0m[7m  [0m[7m  [0m[7m  [0m[49m  [0m[7m  [0m[49m  [0m[7m  [0m[49m  [0m[7m  [0m
[7m  [0m[49m  [0m[49m  [0m[49m  [0m[49m  [0m[49m  [0m[49m  [0m[49m  [0m[7m  [0m[49m  [0m[7m  [0m[49m  [0m[49m  [0m[49m  [0m[7m  [0m[49m  [0m[49m  [0m[49m  [0m[7m  [0m[49m  [0m[7m  [0m[49m  [0m[49m  [0m[49m  [0m[7m  [0m[7m  [0m[7m  [0m
[7m  [0m[49m  [0m[7m  [0m[7m  [0m[7m  [0m[7m  [0m[7m  [0m[49m  [0m[7m  [0m[49m  [0m[7m  [0m[7m  [0m[7m  [0m[49m  [0m[49m  [0m[7m  [0m[49m  [0m[49m  [0m[7m  [0m[7m  [0m[7m  [0m[49m  [0m[7m  [0m[49m  [0m[7m  [0m[49m  [0m[7m  [0m
[7m  [0m[49m  [0m[7m  [0m[49m  [0m[49m  [0m[49m  [0m[7m  [0m[49m  [0m[7m  [0m[49m  [0m[7m  [0m[7m  [0m[49m  [0m[7m  [0m[7m  [0m[49m  [0m[7m  [0m[49m  [0m[49m  [0m[49m  [0m[49m  [0m[49m  [0m[49m  [0m[49m  [0m[49m  [0m[7m  [0m[7m  [0m
[7m  [0m[49m  [0m[7m  [0m[49m  [0m[49m  [0m[49m  [0m[7m  [0m[49m  [0m[7m  [0m[7m  [0m[7m  [0m[49m  [0m[49m  [0m[7m  [0m[7m  [0m[7m  [0m[49m  [0m[49m  [0m[49m  [0m[49m  [0m[49m  [0m[7m  [0m[49m  [0m[7m  [0m[49m  [0m[7m  [0m[7m  [0m
[7m  [0m[49m  [0m[7m  [0m[49m  [0m[49m  [0m[49m  [0m[7m  [0m[49m  [0m[7m  [0m[49m  [0m[49m  [0m[7m  [0m[7m  [0m[7m  [0m[49m  [0m[7m  [0m[7m  [0m[49m  [0m[7m  [0m[7m  [0m[7m  [0m[49m  [0m[7m  [0m[49m  [0m[7m  [0m[49m  [0m[7m  [0m
[7m  [0m[49m  [0m[7m  [0m[7m  [0m[7m  [0m[7m  [0m[7m  [0m[49m  [0m[7m  [0m[49m  [0m[7m  [0m[7m  [0m[49m  [0m[7m  [0m[7m  [0m[7m  [0m[7m  [0m[7m  [0m[7m  [0m[7m  [0m[49m  [0m[49m  [0m[49m  [0m[49m  [0m[49m  [0m[49m  [0m[7m  [0m
[7m  [0m[49m  [0m[49m  [0m[49m  [0m[49m  [0m[49m  [0m[49m  [0m[49m  [0m[7m  [0m[49m  [0m[49m  [0m[49m  [0m[7m  [0m[49m  [0m[7m  [0m[7m  [0m[7m  [0m[7m  [0m[49m  [0m[7m  [0m[7m  [0m[49m  [0m[49m  [0m[49m  [0m[7m  [0m[49m  [0m[7m  [0m
[7m  [0m[7m  [0m[7m  [0m[7m  [0m[7m  [0m[7m  [0m[7m  [0m[7m  [0m[7m  [0m[7m  [0m[7m  [0m[7m  [0m[7m  [0m[7m  [0m[7m  [0m[7m  [0m[7m  [0m[7m  [0m[7m  [0m[7m  [0m[7m  [0m[7m  [0m[7m  [0m[7m  [0m[7m  [0m[7m  [0m[7m  [0m

27ca818bb23b00.lhr.life tunneled with tls termination, https://27ca818bb23b00.lhr.life
create an account and add your key for a longer lasting domain name. see https://localhost.run/docs/forever-free/ for more information.
Open your tunnel address on your mobile with this QR:

[7m  [0m[7m  [0m[7m  [0m[7m  [0m[7m  [0m[7m  [0m[7m  [0m[7m  [0m[7m  [0m[7m  [0m[7m  [0m[7m  [0m[7m  [0m[7m  [0m[7m  [0m[7m  [0m[7m  [0m[7m  [0m[7m  [0m[7m  [0m[7m  [0m[7m  [0m[7m  [0m[7m  [0m[7m  [0m[7m  [0m[7m  [0m
[7m  [0m[49m  [0m[49m  [0m[49m  [0m[49m  [0m[49m  [0m[49m  [0m[49m  [0m[7m  [0m[7m  [0m[7m  [0m[49m  [0m[7m  [0m[7m  [0m[49m  [0m[7m  [0m[7m  [0m[49m  [0m[7m  [0m[49m  [0m[49m  [0m[49m  [0m[49m  [0m[49m  [0m[49m  [0m[49m  [0m[7m  [0m
[7m  [0m[49m  [0m[7m  [0m[7m  [0m[7m  [0m[7m  [0m[7m  [0m[49m  [0m[7m  [0m[7m  [0m[49m  [0m[7m  [0m[7m  [0m[7m  [0m[49m  [0m[7m  [0m[49m  [0m[49m  [0m[7m  [0m[49m  [0m[7m  [0m[7m  [0m[7m  [0m[7m  [0m[7m  [0m[49m  [0m[7m  [0m
[7m  [0m[49m  [0m[7m  [0m[49m  [0m[49m  [0m[49m  [0m[7m  [0m[49m  [0m[7m  [0m[49m  [0m[7m  [0m[7m  [0m[49m  [0m[7m  [0m[49m  [0m[49m  [0m[49m  [0m[49m  [0m[7m  [0m[49m  [0m[7m  [0m[49m  [0m[49m  [0m[49m  [0m[7m  [0m[49m  [0m[7m  [0m
[7m  [0m[49m  [0m[7m  [0m[49m  [0m[49m  [0m[49m  [0m[7m  [0m[49m  [0m[7m  [0m[7m  [0m[49m  [0m[7m  [0m[7m  [0m[49m  [0m[7m  [0m[49m  [0m[7m  [0m[49m  [0m[7m  [0m[49m  [0m[7m  [0m[49m  [0m[49m  [0m[49m  [0m[7m  [0m[49m  [0m[7m  [0m
[7m  [0m[49m  [0m[7m  [0m[49m  [0m[49m  [0m[49m  [0m[7m  [0m[49m  [0m[7m  [0m[7m  [0m[49m  [0m[7m  [0m[7m  [0m[49m  [0m[49m  [0m[49m  [0m[49m  [0m[49m  [0m[7m  [0m[49m  [0m[7m  [0m[49m  [0m[49m  [0m[49m  [0m[7m  [0m[49m  [0m[7m  [0m
[7m  [0m[49m  [0m[7m  [0m[7m  [0m[7m  [0m[7m  [0m[7m  [0m[49m  [0m[7m  [0m[7m  [0m[7m  [0m[49m  [0m[49m  [0m[49m  [0m[7m  [0m[49m  [0m[7m  [0m[49m  [0m[7m  [0m[49m  [0m[7m  [0m[7m  [0m[7m  [0m[7m  [0m[7m  [0m[49m  [0m[7m  [0m
[7m  [0m[49m  [0m[49m  [0m[49m  [0m[49m  [0m[49m  [0m[49m  [0m[49m  [0m[7m  [0m[49m  [0m[7m  [0m[49m  [0m[7m  [0m[49m  [0m[7m  [0m[49m  [0m[7m  [0m[49m  [0m[7m  [0m[49m  [0m[49m  [0m[49m  [0m[49m  [0m[49m  [0m[49m  [0m[49m  [0m[7m  [0m
[7m  [0m[7m  [0m[7m  [0m[7m  [0m[7m  [0m[7m  [0m[7m  [0m[7m  [0m[7m  [0m[49m  [0m[7m  [0m[7m  [0m[49m  [0m[7m  [0m[7m  [0m[7m  [0m[7m  [0m[7m  [0m[7m  [0m[7m  [0m[7m  [0m[7m  [0m[7m  [0m[7m  [0m[7m  [0m[7m  [0m[7m  [0m
[7m  [0m[49m  [0m[49m  [0m[49m  [0m[7m  [0m[49m  [0m[49m  [0m[49m  [0m[49m  [0m[49m  [0m[7m  [0m[7m  [0m[7m  [0m[49m  [0m[49m  [0m[7m  [0m[49m  [0m[7m  [0m[49m  [0m[49m  [0m[7m  [0m[7m  [0m[7m  [0m[49m  [0m[7m  [0m[7m  [0m[7m  [0m
[7m  [0m[49m  [0m[49m  [0m[49m  [0m[49m  [0m[7m  [0m[7m  [0m[7m  [0m[49m  [0m[49m  [0m[49m  [0m[7m  [0m[49m  [0m[49m  [0m[7m  [0m[7m  [0m[7m  [0m[7m  [0m[49m  [0m[49m  [0m[49m  [0m[49m  [0m[7m  [0m[7m  [0m[49m  [0m[49m  [0m[7m  [0m
[7m  [0m[7m  [0m[7m  [0m[49m  [0m[49m  [0m[7m  [0m[49m  [0m[49m  [0m[7m  [0m[49m  [0m[7m  [0m[49m  [0m[49m  [0m[49m  [0m[7m  [0m[7m  [0m[7m  [0m[49m  [0m[49m  [0m[49m  [0m[49m  [0m[49m  [0m[49m  [0m[49m  [0m[49m  [0m[49m  [0m[7m  [0m
[7m  [0m[7m  [0m[49m  [0m[49m  [0m[7m  [0m[7m  [0m[49m  [0m[7m  [0m[7m  [0m[7m  [0m[49m  [0m[49m  [0m[7m  [0m[49m  [0m[7m  [0m[7m  [0m[49m  [0m[7m  [0m[49m  [0m[7m  [0m[7m  [0m[7m  [0m[7m  [0m[7m  [0m[49m  [0m[49m  [0m[7m  [0m
[7m  [0m[49m  [0m[7m  [0m[49m  [0m[7m  [0m[49m  [0m[7m  [0m[49m  [0m[49m  [0m[7m  [0m[7m  [0m[49m  [0m[49m  [0m[7m  [0m[49m  [0m[7m  [0m[7m  [0m[49m  [0m[7m  [0m[7m  [0m[7m  [0m[49m  [0m[7m  [0m[49m  [0m[7m  [0m[7m  [0m[7m  [0m
[7m  [0m[7m  [0m[49m  [0m[7m  [0m[7m  [0m[49m  [0m[7m  [0m[7m  [0m[49m  [0m[7m  [0m[7m  [0m[49m  [0m[49m  [0m[7m  [0m[49m  [0m[7m  [0m[49m  [0m[7m  [0m[7m  [0m[49m  [0m[7m  [0m[49m  [0m[7m  [0m[7m  [0m[49m  [0m[49m  [0m[7m  [0m
[7m  [0m[49m  [0m[7m  [0m[7m  [0m[7m  [0m[49m  [0m[7m  [0m[49m  [0m[7m  [0m[49m  [0m[49m  [0m[7m  [0m[7m  [0m[7m  [0m[7m  [0m[7m  [0m[7m  [0m[49m  [0m[7m  [0m[7m  [0m[7m  [0m[49m  [0m[7m  [0m[7m  [0m[7m  [0m[7m  [0m[7m  [0m
[7m  [0m[7m  [0m[49m  [0m[7m  [0m[49m  [0m[7m  [0m[49m  [0m[7m  [0m[7m  [0m[7m  [0m[49m  [0m[49m  [0m[49m  [0m[7m  [0m[7m  [0m[7m  [0m[49m  [0m[49m  [0m[7m  [0m[7m  [0m[7m  [0m[7m  [0m[49m  [0m[7m  [0m[7m  [0m[7m  [0m[7m  [0m
[7m  [0m[49m  [0m[7m  [0m[49m  [0m[7m  [0m[49m  [0m[7m  [0m[49m  [0m[7m  [0m[49m  [0m[7m  [0m[49m  [0m[7m  [0m[49m  [0m[49m  [0m[7m  [0m[7m  [0m[49m  [0m[49m  [0m[49m  [0m[49m  [0m[49m  [0m[49m  [0m[7m  [0m[7m  [0m[49m  [0m[7m  [0m
[7m  [0m[7m  [0m[7m  [0m[7m  [0m[7m  [0m[7m  [0m[7m  [0m[7m  [0m[7m  [0m[49m  [0m[7m  [0m[49m  [0m[49m  [0m[49m  [0m[49m  [0m[7m  [0m[49m  [0m[49m  [0m[7m  [0m[7m  [0m[7m  [0m[49m  [0m[7m  [0m[49m  [0m[7m  [0m[49m  [0m[7m  [0m
[7m  [0m[49m  [0m[49m  [0m[49m  [0m[49m  [0m[49m  [0m[49m  [0m[49m  [0m[7m  [0m[49m  [0m[49m  [0m[49m  [0m[49m  [0m[49m  [0m[7m  [0m[49m  [0m[49m  [0m[49m  [0m[7m  [0m[49m  [0m[7m  [0m[49m  [0m[49m  [0m[49m  [0m[7m  [0m[7m  [0m[7m  [0m
[7m  [0m[49m  [0m[7m  [0m[7m  [0m[7m  [0m[7m  [0m[7m  [0m[49m  [0m[7m  [0m[49m  [0m[7m  [0m[49m  [0m[7m  [0m[49m  [0m[49m  [0m[7m  [0m[49m  [0m[49m  [0m[7m  [0m[7m  [0m[7m  [0m[49m  [0m[7m  [0m[49m  [0m[7m  [0m[49m  [0m[7m  [0m
[7m  [0m[49m  [0m[7m  [0m[49m  [0m[49m  [0m[49m  [0m[7m  [0m[49m  [0m[7m  [0m[49m  [0m[49m  [0m[49m  [0m[49m  [0m[7m  [0m[7m  [0m[49m  [0m[7m  [0m[49m  [0m[49m  [0m[49m  [0m[49m  [0m[49m  [0m[49m  [0m[49m  [0m[49m  [0m[7m  [0m[7m  [0m
[7m  [0m[49m  [0m[7m  [0m[49m  [0m[49m  [0m[49m  [0m[7m  [0m[49m  [0m[7m  [0m[7m  [0m[49m  [0m[7m  [0m[49m  [0m[7m  [0m[7m  [0m[7m  [0m[7m  [0m[7m  [0m[49m  [0m[49m  [0m[49m  [0m[7m  [0m[49m  [0m[7m  [0m[49m  [0m[7m  [0m[7m  [0m
[7m  [0m[49m  [0m[7m  [0m[49m  [0m[49m  [0m[49m  [0m[7m  [0m[49m  [0m[7m  [0m[49m  [0m[7m  [0m[49m  [0m[7m  [0m[7m  [0m[49m  [0m[7m  [0m[7m  [0m[49m  [0m[49m  [0m[49m  [0m[49m  [0m[49m  [0m[7m  [0m[49m  [0m[7m  [0m[49m  [0m[7m  [0m
[7m  [0m[49m  [0m[7m  [0m[7m  [0m[7m  [0m[7m  [0m[7m  [0m[49m  [0m[7m  [0m[49m  [0m[7m  [0m[49m  [0m[49m  [0m[7m  [0m[7m  [0m[7m  [0m[7m  [0m[7m  [0m[7m  [0m[49m  [0m[7m  [0m[7m  [0m[7m  [0m[7m  [0m[49m  [0m[49m  [0m[7m  [0m
[7m  [0m[49m  [0m[49m  [0m[49m  [0m[49m  [0m[49m  [0m[49m  [0m[49m  [0m[7m  [0m[49m  [0m[7m  [0m[7m  [0m[7m  [0m[49m  [0m[7m  [0m[7m  [0m[7m  [0m[49m  [0m[49m  [0m[7m  [0m[7m  [0m[49m  [0m[7m  [0m[7m  [0m[7m  [0m[49m  [0m[7m  [0m
[7m  [0m[7m  [0m[7m  [0m[7m  [0m[7m  [0m[7m  [0m[7m  [0m[7m  [0m[7m  [0m[7m  [0m[7m  [0m[7m  [0m[7m  [0m[7m  [0m[7m  [0m[7m  [0m[7m  [0m[7m  [0m[7m  [0m[7m  [0m[7m  [0m[7m  [0m[7m  [0m[7m  [0m[7m  [0m[7m  [0m[7m  [0m

4d45cf74c565d0.lhr.life tunneled with tls termination, https://4d45cf74c565d0.lhr.life
create an account and add your key for a longer lasting domain name. see https://localhost.run/docs/forever-free/ for more information.
Open your tunnel address on your mobile with this QR:

[7m  [0m[7m  [0m[7m  [0m[7m  [0m[7m  [0m[7m  [0m[7m  [0m[7m  [0m[7m  [0m[7m  [0m[7m  [0m[7m  [0m[7m  [0m[7m  [0m[7m  [0m[7m  [0m[7m  [0m[7m  [0m[7m  [0m[7m  [0m[7m  [0m[7m  [0m[7m  [0m[7m  [0m[7m  [0m[7m  [0m[7m  [0m
[7m  [0m[49m  [0m[49m  [0m[49m  [0m[49m  [0m[49m  [0m[49m  [0m[49m  [0m[7m  [0m[49m  [0m[49m  [0m[49m  [0m[49m  [0m[7m  [0m[7m  [0m[7m  [0m[49m  [0m[49m  [0m[7m  [0m[49m  [0m[49m  [0m[49m  [0m[49m  [0m[49m  [0m[49m  [0m[49m  [0m[7m  [0m
[7m  [0m[49m  [0m[7m  [0m[7m  [0m[7m  [0m[7m  [0m[7m  [0m[49m  [0m[7m  [0m[49m  [0m[7m  [0m[7m  [0m[49m  [0m[7m  [0m[7m  [0m[7m  [0m[7m  [0m[49m  [0m[7m  [0m[49m  [0m[7m  [0m[7m  [0m[7m  [0m[7m  [0m[7m  [0m[49m  [0m[7m  [0m
[7m  [0m[49m  [0m[7m  [0m[49m  [0m[49m  [0m[49m  [0m[7m  [0m[49m  [0m[7m  [0m[7m  [0m[49m  [0m[7m  [0m[7m  [0m[7m  [0m[7m  [0m[49m  [0m[7m  [0m[49m  [0m[7m  [0m[49m  [0m[7m  [0m[49m  [0m[49m  [0m[49m  [0m[7m  [0m[49m  [0m[7m  [0m
[7m  [0m[49m  [0m[7m  [0m[49m  [0m[49m  [0m[49m  [0m[7m  [0m[49m  [0m[7m  [0m[7m  [0m[7m  [0m[7m  [0m[49m  [0m[49m  [0m[49m  [0m[49m  [0m[49m  [0m[49m  [0m[7m  [0m[49m  [0m[7m  [0m[49m  [0m[49m  [0m[49m  [0m[7m  [0m[49m  [0m[7m  [0m
[7m  [0m[49m  [0m[7m  [0m[49m  [0m[49m  [0m[49m  [0m[7m  [0m[49m  [0m[7m  [0m[49m  [0m[7m  [0m[7m  [0m[49m  [0m[49m  [0m[7m  [0m[49m  [0m[7m  [0m[49m  [0m[7m  [0m[49m  [0m[7m  [0m[49m  [0m[49m  [0m[49m  [0m[7m  [0m[49m  [0m[7m  [0m
[7m  [0m[49m  [0m[7m  [0m[7m  [0m[7m  [0m[7m  [0m[7m  [0m[49m  [0m[7m  [0m[49m  [0m[49m  [0m[49m  [0m[7m  [0m[49m  [0m[49m  [0m[49m  [0m[49m  [0m[49m  [0m[7m  [0m[49m  [0m[7m  [0m[7m  [0m[7m  [0m[7m  [0m[7m  [0m[49m  [0m[7m  [0m
[7m  [0m[49m  [0m[49m  [0m[49m  [0m[49m  [0m[49m  [0m[49m  [0m[49m  [0m[7m  [0m[49m  [0m[7m  [0m[49m  [0m[7m  [0m[49m  [0m[7m  [0m[49m  [0m[7m  [0m[49m  [0m[7m  [0m[49m  [0m[49m  [0m[49m  [0m[49m  [0m[49m  [0m[49m  [0m[49m  [0m[7m  [0m
[7m  [0m[7m  [0m[7m  [0m[7m  [0m[7m  [0m[7m  [0m[7m  [0m[7m  [0m[7m  [0m[49m  [0m[49m  [0m[7m  [0m[7m  [0m[7m  [0m[49m  [0m[7m  [0m[49m  [0m[7m  [0m[7m  [0m[7m  [0m[7m  [0m[7m  [0m[7m  [0m[7m  [0m[7m  [0m[7m  [0m[7m  [0m
[7m  [0m[49m  [0m[49m  [0m[49m  [0m[7m  [0m[7m  [0m[49m  [0m[49m  [0m[7m  [0m[49m  [0m[49m  [0m[7m  [0m[49m  [0m[49m  [0m[7m  [0m[7m  [0m[7m  [0m[7m  [0m[49m  [0m[49m  [0m[49m  [0m[49m  [0m[7m  [0m[7m  [0m[49m  [0m[49m  [0m[7m  [0m
[7m  [0m[49m  [0m[7m  [0m[49m  [0m[7m  [0m[49m  [0m[7m  [0m[7m  [0m[49m  [0m[49m  [0m[7m  [0m[7m  [0m[7m  [0m[49m  [0m[49m  [0m[7m  [0m[49m  [0m[49m  [0m[7m  [0m[49m  [0m[7m  [0m[49m  [0m[49m  [0m[7m  [0m[7m  [0m[49m  [0m[7m  [0m
[7m  [0m[49m  [0m[49m  [0m[7m  [0m[49m  [0m[49m  [0m[49m  [0m[49m  [0m[49m  [0m[7m  [0m[49m  [0m[49m  [0m[7m  [0m[49m  [0m[49m  [0m[7m  [0m[49m  [0m[49m  [0m[7m  [0m[7m  [0m[49m  [0m[49m  [0m[7m  [0m[49m  [0m[7m  [0m[49m  [0m[7m  [0m
[7m  [0m[49m  [0m[49m  [0m[7m  [0m[7m  [0m[49m  [0m[7m  [0m[7m  [0m[49m  [0m[7m  [0m[7m  [0m[49m  [0m[49m  [0m[49m  [0m[49m  [0m[7m  [0m[49m  [0m[7m  [0m[7m  [0m[7m  [0m[7m  [0m[49m  [0m[49m  [0m[7m  [0m[7m  [0m[49m  [0m[7m  [0m
[7m  [0m[49m  [0m[7m  [0m[49m  [0m[49m  [0m[7m  [0m[7m  [0m[49m  [0m[49m  [0m[49m  [0m[49m  [0m[49m  [0m[7m  [0m[7m  [0m[7m  [0m[7m  [0m[49m  [0m[7m  [0m[49m  [0m[7m  [0m[49m  [0m[7m  [0m[49m  [0m[49m  [0m[49m  [0m[7m  [0m[7m  [0m
[7m  [0m[7m  [0m[49m  [0m[49m  [0m[7m  [0m[49m  [0m[49m  [0m[7m  [0m[7m  [0m[49m  [0m[7m  [0m[49m  [0m[7m  [0m[7m  [0m[7m  [0m[7m  [0m[7m  [0m[7m  [0m[49m  [0m[7m  [0m[7m  [0m[7m  [0m[49m  [0m[7m  [0m[7m  [0m[49m  [0m[7m  [0m
[7m  [0m[49m  [0m[49m  [0m[49m  [0m[49m  [0m[49m  [0m[49m  [0m[49m  [0m[7m  [0m[7m  [0m[49m  [0m[49m  [0m[49m  [0m[7m  [0m[49m  [0m[7m  [0m[7m  [0m[49m  [0m[7m  [0m[7m  [0m[7m  [0m[7m  [0m[49m  [0m[7m  [0m[49m  [0m[7m  [0m[7m  [0m
[7m  [0m[7m  [0m[7m  [0m[49m  [0m[49m  [0m[7m  [0m[49m  [0m[7m  [0m[7m  [0m[7m  [0m[7m  [0m[49m  [0m[7m  [0m[7m  [0m[49m  [0m[7m  [0m[49m  [0m[49m  [0m[49m  [0m[49m  [0m[49m  [0m[7m  [0m[7m  [0m[7m  [0m[49m  [0m[7m  [0m[7m  [0m
[7m  [0m[49m  [0m[49m  [0m[7m  [0m[49m  [0m[49m  [0m[49m  [0m[49m  [0m[49m  [0m[7m  [0m[7m  [0m[7m  [0m[49m  [0m[49m  [0m[7m  [0m[7m  [0m[49m  [0m[49m  [0m[49m  [0m[49m  [0m[49m  [0m[49m  [0m[7m  [0m[7m  [0m[49m  [0m[49m  [0m[7m  [0m
[7m  [0m[7m  [0m[7m  [0m[7m  [0m[7m  [0m[7m  [0m[7m  [0m[7m  [0m[7m  [0m[49m  [0m[7m  [0m[49m  [0m[7m  [0m[49m  [0m[7m  [0m[7m  [0m[7m  [0m[49m  [0m[7m  [0m[7m  [0m[7m  [0m[49m  [0m[49m  [0m[49m  [0m[49m  [0m[49m  [0m[7m  [0m
[7m  [0m[49m  [0m[49m  [0m[49m  [0m[49m  [0m[49m  [0m[49m  [0m[49m  [0m[7m  [0m[7m  [0m[7m  [0m[49m  [0m[7m  [0m[49m  [0m[49m  [0m[49m  [0m[7m  [0m[49m  [0m[7m  [0m[49m  [0m[7m  [0m[49m  [0m[7m  [0m[49m  [0m[49m  [0m[7m  [0m[7m  [0m
[7m  [0m[49m  [0m[7m  [0m[7m  [0m[7m  [0m[7m  [0m[7m  [0m[49m  [0m[7m  [0m[49m  [0m[7m  [0m[7m  [0m[49m  [0m[49m  [0m[7m  [0m[7m  [0m[7m  [0m[49m  [0m[7m  [0m[7m  [0m[7m  [0m[49m  [0m[49m  [0m[49m  [0m[49m  [0m[49m  [0m[7m  [0m
[7m  [0m[49m  [0m[7m  [0m[49m  [0m[49m  [0m[49m  [0m[7m  [0m[49m  [0m[7m  [0m[7m  [0m[49m  [0m[7m  [0m[7m  [0m[7m  [0m[49m  [0m[49m  [0m[49m  [0m[49m  [0m[49m  [0m[49m  [0m[49m  [0m[49m  [0m[7m  [0m[49m  [0m[7m  [0m[7m  [0m[7m  [0m
[7m  [0m[49m  [0m[7m  [0m[49m  [0m[49m  [0m[49m  [0m[7m  [0m[49m  [0m[7m  [0m[7m  [0m[7m  [0m[49m  [0m[7m  [0m[7m  [0m[49m  [0m[7m  [0m[7m  [0m[49m  [0m[7m  [0m[49m  [0m[49m  [0m[7m  [0m[7m  [0m[7m  [0m[7m  [0m[7m  [0m[7m  [0m
[7m  [0m[49m  [0m[7m  [0m[49m  [0m[49m  [0m[49m  [0m[7m  [0m[49m  [0m[7m  [0m[49m  [0m[7m  [0m[7m  [0m[49m  [0m[7m  [0m[7m  [0m[7m  [0m[49m  [0m[49m  [0m[49m  [0m[7m  [0m[49m  [0m[49m  [0m[49m  [0m[49m  [0m[49m  [0m[49m  [0m[7m  [0m
[7m  [0m[49m  [0m[7m  [0m[7m  [0m[7m  [0m[7m  [0m[7m  [0m[49m  [0m[7m  [0m[49m  [0m[7m  [0m[49m  [0m[7m  [0m[7m  [0m[49m  [0m[7m  [0m[49m  [0m[7m  [0m[7m  [0m[7m  [0m[49m  [0m[7m  [0m[49m  [0m[49m  [0m[7m  [0m[49m  [0m[7m  [0m
[7m  [0m[49m  [0m[49m  [0m[49m  [0m[49m  [0m[49m  [0m[49m  [0m[49m  [0m[7m  [0m[49m  [0m[7m  [0m[49m  [0m[49m  [0m[49m  [0m[49m  [0m[7m  [0m[49m  [0m[49m  [0m[49m  [0m[7m  [0m[49m  [0m[49m  [0m[49m  [0m[49m  [0m[49m  [0m[49m  [0m[7m  [0m
[7m  [0m[7m  [0m[7m  [0m[7m  [0m[7m  [0m[7m  [0m[7m  [0m[7m  [0m[7m  [0m[7m  [0m[7m  [0m[7m  [0m[7m  [0m[7m  [0m[7m  [0m[7m  [0m[7m  [0m[7m  [0m[7m  [0m[7m  [0m[7m  [0m[7m  [0m[7m  [0m[7m  [0m[7m  [0m[7m  [0m[7m  [0m

660f9988d74b89.lhr.life tunneled with tls termination, https://660f9988d74b89.lhr.life
create an account and add your key for a longer lasting domain name. see https://localhost.run/docs/forever-free/ for more information.
Open your tunnel address on your mobile with this QR:

[7m  [0m[7m  [0m[7m  [0m[7m  [0m[7m  [0m[7m  [0m[7m  [0m[7m  [0m[7m  [0m[7m  [0m[7m  [0m[7m  [0m[7m  [0m[7m  [0m[7m  [0m[7m  [0m[7m  [0m[7m  [0m[7m  [0m[7m  [0m[7m  [0m[7m  [0m[7m  [0m[7m  [0m[7m  [0m[7m  [0m[7m  [0m
[7m  [0m[49m  [0m[49m  [0m[49m  [0m[49m  [0m[49m  [0m[49m  [0m[49m  [0m[7m  [0m[49m  [0m[49m  [0m[49m  [0m[49m  [0m[7m  [0m[7m  [0m[7m  [0m[49m  [0m[49m  [0m[7m  [0m[49m  [0m[49m  [0m[49m  [0m[49m  [0m[49m  [0m[49m  [0m[49m  [0m[7m  [0m
[7m  [0m[49m  [0m[7m  [0m[7m  [0m[7m  [0m[7m  [0m[7m  [0m[49m  [0m[7m  [0m[7m  [0m[7m  [0m[7m  [0m[49m  [0m[49m  [0m[49m  [0m[49m  [0m[7m  [0m[49m  [0m[7m  [0m[49m  [0m[7m  [0m[7m  [0m[7m  [0m[7m  [0m[7m  [0m[49m  [0m[7m  [0m
[7m  [0m[49m  [0m[7m  [0m[49m  [0m[49m  [0m[49m  [0m[7m  [0m[49m  [0m[7m  [0m[7m  [0m[49m  [0m[7m  [0m[49m  [0m[7m  [0m[7m  [0m[7m  [0m[7m  [0m[49m  [0m[7m  [0m[49m  [0m[7m  [0m[49m  [0m[49m  [0m[49m  [0m[7m  [0m[49m  [0m[7m  [0m
[7m  [0m[49m  [0m[7m  [0m[49m  [0m[49m  [0m[49m  [0m[7m  [0m[49m  [0m[7m  [0m[7m  [0m[7m  [0m[49m  [0m[49m  [0m[7m  [0m[49m  [0m[7m  [0m[49m  [0m[7m  [0m[7m  [0m[49m  [0m[7m  [0m[49m  [0m[49m  [0m[49m  [0m[7m  [0m[49m  [0m[7m  [0m
[7m  [0m[49m  [0m[7m  [0m[49m  [0m[49m  [0m[49m  [0m[7m  [0m[49m  [0m[7m  [0m[7m  [0m[7m  [0m[49m  [0m[49m  [0m[49m  [0m[49m  [0m[49m  [0m[7m  [0m[7m  [0m[7m  [0m[49m  [0m[7m  [0m[49m  [0m[49m  [0m[49m  [0m[7m  [0m[49m  [0m[7m  [0m
[7m  [0m[49m  [0m[7m  [0m[7m  [0m[7m  [0m[7m  [0m[7m  [0m[49m  [0m[7m  [0m[7m  [0m[49m  [0m[7m  [0m[49m  [0m[7m  [0m[49m  [0m[49m  [0m[49m  [0m[7m  [0m[7m  [0m[49m  [0m[7m  [0m[7m  [0m[7m  [0m[7m  [0m[7m  [0m[49m  [0m[7m  [0m
[7m  [0m[49m  [0m[49m  [0m[49m  [0m[49m  [0m[49m  [0m[49m  [0m[49m  [0m[7m  [0m[49m  [0m[7m  [0m[49m  [0m[7m  [0m[49m  [0m[7m  [0m[49m  [0m[7m  [0m[49m  [0m[7m  [0m[49m  [0m[49m  [0m[49m  [0m[49m  [0m[49m  [0m[49m  [0m[49m  [0m[7m  [0m
[7m  [0m[7m  [0m[7m  [0m[7m  [0m[7m  [0m[7m  [0m[7m  [0m[7m  [0m[7m  [0m[49m  [0m[49m  [0m[7m  [0m[7m  [0m[49m  [0m[7m  [0m[49m  [0m[49m  [0m[7m  [0m[7m  [0m[7m  [0m[7m  [0m[7m  [0m[7m  [0m[7m  [0m[7m  [0m[7m  [0m[7m  [0m
[7m  [0m[49m  [0m[49m  [0m[7m  [0m[49m  [0m[49m  [0m[7m  [0m[49m  [0m[7m  [0m[7m  [0m[49m  [0m[7m  [0m[7m  [0m[49m  [0m[7m  [0m[49m  [0m[7m  [0m[7m  [0m[7m  [0m[49m  [0m[7m  [0m[7m  [0m[7m  [0m[7m  [0m[7m  [0m[49m  [0m[7m  [0m
[7m  [0m[49m  [0m[7m  [0m[7m  [0m[7m  [0m[7m  [0m[49m  [0m[7m  [0m[7m  [0m[49m  [0m[7m  [0m[49m  [0m[7m  [0m[7m  [0m[49m  [0m[49m  [0m[49m  [0m[7m  [0m[49m  [0m[7m  [0m[49m  [0m[49m  [0m[49m  [0m[49m  [0m[7m  [0m[7m  [0m[7m  [0m
[7m  [0m[7m  [0m[49m  [0m[49m  [0m[7m  [0m[49m  [0m[7m  [0m[49m  [0m[49m  [0m[49m  [0m[49m  [0m[7m  [0m[7m  [0m[49m  [0m[7m  [0m[7m  [0m[49m  [0m[7m  [0m[49m  [0m[7m  [0m[7m  [0m[7m  [0m[7m  [0m[7m  [0m[7m  [0m[49m  [0m[7m  [0m
[7m  [0m[49m  [0m[49m  [0m[49m  [0m[49m  [0m[7m  [0m[7m  [0m[7m  [0m[49m  [0m[49m  [0m[7m  [0m[7m  [0m[7m  [0m[7m  [0m[49m  [0m[7m  [0m[7m  [0m[7m  [0m[49m  [0m[49m  [0m[49m  [0m[7m  [0m[49m  [0m[49m  [0m[49m  [0m[7m  [0m[7m  [0m
[7m  [0m[7m  [0m[7m  [0m[49m  [0m[49m  [0m[7m  [0m[7m  [0m[49m  [0m[7m  [0m[49m  [0m[49m  [0m[49m  [0m[7m  [0m[7m  [0m[7m  [0m[7m  [0m[7m  [0m[7m  [0m[49m  [0m[7m  [0m[49m  [0m[7m  [0m[49m  [0m[49m  [0m[49m  [0m[7m  [0m[7m  [0m
[7m  [0m[49m  [0m[7m  [0m[7m  [0m[49m  [0m[7m  [0m[49m  [0m[7m  [0m[7m  [0m[49m  [0m[7m  [0m[49m  [0m[7m  [0m[49m  [0m[49m  [0m[49m  [0m[7m  [0m[49m  [0m[49m  [0m[7m  [0m[7m  [0m[7m  [0m[49m  [0m[7m  [0m[7m  [0m[7m  [0m[7m  [0m
[7m  [0m[49m  [0m[49m  [0m[7m  [0m[49m  [0m[7m  [0m[49m  [0m[49m  [0m[7m  [0m[7m  [0m[7m  [0m[49m  [0m[7m  [0m[7m  [0m[49m  [0m[49m  [0m[49m  [0m[49m  [0m[7m  [0m[7m  [0m[7m  [0m[7m  [0m[49m  [0m[7m  [0m[7m  [0m[7m  [0m[7m  [0m
[7m  [0m[49m  [0m[7m  [0m[49m  [0m[49m  [0m[49m  [0m[7m  [0m[7m  [0m[49m  [0m[49m  [0m[7m  [0m[49m  [0m[7m  [0m[49m  [0m[49m  [0m[49m  [0m[49m  [0m[7m  [0m[7m  [0m[49m  [0m[7m  [0m[49m  [0m[7m  [0m[49m  [0m[49m  [0m[49m  [0m[7m  [0m
[7m  [0m[49m  [0m[7m  [0m[49m  [0m[49m  [0m[49m  [0m[49m  [0m[49m  [0m[49m  [0m[7m  [0m[49m  [0m[49m  [0m[49m  [0m[49m  [0m[49m  [0m[7m  [0m[7m  [0m[49m  [0m[49m  [0m[49m  [0m[49m  [0m[49m  [0m[7m  [0m[49m  [0m[49m  [0m[49m  [0m[7m  [0m
[7m  [0m[7m  [0m[7m  [0m[7m  [0m[7m  [0m[7m  [0m[7m  [0m[7m  [0m[7m  [0m[49m  [0m[7m  [0m[7m  [0m[49m  [0m[7m  [0m[7m  [0m[7m  [0m[49m  [0m[49m  [0m[7m  [0m[7m  [0m[7m  [0m[49m  [0m[49m  [0m[7m  [0m[7m  [0m[7m  [0m[7m  [0m
[7m  [0m[49m  [0m[49m  [0m[49m  [0m[49m  [0m[49m  [0m[49m  [0m[49m  [0m[7m  [0m[7m  [0m[49m  [0m[49m  [0m[7m  [0m[49m  [0m[49m  [0m[49m  [0m[7m  [0m[49m  [0m[7m  [0m[49m  [0m[7m  [0m[49m  [0m[7m  [0m[49m  [0m[49m  [0m[7m  [0m[7m  [0m
[7m  [0m[49m  [0m[7m  [0m[7m  [0m[7m  [0m[7m  [0m[7m  [0m[49m  [0m[7m  [0m[7m  [0m[49m  [0m[7m  [0m[49m  [0m[7m  [0m[49m  [0m[49m  [0m[49m  [0m[49m  [0m[7m  [0m[7m  [0m[7m  [0m[49m  [0m[49m  [0m[49m  [0m[49m  [0m[7m  [0m[7m  [0m
[7m  [0m[49m  [0m[7m  [0m[49m  [0m[49m  [0m[49m  [0m[7m  [0m[49m  [0m[7m  [0m[49m  [0m[7m  [0m[49m  [0m[49m  [0m[7m  [0m[49m  [0m[7m  [0m[49m  [0m[49m  [0m[49m  [0m[49m  [0m[49m  [0m[49m  [0m[7m  [0m[49m  [0m[49m  [0m[7m  [0m[7m  [0m
[7m  [0m[49m  [0m[7m  [0m[49m  [0m[49m  [0m[49m  [0m[7m  [0m[49m  [0m[7m  [0m[49m  [0m[7m  [0m[7m  [0m[7m  [0m[49m  [0m[49m  [0m[49m  [0m[49m  [0m[49m  [0m[7m  [0m[49m  [0m[7m  [0m[49m  [0m[7m  [0m[49m  [0m[7m  [0m[49m  [0m[7m  [0m
[7m  [0m[49m  [0m[7m  [0m[49m  [0m[49m  [0m[49m  [0m[7m  [0m[49m  [0m[7m  [0m[7m  [0m[7m  [0m[49m  [0m[49m  [0m[7m  [0m[49m  [0m[7m  [0m[49m  [0m[7m  [0m[49m  [0m[7m  [0m[7m  [0m[49m  [0m[7m  [0m[7m  [0m[49m  [0m[49m  [0m[7m  [0m
[7m  [0m[49m  [0m[7m  [0m[7m  [0m[7m  [0m[7m  [0m[7m  [0m[49m  [0m[7m  [0m[49m  [0m[49m  [0m[49m  [0m[49m  [0m[49m  [0m[49m  [0m[7m  [0m[7m  [0m[49m  [0m[7m  [0m[49m  [0m[7m  [0m[7m  [0m[7m  [0m[49m  [0m[49m  [0m[7m  [0m[7m  [0m
[7m  [0m[49m  [0m[49m  [0m[49m  [0m[49m  [0m[49m  [0m[49m  [0m[49m  [0m[7m  [0m[49m  [0m[49m  [0m[7m  [0m[49m  [0m[49m  [0m[49m  [0m[7m  [0m[49m  [0m[49m  [0m[7m  [0m[49m  [0m[7m  [0m[49m  [0m[7m  [0m[49m  [0m[49m  [0m[49m  [0m[7m  [0m
[7m  [0m[7m  [0m[7m  [0m[7m  [0m[7m  [0m[7m  [0m[7m  [0m[7m  [0m[7m  [0m[7m  [0m[7m  [0m[7m  [0m[7m  [0m[7m  [0m[7m  [0m[7m  [0m[7m  [0m[7m  [0m[7m  [0m[7m  [0m[7m  [0m[7m  [0m[7m  [0m[7m  [0m[7m  [0m[7m  [0m[7m  [0m

1873c94b26e6d3.lhr.life tunneled with tls termination, https://1873c94b26e6d3.lhr.life
create an account and add your key for a longer lasting domain name. see https://localhost.run/docs/forever-free/ for more information.
Open your tunnel address on your mobile with this QR:

[7m  [0m[7m  [0m[7m  [0m[7m  [0m[7m  [0m[7m  [0m[7m  [0m[7m  [0m[7m  [0m[7m  [0m[7m  [0m[7m  [0m[7m  [0m[7m  [0m[7m  [0m[7m  [0m[7m  [0m[7m  [0m[7m  [0m[7m  [0m[7m  [0m[7m  [0m[7m  [0m[7m  [0m[7m  [0m[7m  [0m[7m  [0m
[7m  [0m[49m  [0m[49m  [0m[49m  [0m[49m  [0m[49m  [0m[49m  [0m[49m  [0m[7m  [0m[7m  [0m[7m  [0m[49m  [0m[7m  [0m[7m  [0m[49m  [0m[7m  [0m[7m  [0m[49m  [0m[7m  [0m[49m  [0m[49m  [0m[49m  [0m[49m  [0m[49m  [0m[49m  [0m[49m  [0m[7m  [0m
[7m  [0m[49m  [0m[7m  [0m[7m  [0m[7m  [0m[7m  [0m[7m  [0m[49m  [0m[7m  [0m[49m  [0m[49m  [0m[49m  [0m[7m  [0m[7m  [0m[7m  [0m[7m  [0m[49m  [0m[7m  [0m[7m  [0m[49m  [0m[7m  [0m[7m  [0m[7m  [0m[7m  [0m[7m  [0m[49m  [0m[7m  [0m
[7m  [0m[49m  [0m[7m  [0m[49m  [0m[49m  [0m[49m  [0m[7m  [0m[49m  [0m[7m  [0m[49m  [0m[7m  [0m[7m  [0m[7m  [0m[7m  [0m[49m  [0m[7m  [0m[49m  [0m[49m  [0m[7m  [0m[49m  [0m[7m  [0m[49m  [0m[49m  [0m[49m  [0m[7m  [0m[49m  [0m[7m  [0m
[7m  [0m[49m  [0m[7m  [0m[49m  [0m[49m  [0m[49m  [0m[7m  [0m[49m  [0m[7m  [0m[7m  [0m[49m  [0m[7m  [0m[7m  [0m[49m  [0m[7m  [0m[49m  [0m[7m  [0m[49m  [0m[7m  [0m[49m  [0m[7m  [0m[49m  [0m[49m  [0m[49m  [0m[7m  [0m[49m  [0m[7m  [0m
[7m  [0m[49m  [0m[7m  [0m[49m  [0m[49m  [0m[49m  [0m[7m  [0m[49m  [0m[7m  [0m[49m  [0m[49m  [0m[49m  [0m[7m  [0m[49m  [0m[7m  [0m[49m  [0m[49m  [0m[7m  [0m[7m  [0m[49m  [0m[7m  [0m[49m  [0m[49m  [0m[49m  [0m[7m  [0m[49m  [0m[7m  [0m
[7m  [0m[49m  [0m[7m  [0m[7m  [0m[7m  [0m[7m  [0m[7m  [0m[49m  [0m[7m  [0m[49m  [0m[7m  [0m[49m  [0m[7m  [0m[49m  [0m[7m  [0m[7m  [0m[7m  [0m[49m  [0m[7m  [0m[49m  [0m[7m  [0m[7m  [0m[7m  [0m[7m  [0m[7m  [0m[49m  [0m[7m  [0m
[7m  [0m[49m  [0m[49m  [0m[49m  [0m[49m  [0m[49m  [0m[49m  [0m[49m  [0m[7m  [0m[49m  [0m[7m  [0m[49m  [0m[7m  [0m[49m  [0m[7m  [0m[49m  [0m[7m  [0m[49m  [0m[7m  [0m[49m  [0m[49m  [0m[49m  [0m[49m  [0m[49m  [0m[49m  [0m[49m  [0m[7m  [0m
[7m  [0m[7m  [0m[7m  [0m[7m  [0m[7m  [0m[7m  [0m[7m  [0m[7m  [0m[7m  [0m[49m  [0m[7m  [0m[49m  [0m[49m  [0m[7m  [0m[49m  [0m[7m  [0m[7m  [0m[49m  [0m[7m  [0m[7m  [0m[7m  [0m[7m  [0m[7m  [0m[7m  [0m[7m  [0m[7m  [0m[7m  [0m
[7m  [0m[49m  [0m[49m  [0m[7m  [0m[49m  [0m[7m  [0m[7m  [0m[49m  [0m[49m  [0m[7m  [0m[7m  [0m[7m  [0m[49m  [0m[49m  [0m[49m  [0m[49m  [0m[49m  [0m[7m  [0m[7m  [0m[49m  [0m[49m  [0m[49m  [0m[7m  [0m[49m  [0m[49m  [0m[7m  [0m[7m  [0m
[7m  [0m[7m  [0m[7m  [0m[49m  [0m[7m  [0m[7m  [0m[49m  [0m[7m  [0m[49m  [0m[7m  [0m[49m  [0m[7m  [0m[49m  [0m[49m  [0m[7m  [0m[7m  [0m[7m  [0m[7m  [0m[7m  [0m[7m  [0m[49m  [0m[49m  [0m[7m  [0m[7m  [0m[49m  [0m[49m  [0m[7m  [0m
[7m  [0m[7m  [0m[49m  [0m[7m  [0m[49m  [0m[7m  [0m[49m  [0m[49m  [0m[49m  [0m[49m  [0m[7m  [0m[7m  [0m[49m  [0m[49m  [0m[49m  [0m[7m  [0m[7m  [0m[49m  [0m[49m  [0m[49m  [0m[49m  [0m[49m  [0m[49m  [0m[7m  [0m[49m  [0m[49m  [0m[7m  [0m
[7m  [0m[49m  [0m[7m  [0m[49m  [0m[7m  [0m[49m  [0m[49m  [0m[7m  [0m[7m  [0m[7m  [0m[49m  [0m[49m  [0m[49m  [0m[49m  [0m[7m  [0m[49m  [0m[7m  [0m[7m  [0m[7m  [0m[7m  [0m[49m  [0m[7m  [0m[7m  [0m[7m  [0m[7m  [0m[49m  [0m[7m  [0m
[7m  [0m[49m  [0m[49m  [0m[49m  [0m[7m  [0m[7m  [0m[7m  [0m[49m  [0m[49m  [0m[49m  [0m[7m  [0m[49m  [0m[49m  [0m[7m  [0m[49m  [0m[7m  [0m[7m  [0m[7m  [0m[49m  [0m[49m  [0m[7m  [0m[49m  [0m[7m  [0m[49m  [0m[7m  [0m[7m  [0m[7m  [0m
[7m  [0m[7m  [0m[49m  [0m[7m  [0m[49m  [0m[49m  [0m[7m  [0m[7m  [0m[7m  [0m[7m  [0m[49m  [0m[7m  [0m[49m  [0m[7m  [0m[7m  [0m[7m  [0m[49m  [0m[49m  [0m[7m  [0m[7m  [0m[49m  [0m[49m  [0m[7m  [0m[49m  [0m[49m  [0m[49m  [0m[7m  [0m
[7m  [0m[49m  [0m[7m  [0m[7m  [0m[7m  [0m[7m  [0m[7m  [0m[49m  [0m[7m  [0m[7m  [0m[49m  [0m[7m  [0m[49m  [0m[7m  [0m[7m  [0m[49m  [0m[49m  [0m[49m  [0m[7m  [0m[7m  [0m[49m  [0m[49m  [0m[7m  [0m[7m  [0m[49m  [0m[7m  [0m[7m  [0m
[7m  [0m[7m  [0m[49m  [0m[49m  [0m[49m  [0m[49m  [0m[7m  [0m[7m  [0m[7m  [0m[49m  [0m[49m  [0m[49m  [0m[49m  [0m[7m  [0m[7m  [0m[7m  [0m[49m  [0m[7m  [0m[7m  [0m[49m  [0m[7m  [0m[7m  [0m[49m  [0m[7m  [0m[7m  [0m[7m  [0m[7m  [0m
[7m  [0m[49m  [0m[49m  [0m[7m  [0m[7m  [0m[49m  [0m[49m  [0m[49m  [0m[49m  [0m[49m  [0m[49m  [0m[49m  [0m[7m  [0m[49m  [0m[7m  [0m[7m  [0m[49m  [0m[49m  [0m[49m  [0m[49m  [0m[49m  [0m[49m  [0m[49m  [0m[49m  [0m[7m  [0m[49m  [0m[7m  [0m
[7m  [0m[7m  [0m[7m  [0m[7m  [0m[7m  [0m[7m  [0m[7m  [0m[7m  [0m[7m  [0m[49m  [0m[49m  [0m[49m  [0m[7m  [0m[49m  [0m[49m  [0m[49m  [0m[7m  [0m[49m  [0m[7m  [0m[7m  [0m[7m  [0m[49m  [0m[7m  [0m[49m  [0m[49m  [0m[49m  [0m[7m  [0m
[7m  [0m[49m  [0m[49m  [0m[49m  [0m[49m  [0m[49m  [0m[49m  [0m[49m  [0m[7m  [0m[49m  [0m[49m  [0m[7m  [0m[49m  [0m[49m  [0m[7m  [0m[49m  [0m[49m  [0m[49m  [0m[7m  [0m[49m  [0m[7m  [0m[49m  [0m[49m  [0m[49m  [0m[7m  [0m[7m  [0m[7m  [0m
[7m  [0m[49m  [0m[7m  [0m[7m  [0m[7m  [0m[7m  [0m[7m  [0m[49m  [0m[7m  [0m[7m  [0m[7m  [0m[49m  [0m[7m  [0m[49m  [0m[7m  [0m[7m  [0m[7m  [0m[49m  [0m[7m  [0m[7m  [0m[7m  [0m[49m  [0m[7m  [0m[7m  [0m[7m  [0m[49m  [0m[7m  [0m
[7m  [0m[49m  [0m[7m  [0m[49m  [0m[49m  [0m[49m  [0m[7m  [0m[49m  [0m[7m  [0m[7m  [0m[49m  [0m[7m  [0m[7m  [0m[7m  [0m[7m  [0m[7m  [0m[49m  [0m[49m  [0m[49m  [0m[49m  [0m[49m  [0m[49m  [0m[49m  [0m[49m  [0m[7m  [0m[7m  [0m[7m  [0m
[7m  [0m[49m  [0m[7m  [0m[49m  [0m[49m  [0m[49m  [0m[7m  [0m[49m  [0m[7m  [0m[49m  [0m[49m  [0m[7m  [0m[49m  [0m[7m  [0m[7m  [0m[7m  [0m[49m  [0m[7m  [0m[49m  [0m[49m  [0m[49m  [0m[49m  [0m[49m  [0m[7m  [0m[49m  [0m[7m  [0m[7m  [0m
[7m  [0m[49m  [0m[7m  [0m[49m  [0m[49m  [0m[49m  [0m[7m  [0m[49m  [0m[7m  [0m[7m  [0m[49m  [0m[49m  [0m[7m  [0m[7m  [0m[7m  [0m[7m  [0m[49m  [0m[7m  [0m[7m  [0m[49m  [0m[49m  [0m[49m  [0m[7m  [0m[7m  [0m[7m  [0m[49m  [0m[7m  [0m
[7m  [0m[49m  [0m[7m  [0m[7m  [0m[7m  [0m[7m  [0m[7m  [0m[49m  [0m[7m  [0m[49m  [0m[7m  [0m[7m  [0m[7m  [0m[7m  [0m[7m  [0m[49m  [0m[49m  [0m[7m  [0m[49m  [0m[7m  [0m[7m  [0m[49m  [0m[49m  [0m[7m  [0m[7m  [0m[49m  [0m[7m  [0m
[7m  [0m[49m  [0m[49m  [0m[49m  [0m[49m  [0m[49m  [0m[49m  [0m[49m  [0m[7m  [0m[49m  [0m[7m  [0m[49m  [0m[7m  [0m[49m  [0m[7m  [0m[7m  [0m[7m  [0m[49m  [0m[7m  [0m[7m  [0m[49m  [0m[49m  [0m[49m  [0m[7m  [0m[7m  [0m[49m  [0m[7m  [0m
[7m  [0m[7m  [0m[7m  [0m[7m  [0m[7m  [0m[7m  [0m[7m  [0m[7m  [0m[7m  [0m[7m  [0m[7m  [0m[7m  [0m[7m  [0m[7m  [0m[7m  [0m[7m  [0m[7m  [0m[7m  [0m[7m  [0m[7m  [0m[7m  [0m[7m  [0m[7m  [0m[7m  [0m[7m  [0m[7m  [0m[7m  [0m

