Pseudo-terminal will not be allocated because stdin is not a terminal.
** WARNING: connection is not using a post-quantum key exchange algorithm.
** This session may be vulnerable to "store now, decrypt later" attacks.
** The server may need to be upgraded. See https://openssh.com/pq.html

===============================================================================
Welcome to localhost.run!

Follow your favourite reverse tunnel at [https://twitter.com/localhost_run].

To set up and manage custom domains go to https://admin.localhost.run/

More details on custom domains (and how to enable subdomains of your custom
domain) at https://localhost.run/docs/custom-domains

If you get a permission denied error check the faq for how to connect with a key or
create a free tunnel without a key at [http://localhost:3000/docs/faq#generating-an-ssh-key].

To explore using localhost.run visit the documentation site:
https://localhost.run/docs/

===============================================================================

** your connection id is 3e7733ed-b193-40d6-92de-a94c0a3ea5e6, please mention it if you send me a message about an issue. **

authenticated as anonymous user
f8a0127281def4.lhr.life tunneled with tls termination, https://f8a0127281def4.lhr.life
create an account and add your key for a longer lasting domain name. see https://localhost.run/docs/forever-free/ for more information.
Open your tunnel address on your mobile with this QR:

[7m  [0m[7m  [0m[7m  [0m[7m  [0m[7m  [0m[7m  [0m[7m  [0m[7m  [0m[7m  [0m[7m  [0m[7m  [0m[7m  [0m[7m  [0m[7m  [0m[7m  [0m[7m  [0m[7m  [0m[7m  [0m[7m  [0m[7m  [0m[7m  [0m[7m  [0m[7m  [0m[7m  [0m[7m  [0m[7m  [0m[7m  [0m
[7m  [0m[49m  [0m[49m  [0m[49m  [0m[49m  [0m[49m  [0m[49m  [0m[49m  [0m[7m  [0m[49m  [0m[49m  [0m[7m  [0m[7m  [0m[7m  [0m[49m  [0m[49m  [0m[49m  [0m[7m  [0m[7m  [0m[49m  [0m[49m  [0m[49m  [0m[49m  [0m[49m  [0m[49m  [0m[49m  [0m[7m  [0m
[7m  [0m[49m  [0m[7m  [0m[7m  [0m[7m  [0m[7m  [0m[7m  [0m[49m  [0m[7m  [0m[7m  [0m[7m  [0m[7m  [0m[7m  [0m[7m  [0m[7m  [0m[49m  [0m[7m  [0m[49m  [0m[7m  [0m[49m  [0m[7m  [0m[7m  [0m[7m  [0m[7m  [0m[7m  [0m[49m  [0m[7m  [0m
[7m  [0m[49m  [0m[7m  [0m[49m  [0m[49m  [0m[49m  [0m[7m  [0m[49m  [0m[7m  [0m[49m  [0m[7m  [0m[7m  [0m[49m  [0m[49m  [0m[7m  [0m[7m  [0m[49m  [0m[49m  [0m[7m  [0m[49m  [0m[7m  [0m[49m  [0m[49m  [0m[49m  [0m[7m  [0m[49m  [0m[7m  [0m
[7m  [0m[49m  [0m[7m  [0m[49m  [0m[49m  [0m[49m  [0m[7m  [0m[49m  [0m[7m  [0m[49m  [0m[49m  [0m[7m  [0m[49m  [0m[7m  [0m[49m  [0m[49m  [0m[7m  [0m[49m  [0m[7m  [0m[49m  [0m[7m  [0m[49m  [0m[49m  [0m[49m  [0m[7m  [0m[49m  [0m[7m  [0m
[7m  [0m[49m  [0m[7m  [0m[49m  [0m[49m  [0m[49m  [0m[7m  [0m[49m  [0m[7m  [0m[49m  [0m[49m  [0m[49m  [0m[49m  [0m[7m  [0m[49m  [0m[49m  [0m[49m  [0m[7m  [0m[7m  [0m[49m  [0m[7m  [0m[49m  [0m[49m  [0m[49m  [0m[7m  [0m[49m  [0m[7m  [0m
[7m  [0m[49m  [0m[7m  [0m[7m  [0m[7m  [0m[7m  [0m[7m  [0m[49m  [0m[7m  [0m[7m  [0m[49m  [0m[7m  [0m[7m  [0m[49m  [0m[7m  [0m[49m  [0m[49m  [0m[7m  [0m[7m  [0m[49m  [0m[7m  [0m[7m  [0m[7m  [0m[7m  [0m[7m  [0m[49m  [0m[7m  [0m
[7m  [0m[49m  [0m[49m  [0m[49m  [0m[49m  [0m[49m  [0m[49m  [0m[49m  [0m[7m  [0m[49m  [0m[7m  [0m[49m  [0m[7m  [0m[49m  [0m[7m  [0m[49m  [0m[7m  [0m[49m  [0m[7m  [0m[49m  [0m[49m  [0m[49m  [0m[49m  [0m[49m  [0m[49m  [0m[49m  [0m[7m  [0m
[7m  [0m[7m  [0m[7m  [0m[7m  [0m[7m  [0m[7m  [0m[7m  [0m[7m  [0m[7m  [0m[7m  [0m[49m  [0m[7m  [0m[49m  [0m[7m  [0m[49m  [0m[49m  [0m[49m  [0m[7m  [0m[7m  [0m[7m  [0m[7m  [0m[7m  [0m[7m  [0m[7m  [0m[7m  [0m[7m  [0m[7m  [0m
[7m  [0m[49m  [0m[49m  [0m[49m  [0m[49m  [0m[7m  [0m[7m  [0m[49m  [0m[7m  [0m[49m  [0m[7m  [0m[7m  [0m[7m  [0m[7m  [0m[7m  [0m[49m  [0m[49m  [0m[7m  [0m[49m  [0m[7m  [0m[7m  [0m[49m  [0m[49m  [0m[49m  [0m[7m  [0m[49m  [0m[7m  [0m
[7m  [0m[49m  [0m[49m  [0m[7m  [0m[7m  [0m[49m  [0m[49m  [0m[7m  [0m[49m  [0m[49m  [0m[49m  [0m[7m  [0m[7m  [0m[7m  [0m[49m  [0m[7m  [0m[7m  [0m[49m  [0m[49m  [0m[7m  [0m[7m  [0m[49m  [0m[7m  [0m[7m  [0m[7m  [0m[7m  [0m[7m  [0m
[7m  [0m[49m  [0m[7m  [0m[49m  [0m[7m  [0m[7m  [0m[7m  [0m[49m  [0m[7m  [0m[49m  [0m[7m  [0m[7m  [0m[7m  [0m[7m  [0m[7m  [0m[7m  [0m[49m  [0m[49m  [0m[7m  [0m[49m  [0m[7m  [0m[49m  [0m[49m  [0m[7m  [0m[7m  [0m[7m  [0m[7m  [0m
[7m  [0m[7m  [0m[49m  [0m[49m  [0m[7m  [0m[7m  [0m[49m  [0m[7m  [0m[7m  [0m[7m  [0m[7m  [0m[7m  [0m[49m  [0m[49m  [0m[7m  [0m[7m  [0m[7m  [0m[49m  [0m[7m  [0m[7m  [0m[49m  [0m[7m  [0m[49m  [0m[49m  [0m[7m  [0m[49m  [0m[7m  [0m
[7m  [0m[49m  [0m[49m  [0m[49m  [0m[7m  [0m[49m  [0m[49m  [0m[49m  [0m[7m  [0m[7m  [0m[49m  [0m[7m  [0m[49m  [0m[7m  [0m[49m  [0m[49m  [0m[7m  [0m[7m  [0m[7m  [0m[7m  [0m[7m  [0m[7m  [0m[49m  [0m[7m  [0m[7m  [0m[7m  [0m[7m  [0m
[7m  [0m[7m  [0m[49m  [0m[49m  [0m[49m  [0m[49m  [0m[49m  [0m[7m  [0m[7m  [0m[7m  [0m[49m  [0m[49m  [0m[49m  [0m[7m  [0m[7m  [0m[49m  [0m[49m  [0m[7m  [0m[7m  [0m[7m  [0m[49m  [0m[49m  [0m[49m  [0m[7m  [0m[49m  [0m[49m  [0m[7m  [0m
[7m  [0m[7m  [0m[49m  [0m[49m  [0m[49m  [0m[49m  [0m[49m  [0m[49m  [0m[7m  [0m[7m  [0m[7m  [0m[7m  [0m[7m  [0m[49m  [0m[49m  [0m[49m  [0m[49m  [0m[49m  [0m[49m  [0m[49m  [0m[49m  [0m[7m  [0m[7m  [0m[7m  [0m[7m  [0m[49m  [0m[7m  [0m
[7m  [0m[49m  [0m[7m  [0m[7m  [0m[49m  [0m[7m  [0m[7m  [0m[7m  [0m[49m  [0m[49m  [0m[49m  [0m[49m  [0m[7m  [0m[49m  [0m[49m  [0m[7m  [0m[7m  [0m[49m  [0m[7m  [0m[7m  [0m[7m  [0m[49m  [0m[49m  [0m[7m  [0m[49m  [0m[49m  [0m[7m  [0m
[7m  [0m[7m  [0m[7m  [0m[7m  [0m[49m  [0m[49m  [0m[7m  [0m[49m  [0m[49m  [0m[49m  [0m[49m  [0m[7m  [0m[49m  [0m[7m  [0m[49m  [0m[7m  [0m[49m  [0m[49m  [0m[49m  [0m[49m  [0m[49m  [0m[49m  [0m[49m  [0m[49m  [0m[49m  [0m[7m  [0m[7m  [0m
[7m  [0m[7m  [0m[7m  [0m[7m  [0m[7m  [0m[7m  [0m[7m  [0m[7m  [0m[7m  [0m[49m  [0m[49m  [0m[7m  [0m[7m  [0m[49m  [0m[49m  [0m[7m  [0m[7m  [0m[49m  [0m[7m  [0m[7m  [0m[7m  [0m[49m  [0m[49m  [0m[7m  [0m[49m  [0m[49m  [0m[7m  [0m
[7m  [0m[49m  [0m[49m  [0m[49m  [0m[49m  [0m[49m  [0m[49m  [0m[49m  [0m[7m  [0m[7m  [0m[7m  [0m[49m  [0m[49m  [0m[49m  [0m[7m  [0m[7m  [0m[7m  [0m[49m  [0m[7m  [0m[49m  [0m[7m  [0m[49m  [0m[7m  [0m[7m  [0m[7m  [0m[7m  [0m[7m  [0m
[7m  [0m[49m  [0m[7m  [0m[7m  [0m[7m  [0m[7m  [0m[7m  [0m[49m  [0m[7m  [0m[7m  [0m[49m  [0m[7m  [0m[7m  [0m[49m  [0m[7m  [0m[49m  [0m[7m  [0m[49m  [0m[7m  [0m[7m  [0m[7m  [0m[49m  [0m[49m  [0m[49m  [0m[7m  [0m[49m  [0m[7m  [0m
[7m  [0m[49m  [0m[7m  [0m[49m  [0m[49m  [0m[49m  [0m[7m  [0m[49m  [0m[7m  [0m[7m  [0m[49m  [0m[49m  [0m[49m  [0m[49m  [0m[49m  [0m[7m  [0m[49m  [0m[49m  [0m[49m  [0m[49m  [0m[49m  [0m[49m  [0m[49m  [0m[49m  [0m[49m  [0m[49m  [0m[7m  [0m
[7m  [0m[49m  [0m[7m  [0m[49m  [0m[49m  [0m[49m  [0m[7m  [0m[49m  [0m[7m  [0m[49m  [0m[49m  [0m[7m  [0m[7m  [0m[49m  [0m[49m  [0m[7m  [0m[49m  [0m[7m  [0m[7m  [0m[7m  [0m[49m  [0m[49m  [0m[49m  [0m[7m  [0m[7m  [0m[49m  [0m[7m  [0m
[7m  [0m[49m  [0m[7m  [0m[49m  [0m[49m  [0m[49m  [0m[7m  [0m[49m  [0m[7m  [0m[49m  [0m[7m  [0m[7m  [0m[49m  [0m[49m  [0m[49m  [0m[7m  [0m[49m  [0m[7m  [0m[7m  [0m[7m  [0m[7m  [0m[49m  [0m[7m  [0m[49m  [0m[49m  [0m[7m  [0m[7m  [0m
[7m  [0m[49m  [0m[7m  [0m[7m  [0m[7m  [0m[7m  [0m[7m  [0m[49m  [0m[7m  [0m[49m  [0m[49m  [0m[49m  [0m[7m  [0m[7m  [0m[7m  [0m[7m  [0m[49m  [0m[49m  [0m[49m  [0m[7m  [0m[7m  [0m[49m  [0m[7m  [0m[7m  [0m[7m  [0m[49m  [0m[7m  [0m
[7m  [0m[49m  [0m[49m  [0m[49m  [0m[49m  [0m[49m  [0m[49m  [0m[49m  [0m[7m  [0m[49m  [0m[49m  [0m[49m  [0m[7m  [0m[49m  [0m[7m  [0m[49m  [0m[49m  [0m[49m  [0m[7m  [0m[7m  [0m[7m  [0m[49m  [0m[49m  [0m[49m  [0m[7m  [0m[49m  [0m[7m  [0m
[7m  [0m[7m  [0m[7m  [0m[7m  [0m[7m  [0m[7m  [0m[7m  [0m[7m  [0m[7m  [0m[7m  [0m[7m  [0m[7m  [0m[7m  [0m[7m  [0m[7m  [0m[7m  [0m[7m  [0m[7m  [0m[7m  [0m[7m  [0m[7m  [0m[7m  [0m[7m  [0m[7m  [0m[7m  [0m[7m  [0m[7m  [0m

262de4bb01981a.lhr.life tunneled with tls termination, https://262de4bb01981a.lhr.life
create an account and add your key for a longer lasting domain name. see https://localhost.run/docs/forever-free/ for more information.
Open your tunnel address on your mobile with this QR:

[7m  [0m[7m  [0m[7m  [0m[7m  [0m[7m  [0m[7m  [0m[7m  [0m[7m  [0m[7m  [0m[7m  [0m[7m  [0m[7m  [0m[7m  [0m[7m  [0m[7m  [0m[7m  [0m[7m  [0m[7m  [0m[7m  [0m[7m  [0m[7m  [0m[7m  [0m[7m  [0m[7m  [0m[7m  [0m[7m  [0m[7m  [0m
[7m  [0m[49m  [0m[49m  [0m[49m  [0m[49m  [0m[49m  [0m[49m  [0m[49m  [0m[7m  [0m[49m  [0m[49m  [0m[49m  [0m[49m  [0m[7m  [0m[7m  [0m[7m  [0m[49m  [0m[49m  [0m[7m  [0m[49m  [0m[49m  [0m[49m  [0m[49m  [0m[49m  [0m[49m  [0m[49m  [0m[7m  [0m
[7m  [0m[49m  [0m[7m  [0m[7m  [0m[7m  [0m[7m  [0m[7m  [0m[49m  [0m[7m  [0m[7m  [0m[7m  [0m[7m  [0m[49m  [0m[49m  [0m[49m  [0m[49m  [0m[7m  [0m[49m  [0m[7m  [0m[49m  [0m[7m  [0m[7m  [0m[7m  [0m[7m  [0m[7m  [0m[49m  [0m[7m  [0m
[7m  [0m[49m  [0m[7m  [0m[49m  [0m[49m  [0m[49m  [0m[7m  [0m[49m  [0m[7m  [0m[7m  [0m[49m  [0m[7m  [0m[49m  [0m[7m  [0m[7m  [0m[7m  [0m[7m  [0m[49m  [0m[7m  [0m[49m  [0m[7m  [0m[49m  [0m[49m  [0m[49m  [0m[7m  [0m[49m  [0m[7m  [0m
[7m  [0m[49m  [0m[7m  [0m[49m  [0m[49m  [0m[49m  [0m[7m  [0m[49m  [0m[7m  [0m[7m  [0m[7m  [0m[49m  [0m[49m  [0m[7m  [0m[49m  [0m[7m  [0m[49m  [0m[7m  [0m[7m  [0m[49m  [0m[7m  [0m[49m  [0m[49m  [0m[49m  [0m[7m  [0m[49m  [0m[7m  [0m
[7m  [0m[49m  [0m[7m  [0m[49m  [0m[49m  [0m[49m  [0m[7m  [0m[49m  [0m[7m  [0m[7m  [0m[7m  [0m[49m  [0m[49m  [0m[49m  [0m[49m  [0m[49m  [0m[7m  [0m[7m  [0m[7m  [0m[49m  [0m[7m  [0m[49m  [0m[49m  [0m[49m  [0m[7m  [0m[49m  [0m[7m  [0m
[7m  [0m[49m  [0m[7m  [0m[7m  [0m[7m  [0m[7m  [0m[7m  [0m[49m  [0m[7m  [0m[7m  [0m[49m  [0m[7m  [0m[49m  [0m[7m  [0m[49m  [0m[49m  [0m[49m  [0m[7m  [0m[7m  [0m[49m  [0m[7m  [0m[7m  [0m[7m  [0m[7m  [0m[7m  [0m[49m  [0m[7m  [0m
[7m  [0m[49m  [0m[49m  [0m[49m  [0m[49m  [0m[49m  [0m[49m  [0m[49m  [0m[7m  [0m[49m  [0m[7m  [0m[49m  [0m[7m  [0m[49m  [0m[7m  [0m[49m  [0m[7m  [0m[49m  [0m[7m  [0m[49m  [0m[49m  [0m[49m  [0m[49m  [0m[49m  [0m[49m  [0m[49m  [0m[7m  [0m
[7m  [0m[7m  [0m[7m  [0m[7m  [0m[7m  [0m[7m  [0m[7m  [0m[7m  [0m[7m  [0m[49m  [0m[49m  [0m[7m  [0m[7m  [0m[49m  [0m[7m  [0m[49m  [0m[49m  [0m[7m  [0m[7m  [0m[7m  [0m[7m  [0m[7m  [0m[7m  [0m[7m  [0m[7m  [0m[7m  [0m[7m  [0m
[7m  [0m[49m  [0m[49m  [0m[7m  [0m[49m  [0m[49m  [0m[7m  [0m[49m  [0m[7m  [0m[7m  [0m[49m  [0m[7m  [0m[7m  [0m[49m  [0m[7m  [0m[49m  [0m[7m  [0m[7m  [0m[7m  [0m[49m  [0m[7m  [0m[7m  [0m[7m  [0m[7m  [0m[7m  [0m[49m  [0m[7m  [0m
[7m  [0m[49m  [0m[49m  [0m[7m  [0m[49m  [0m[49m  [0m[49m  [0m[7m  [0m[7m  [0m[7m  [0m[7m  [0m[49m  [0m[7m  [0m[7m  [0m[49m  [0m[49m  [0m[49m  [0m[7m  [0m[7m  [0m[7m  [0m[49m  [0m[7m  [0m[49m  [0m[49m  [0m[7m  [0m[7m  [0m[7m  [0m
[7m  [0m[7m  [0m[7m  [0m[49m  [0m[7m  [0m[7m  [0m[7m  [0m[49m  [0m[49m  [0m[49m  [0m[49m  [0m[7m  [0m[7m  [0m[49m  [0m[7m  [0m[7m  [0m[7m  [0m[49m  [0m[49m  [0m[7m  [0m[49m  [0m[49m  [0m[7m  [0m[7m  [0m[7m  [0m[49m  [0m[7m  [0m
[7m  [0m[49m  [0m[49m  [0m[49m  [0m[7m  [0m[49m  [0m[49m  [0m[7m  [0m[7m  [0m[49m  [0m[7m  [0m[7m  [0m[7m  [0m[7m  [0m[49m  [0m[7m  [0m[7m  [0m[7m  [0m[49m  [0m[49m  [0m[7m  [0m[49m  [0m[49m  [0m[49m  [0m[49m  [0m[7m  [0m[7m  [0m
[7m  [0m[7m  [0m[49m  [0m[49m  [0m[49m  [0m[49m  [0m[7m  [0m[49m  [0m[7m  [0m[49m  [0m[49m  [0m[49m  [0m[7m  [0m[7m  [0m[7m  [0m[7m  [0m[7m  [0m[49m  [0m[7m  [0m[7m  [0m[49m  [0m[7m  [0m[49m  [0m[49m  [0m[49m  [0m[7m  [0m[7m  [0m
[7m  [0m[49m  [0m[7m  [0m[49m  [0m[7m  [0m[49m  [0m[7m  [0m[7m  [0m[49m  [0m[49m  [0m[49m  [0m[49m  [0m[7m  [0m[49m  [0m[49m  [0m[49m  [0m[7m  [0m[7m  [0m[49m  [0m[7m  [0m[7m  [0m[7m  [0m[49m  [0m[7m  [0m[7m  [0m[7m  [0m[7m  [0m
[7m  [0m[49m  [0m[49m  [0m[49m  [0m[49m  [0m[49m  [0m[7m  [0m[49m  [0m[7m  [0m[49m  [0m[7m  [0m[49m  [0m[7m  [0m[7m  [0m[49m  [0m[49m  [0m[49m  [0m[49m  [0m[49m  [0m[7m  [0m[49m  [0m[7m  [0m[49m  [0m[7m  [0m[7m  [0m[7m  [0m[7m  [0m
[7m  [0m[49m  [0m[7m  [0m[7m  [0m[7m  [0m[7m  [0m[49m  [0m[7m  [0m[49m  [0m[7m  [0m[7m  [0m[7m  [0m[7m  [0m[49m  [0m[49m  [0m[49m  [0m[49m  [0m[49m  [0m[49m  [0m[49m  [0m[49m  [0m[7m  [0m[7m  [0m[49m  [0m[49m  [0m[49m  [0m[7m  [0m
[7m  [0m[49m  [0m[7m  [0m[7m  [0m[49m  [0m[49m  [0m[7m  [0m[49m  [0m[7m  [0m[7m  [0m[49m  [0m[7m  [0m[49m  [0m[49m  [0m[49m  [0m[7m  [0m[7m  [0m[49m  [0m[49m  [0m[49m  [0m[49m  [0m[49m  [0m[7m  [0m[49m  [0m[49m  [0m[49m  [0m[7m  [0m
[7m  [0m[7m  [0m[7m  [0m[7m  [0m[7m  [0m[7m  [0m[7m  [0m[7m  [0m[7m  [0m[49m  [0m[7m  [0m[7m  [0m[49m  [0m[7m  [0m[7m  [0m[7m  [0m[49m  [0m[49m  [0m[7m  [0m[7m  [0m[7m  [0m[49m  [0m[49m  [0m[7m  [0m[7m  [0m[7m  [0m[7m  [0m
[7m  [0m[49m  [0m[49m  [0m[49m  [0m[49m  [0m[49m  [0m[49m  [0m[49m  [0m[7m  [0m[7m  [0m[7m  [0m[49m  [0m[7m  [0m[49m  [0m[49m  [0m[49m  [0m[7m  [0m[49m  [0m[7m  [0m[49m  [0m[7m  [0m[49m  [0m[7m  [0m[49m  [0m[49m  [0m[7m  [0m[7m  [0m
[7m  [0m[49m  [0m[7m  [0m[7m  [0m[7m  [0m[7m  [0m[7m  [0m[49m  [0m[7m  [0m[7m  [0m[7m  [0m[49m  [0m[49m  [0m[7m  [0m[49m  [0m[49m  [0m[7m  [0m[49m  [0m[7m  [0m[7m  [0m[7m  [0m[49m  [0m[49m  [0m[49m  [0m[49m  [0m[7m  [0m[7m  [0m
[7m  [0m[49m  [0m[7m  [0m[49m  [0m[49m  [0m[49m  [0m[7m  [0m[49m  [0m[7m  [0m[49m  [0m[7m  [0m[49m  [0m[49m  [0m[7m  [0m[49m  [0m[7m  [0m[49m  [0m[49m  [0m[49m  [0m[49m  [0m[49m  [0m[49m  [0m[7m  [0m[49m  [0m[49m  [0m[7m  [0m[7m  [0m
[7m  [0m[49m  [0m[7m  [0m[49m  [0m[49m  [0m[49m  [0m[7m  [0m[49m  [0m[7m  [0m[49m  [0m[49m  [0m[7m  [0m[7m  [0m[49m  [0m[49m  [0m[49m  [0m[49m  [0m[7m  [0m[7m  [0m[49m  [0m[7m  [0m[49m  [0m[7m  [0m[49m  [0m[7m  [0m[49m  [0m[7m  [0m
[7m  [0m[49m  [0m[7m  [0m[49m  [0m[49m  [0m[49m  [0m[7m  [0m[49m  [0m[7m  [0m[7m  [0m[49m  [0m[7m  [0m[49m  [0m[7m  [0m[49m  [0m[7m  [0m[49m  [0m[7m  [0m[49m  [0m[49m  [0m[7m  [0m[49m  [0m[49m  [0m[7m  [0m[49m  [0m[49m  [0m[7m  [0m
[7m  [0m[49m  [0m[7m  [0m[7m  [0m[7m  [0m[7m  [0m[7m  [0m[49m  [0m[7m  [0m[49m  [0m[49m  [0m[7m  [0m[49m  [0m[49m  [0m[49m  [0m[7m  [0m[49m  [0m[49m  [0m[49m  [0m[49m  [0m[7m  [0m[7m  [0m[49m  [0m[49m  [0m[49m  [0m[7m  [0m[7m  [0m
[7m  [0m[49m  [0m[49m  [0m[49m  [0m[49m  [0m[49m  [0m[49m  [0m[49m  [0m[7m  [0m[49m  [0m[7m  [0m[7m  [0m[49m  [0m[49m  [0m[49m  [0m[7m  [0m[49m  [0m[49m  [0m[49m  [0m[49m  [0m[49m  [0m[49m  [0m[49m  [0m[7m  [0m[49m  [0m[49m  [0m[7m  [0m
[7m  [0m[7m  [0m[7m  [0m[7m  [0m[7m  [0m[7m  [0m[7m  [0m[7m  [0m[7m  [0m[7m  [0m[7m  [0m[7m  [0m[7m  [0m[7m  [0m[7m  [0m[7m  [0m[7m  [0m[7m  [0m[7m  [0m[7m  [0m[7m  [0m[7m  [0m[7m  [0m[7m  [0m[7m  [0m[7m  [0m[7m  [0m

29f14304e271bc.lhr.life tunneled with tls termination, https://29f14304e271bc.lhr.life
create an account and add your key for a longer lasting domain name. see https://localhost.run/docs/forever-free/ for more information.
Open your tunnel address on your mobile with this QR:

[7m  [0m[7m  [0m[7m  [0m[7m  [0m[7m  [0m[7m  [0m[7m  [0m[7m  [0m[7m  [0m[7m  [0m[7m  [0m[7m  [0m[7m  [0m[7m  [0m[7m  [0m[7m  [0m[7m  [0m[7m  [0m[7m  [0m[7m  [0m[7m  [0m[7m  [0m[7m  [0m[7m  [0m[7m  [0m[7m  [0m[7m  [0m
[7m  [0m[49m  [0m[49m  [0m[49m  [0m[49m  [0m[49m  [0m[49m  [0m[49m  [0m[7m  [0m[7m  [0m[7m  [0m[49m  [0m[7m  [0m[7m  [0m[49m  [0m[7m  [0m[7m  [0m[49m  [0m[7m  [0m[49m  [0m[49m  [0m[49m  [0m[49m  [0m[49m  [0m[49m  [0m[49m  [0m[7m  [0m
[7m  [0m[49m  [0m[7m  [0m[7m  [0m[7m  [0m[7m  [0m[7m  [0m[49m  [0m[7m  [0m[7m  [0m[49m  [0m[7m  [0m[7m  [0m[7m  [0m[49m  [0m[7m  [0m[49m  [0m[49m  [0m[7m  [0m[49m  [0m[7m  [0m[7m  [0m[7m  [0m[7m  [0m[7m  [0m[49m  [0m[7m  [0m
[7m  [0m[49m  [0m[7m  [0m[49m  [0m[49m  [0m[49m  [0m[7m  [0m[49m  [0m[7m  [0m[49m  [0m[7m  [0m[7m  [0m[49m  [0m[7m  [0m[49m  [0m[49m  [0m[49m  [0m[49m  [0m[7m  [0m[49m  [0m[7m  [0m[49m  [0m[49m  [0m[49m  [0m[7m  [0m[49m  [0m[7m  [0m
[7m  [0m[49m  [0m[7m  [0m[49m  [0m[49m  [0m[49m  [0m[7m  [0m[49m  [0m[7m  [0m[7m  [0m[49m  [0m[7m  [0m[7m  [0m[49m  [0m[7m  [0m[49m  [0m[7m  [0m[49m  [0m[7m  [0m[49m  [0m[7m  [0m[49m  [0m[49m  [0m[49m  [0m[7m  [0m[49m  [0m[7m  [0m
[7m  [0m[49m  [0m[7m  [0m[49m  [0m[49m  [0m[49m  [0m[7m  [0m[49m  [0m[7m  [0m[7m  [0m[49m  [0m[7m  [0m[7m  [0m[49m  [0m[49m  [0m[49m  [0m[49m  [0m[49m  [0m[7m  [0m[49m  [0m[7m  [0m[49m  [0m[49m  [0m[49m  [0m[7m  [0m[49m  [0m[7m  [0m
[7m  [0m[49m  [0m[7m  [0m[7m  [0m[7m  [0m[7m  [0m[7m  [0m[49m  [0m[7m  [0m[7m  [0m[7m  [0m[49m  [0m[49m  [0m[49m  [0m[7m  [0m[49m  [0m[7m  [0m[49m  [0m[7m  [0m[49m  [0m[7m  [0m[7m  [0m[7m  [0m[7m  [0m[7m  [0m[49m  [0m[7m  [0m
[7m  [0m[49m  [0m[49m  [0m[49m  [0m[49m  [0m[49m  [0m[49m  [0m[49m  [0m[7m  [0m[49m  [0m[7m  [0m[49m  [0m[7m  [0m[49m  [0m[7m  [0m[49m  [0m[7m  [0m[49m  [0m[7m  [0m[49m  [0m[49m  [0m[49m  [0m[49m  [0m[49m  [0m[49m  [0m[49m  [0m[7m  [0m
[7m  [0m[7m  [0m[7m  [0m[7m  [0m[7m  [0m[7m  [0m[7m  [0m[7m  [0m[7m  [0m[49m  [0m[7m  [0m[7m  [0m[49m  [0m[7m  [0m[7m  [0m[7m  [0m[7m  [0m[7m  [0m[7m  [0m[7m  [0m[7m  [0m[7m  [0m[7m  [0m[7m  [0m[7m  [0m[7m  [0m[7m  [0m
[7m  [0m[49m  [0m[49m  [0m[49m  [0m[7m  [0m[49m  [0m[49m  [0m[49m  [0m[49m  [0m[49m  [0m[7m  [0m[7m  [0m[7m  [0m[49m  [0m[49m  [0m[7m  [0m[49m  [0m[7m  [0m[49m  [0m[49m  [0m[7m  [0m[7m  [0m[7m  [0m[49m  [0m[7m  [0m[7m  [0m[7m  [0m
[7m  [0m[7m  [0m[49m  [0m[49m  [0m[7m  [0m[7m  [0m[7m  [0m[7m  [0m[7m  [0m[7m  [0m[49m  [0m[7m  [0m[49m  [0m[49m  [0m[7m  [0m[7m  [0m[7m  [0m[49m  [0m[7m  [0m[7m  [0m[7m  [0m[49m  [0m[7m  [0m[7m  [0m[49m  [0m[49m  [0m[7m  [0m
[7m  [0m[7m  [0m[7m  [0m[49m  [0m[7m  [0m[49m  [0m[7m  [0m[49m  [0m[49m  [0m[49m  [0m[7m  [0m[49m  [0m[49m  [0m[49m  [0m[7m  [0m[7m  [0m[49m  [0m[49m  [0m[49m  [0m[7m  [0m[7m  [0m[7m  [0m[49m  [0m[49m  [0m[49m  [0m[49m  [0m[7m  [0m
[7m  [0m[49m  [0m[49m  [0m[49m  [0m[7m  [0m[49m  [0m[7m  [0m[7m  [0m[49m  [0m[49m  [0m[49m  [0m[49m  [0m[7m  [0m[49m  [0m[7m  [0m[7m  [0m[7m  [0m[49m  [0m[49m  [0m[7m  [0m[49m  [0m[7m  [0m[7m  [0m[7m  [0m[49m  [0m[49m  [0m[7m  [0m
[7m  [0m[49m  [0m[7m  [0m[7m  [0m[7m  [0m[49m  [0m[7m  [0m[49m  [0m[7m  [0m[49m  [0m[7m  [0m[49m  [0m[49m  [0m[7m  [0m[49m  [0m[7m  [0m[49m  [0m[7m  [0m[7m  [0m[49m  [0m[7m  [0m[49m  [0m[7m  [0m[49m  [0m[7m  [0m[7m  [0m[7m  [0m
[7m  [0m[7m  [0m[7m  [0m[7m  [0m[7m  [0m[7m  [0m[49m  [0m[7m  [0m[49m  [0m[7m  [0m[7m  [0m[49m  [0m[49m  [0m[7m  [0m[49m  [0m[7m  [0m[7m  [0m[49m  [0m[49m  [0m[7m  [0m[49m  [0m[49m  [0m[7m  [0m[7m  [0m[49m  [0m[49m  [0m[7m  [0m
[7m  [0m[49m  [0m[7m  [0m[49m  [0m[7m  [0m[7m  [0m[49m  [0m[49m  [0m[7m  [0m[7m  [0m[7m  [0m[49m  [0m[7m  [0m[7m  [0m[7m  [0m[7m  [0m[7m  [0m[49m  [0m[7m  [0m[49m  [0m[7m  [0m[49m  [0m[7m  [0m[7m  [0m[7m  [0m[7m  [0m[7m  [0m
[7m  [0m[7m  [0m[49m  [0m[49m  [0m[49m  [0m[7m  [0m[7m  [0m[7m  [0m[7m  [0m[7m  [0m[49m  [0m[49m  [0m[49m  [0m[7m  [0m[7m  [0m[7m  [0m[49m  [0m[7m  [0m[49m  [0m[49m  [0m[7m  [0m[7m  [0m[49m  [0m[7m  [0m[7m  [0m[7m  [0m[7m  [0m
[7m  [0m[49m  [0m[7m  [0m[49m  [0m[49m  [0m[49m  [0m[7m  [0m[49m  [0m[7m  [0m[7m  [0m[7m  [0m[49m  [0m[7m  [0m[49m  [0m[49m  [0m[7m  [0m[49m  [0m[49m  [0m[49m  [0m[49m  [0m[49m  [0m[49m  [0m[49m  [0m[7m  [0m[7m  [0m[49m  [0m[7m  [0m
[7m  [0m[7m  [0m[7m  [0m[7m  [0m[7m  [0m[7m  [0m[7m  [0m[7m  [0m[7m  [0m[49m  [0m[49m  [0m[7m  [0m[49m  [0m[49m  [0m[49m  [0m[7m  [0m[7m  [0m[49m  [0m[7m  [0m[7m  [0m[7m  [0m[49m  [0m[7m  [0m[49m  [0m[7m  [0m[49m  [0m[7m  [0m
[7m  [0m[49m  [0m[49m  [0m[49m  [0m[49m  [0m[49m  [0m[49m  [0m[49m  [0m[7m  [0m[49m  [0m[49m  [0m[7m  [0m[49m  [0m[49m  [0m[7m  [0m[49m  [0m[49m  [0m[49m  [0m[7m  [0m[49m  [0m[7m  [0m[49m  [0m[49m  [0m[49m  [0m[7m  [0m[7m  [0m[7m  [0m
[7m  [0m[49m  [0m[7m  [0m[7m  [0m[7m  [0m[7m  [0m[7m  [0m[49m  [0m[7m  [0m[49m  [0m[49m  [0m[7m  [0m[7m  [0m[49m  [0m[49m  [0m[7m  [0m[7m  [0m[49m  [0m[7m  [0m[7m  [0m[7m  [0m[49m  [0m[7m  [0m[49m  [0m[7m  [0m[49m  [0m[7m  [0m
[7m  [0m[49m  [0m[7m  [0m[49m  [0m[49m  [0m[49m  [0m[7m  [0m[49m  [0m[7m  [0m[49m  [0m[7m  [0m[49m  [0m[49m  [0m[7m  [0m[7m  [0m[49m  [0m[7m  [0m[49m  [0m[49m  [0m[49m  [0m[49m  [0m[49m  [0m[49m  [0m[49m  [0m[49m  [0m[7m  [0m[7m  [0m
[7m  [0m[49m  [0m[7m  [0m[49m  [0m[49m  [0m[49m  [0m[7m  [0m[49m  [0m[7m  [0m[7m  [0m[49m  [0m[49m  [0m[49m  [0m[7m  [0m[7m  [0m[7m  [0m[49m  [0m[49m  [0m[49m  [0m[7m  [0m[7m  [0m[7m  [0m[49m  [0m[7m  [0m[49m  [0m[7m  [0m[7m  [0m
[7m  [0m[49m  [0m[7m  [0m[49m  [0m[49m  [0m[49m  [0m[7m  [0m[49m  [0m[7m  [0m[49m  [0m[7m  [0m[49m  [0m[7m  [0m[7m  [0m[49m  [0m[7m  [0m[7m  [0m[49m  [0m[7m  [0m[7m  [0m[49m  [0m[49m  [0m[7m  [0m[49m  [0m[7m  [0m[49m  [0m[7m  [0m
[7m  [0m[49m  [0m[7m  [0m[7m  [0m[7m  [0m[7m  [0m[7m  [0m[49m  [0m[7m  [0m[49m  [0m[49m  [0m[49m  [0m[49m  [0m[7m  [0m[7m  [0m[7m  [0m[49m  [0m[7m  [0m[7m  [0m[7m  [0m[7m  [0m[49m  [0m[7m  [0m[7m  [0m[49m  [0m[49m  [0m[7m  [0m
[7m  [0m[49m  [0m[49m  [0m[49m  [0m[49m  [0m[49m  [0m[49m  [0m[49m  [0m[7m  [0m[49m  [0m[7m  [0m[49m  [0m[7m  [0m[49m  [0m[7m  [0m[7m  [0m[7m  [0m[7m  [0m[49m  [0m[7m  [0m[7m  [0m[49m  [0m[7m  [0m[7m  [0m[7m  [0m[49m  [0m[7m  [0m
[7m  [0m[7m  [0m[7m  [0m[7m  [0m[7m  [0m[7m  [0m[7m  [0m[7m  [0m[7m  [0m[7m  [0m[7m  [0m[7m  [0m[7m  [0m[7m  [0m[7m  [0m[7m  [0m[7m  [0m[7m  [0m[7m  [0m[7m  [0m[7m  [0m[7m  [0m[7m  [0m[7m  [0m[7m  [0m[7m  [0m[7m  [0m

8657665720a08c.lhr.life tunneled with tls termination, https://8657665720a08c.lhr.life
create an account and add your key for a longer lasting domain name. see https://localhost.run/docs/forever-free/ for more information.
Open your tunnel address on your mobile with this QR:

[7m  [0m[7m  [0m[7m  [0m[7m  [0m[7m  [0m[7m  [0m[7m  [0m[7m  [0m[7m  [0m[7m  [0m[7m  [0m[7m  [0m[7m  [0m[7m  [0m[7m  [0m[7m  [0m[7m  [0m[7m  [0m[7m  [0m[7m  [0m[7m  [0m[7m  [0m[7m  [0m[7m  [0m[7m  [0m[7m  [0m[7m  [0m
[7m  [0m[49m  [0m[49m  [0m[49m  [0m[49m  [0m[49m  [0m[49m  [0m[49m  [0m[7m  [0m[7m  [0m[7m  [0m[49m  [0m[7m  [0m[7m  [0m[49m  [0m[7m  [0m[7m  [0m[49m  [0m[7m  [0m[49m  [0m[49m  [0m[49m  [0m[49m  [0m[49m  [0m[49m  [0m[49m  [0m[7m  [0m
[7m  [0m[49m  [0m[7m  [0m[7m  [0m[7m  [0m[7m  [0m[7m  [0m[49m  [0m[7m  [0m[49m  [0m[49m  [0m[49m  [0m[7m  [0m[7m  [0m[7m  [0m[7m  [0m[49m  [0m[7m  [0m[7m  [0m[49m  [0m[7m  [0m[7m  [0m[7m  [0m[7m  [0m[7m  [0m[49m  [0m[7m  [0m
[7m  [0m[49m  [0m[7m  [0m[49m  [0m[49m  [0m[49m  [0m[7m  [0m[49m  [0m[7m  [0m[49m  [0m[7m  [0m[7m  [0m[7m  [0m[7m  [0m[49m  [0m[7m  [0m[49m  [0m[49m  [0m[7m  [0m[49m  [0m[7m  [0m[49m  [0m[49m  [0m[49m  [0m[7m  [0m[49m  [0m[7m  [0m
[7m  [0m[49m  [0m[7m  [0m[49m  [0m[49m  [0m[49m  [0m[7m  [0m[49m  [0m[7m  [0m[7m  [0m[49m  [0m[7m  [0m[7m  [0m[49m  [0m[7m  [0m[49m  [0m[7m  [0m[49m  [0m[7m  [0m[49m  [0m[7m  [0m[49m  [0m[49m  [0m[49m  [0m[7m  [0m[49m  [0m[7m  [0m
[7m  [0m[49m  [0m[7m  [0m[49m  [0m[49m  [0m[49m  [0m[7m  [0m[49m  [0m[7m  [0m[49m  [0m[49m  [0m[49m  [0m[7m  [0m[49m  [0m[7m  [0m[49m  [0m[49m  [0m[7m  [0m[7m  [0m[49m  [0m[7m  [0m[49m  [0m[49m  [0m[49m  [0m[7m  [0m[49m  [0m[7m  [0m
[7m  [0m[49m  [0m[7m  [0m[7m  [0m[7m  [0m[7m  [0m[7m  [0m[49m  [0m[7m  [0m[49m  [0m[7m  [0m[49m  [0m[7m  [0m[49m  [0m[7m  [0m[7m  [0m[7m  [0m[49m  [0m[7m  [0m[49m  [0m[7m  [0m[7m  [0m[7m  [0m[7m  [0m[7m  [0m[49m  [0m[7m  [0m
[7m  [0m[49m  [0m[49m  [0m[49m  [0m[49m  [0m[49m  [0m[49m  [0m[49m  [0m[7m  [0m[49m  [0m[7m  [0m[49m  [0m[7m  [0m[49m  [0m[7m  [0m[49m  [0m[7m  [0m[49m  [0m[7m  [0m[49m  [0m[49m  [0m[49m  [0m[49m  [0m[49m  [0m[49m  [0m[49m  [0m[7m  [0m
[7m  [0m[7m  [0m[7m  [0m[7m  [0m[7m  [0m[7m  [0m[7m  [0m[7m  [0m[7m  [0m[49m  [0m[7m  [0m[49m  [0m[49m  [0m[7m  [0m[49m  [0m[7m  [0m[7m  [0m[49m  [0m[7m  [0m[7m  [0m[7m  [0m[7m  [0m[7m  [0m[7m  [0m[7m  [0m[7m  [0m[7m  [0m
[7m  [0m[49m  [0m[49m  [0m[7m  [0m[49m  [0m[7m  [0m[7m  [0m[49m  [0m[49m  [0m[7m  [0m[7m  [0m[7m  [0m[49m  [0m[49m  [0m[49m  [0m[49m  [0m[49m  [0m[7m  [0m[7m  [0m[49m  [0m[49m  [0m[49m  [0m[7m  [0m[49m  [0m[49m  [0m[7m  [0m[7m  [0m
[7m  [0m[7m  [0m[7m  [0m[7m  [0m[7m  [0m[49m  [0m[7m  [0m[7m  [0m[7m  [0m[7m  [0m[49m  [0m[7m  [0m[49m  [0m[49m  [0m[7m  [0m[7m  [0m[7m  [0m[7m  [0m[7m  [0m[7m  [0m[7m  [0m[7m  [0m[7m  [0m[7m  [0m[49m  [0m[49m  [0m[7m  [0m
[7m  [0m[49m  [0m[7m  [0m[49m  [0m[7m  [0m[7m  [0m[49m  [0m[49m  [0m[49m  [0m[7m  [0m[7m  [0m[7m  [0m[49m  [0m[49m  [0m[49m  [0m[7m  [0m[7m  [0m[49m  [0m[7m  [0m[49m  [0m[49m  [0m[49m  [0m[49m  [0m[7m  [0m[49m  [0m[49m  [0m[7m  [0m
[7m  [0m[49m  [0m[49m  [0m[7m  [0m[49m  [0m[49m  [0m[7m  [0m[7m  [0m[7m  [0m[7m  [0m[49m  [0m[49m  [0m[49m  [0m[49m  [0m[7m  [0m[49m  [0m[49m  [0m[49m  [0m[7m  [0m[7m  [0m[7m  [0m[49m  [0m[7m  [0m[7m  [0m[7m  [0m[49m  [0m[7m  [0m
[7m  [0m[7m  [0m[7m  [0m[7m  [0m[49m  [0m[7m  [0m[7m  [0m[49m  [0m[7m  [0m[7m  [0m[7m  [0m[49m  [0m[49m  [0m[7m  [0m[49m  [0m[7m  [0m[49m  [0m[7m  [0m[49m  [0m[49m  [0m[7m  [0m[49m  [0m[7m  [0m[49m  [0m[7m  [0m[7m  [0m[7m  [0m
[7m  [0m[7m  [0m[7m  [0m[7m  [0m[49m  [0m[49m  [0m[49m  [0m[7m  [0m[7m  [0m[7m  [0m[49m  [0m[7m  [0m[49m  [0m[7m  [0m[7m  [0m[7m  [0m[49m  [0m[7m  [0m[7m  [0m[49m  [0m[7m  [0m[7m  [0m[7m  [0m[49m  [0m[49m  [0m[49m  [0m[7m  [0m
[7m  [0m[49m  [0m[7m  [0m[49m  [0m[49m  [0m[49m  [0m[49m  [0m[49m  [0m[7m  [0m[49m  [0m[7m  [0m[7m  [0m[49m  [0m[7m  [0m[7m  [0m[49m  [0m[7m  [0m[49m  [0m[7m  [0m[49m  [0m[49m  [0m[7m  [0m[7m  [0m[7m  [0m[49m  [0m[7m  [0m[7m  [0m
[7m  [0m[7m  [0m[49m  [0m[7m  [0m[7m  [0m[7m  [0m[49m  [0m[7m  [0m[7m  [0m[7m  [0m[49m  [0m[49m  [0m[49m  [0m[7m  [0m[7m  [0m[7m  [0m[49m  [0m[49m  [0m[49m  [0m[7m  [0m[7m  [0m[49m  [0m[49m  [0m[7m  [0m[7m  [0m[7m  [0m[7m  [0m
[7m  [0m[49m  [0m[49m  [0m[7m  [0m[7m  [0m[7m  [0m[49m  [0m[49m  [0m[49m  [0m[7m  [0m[49m  [0m[49m  [0m[7m  [0m[49m  [0m[7m  [0m[7m  [0m[7m  [0m[49m  [0m[49m  [0m[49m  [0m[49m  [0m[49m  [0m[49m  [0m[49m  [0m[7m  [0m[49m  [0m[7m  [0m
[7m  [0m[7m  [0m[7m  [0m[7m  [0m[7m  [0m[7m  [0m[7m  [0m[7m  [0m[7m  [0m[49m  [0m[7m  [0m[7m  [0m[7m  [0m[49m  [0m[49m  [0m[49m  [0m[49m  [0m[49m  [0m[7m  [0m[7m  [0m[7m  [0m[49m  [0m[7m  [0m[49m  [0m[49m  [0m[49m  [0m[7m  [0m
[7m  [0m[49m  [0m[49m  [0m[49m  [0m[49m  [0m[49m  [0m[49m  [0m[49m  [0m[7m  [0m[49m  [0m[7m  [0m[7m  [0m[49m  [0m[49m  [0m[7m  [0m[49m  [0m[7m  [0m[49m  [0m[7m  [0m[49m  [0m[7m  [0m[49m  [0m[49m  [0m[49m  [0m[7m  [0m[7m  [0m[7m  [0m
[7m  [0m[49m  [0m[7m  [0m[7m  [0m[7m  [0m[7m  [0m[7m  [0m[49m  [0m[7m  [0m[7m  [0m[49m  [0m[49m  [0m[7m  [0m[49m  [0m[7m  [0m[7m  [0m[49m  [0m[49m  [0m[7m  [0m[7m  [0m[7m  [0m[49m  [0m[7m  [0m[7m  [0m[7m  [0m[49m  [0m[7m  [0m
[7m  [0m[49m  [0m[7m  [0m[49m  [0m[49m  [0m[49m  [0m[7m  [0m[49m  [0m[7m  [0m[7m  [0m[7m  [0m[49m  [0m[7m  [0m[7m  [0m[7m  [0m[7m  [0m[49m  [0m[49m  [0m[49m  [0m[49m  [0m[49m  [0m[49m  [0m[49m  [0m[49m  [0m[7m  [0m[7m  [0m[7m  [0m
[7m  [0m[49m  [0m[7m  [0m[49m  [0m[49m  [0m[49m  [0m[7m  [0m[49m  [0m[7m  [0m[49m  [0m[49m  [0m[7m  [0m[49m  [0m[7m  [0m[7m  [0m[7m  [0m[7m  [0m[49m  [0m[49m  [0m[7m  [0m[7m  [0m[7m  [0m[49m  [0m[7m  [0m[49m  [0m[7m  [0m[7m  [0m
[7m  [0m[49m  [0m[7m  [0m[49m  [0m[49m  [0m[49m  [0m[7m  [0m[49m  [0m[7m  [0m[7m  [0m[49m  [0m[49m  [0m[7m  [0m[7m  [0m[7m  [0m[7m  [0m[7m  [0m[7m  [0m[7m  [0m[49m  [0m[49m  [0m[49m  [0m[49m  [0m[7m  [0m[7m  [0m[49m  [0m[7m  [0m
[7m  [0m[49m  [0m[7m  [0m[7m  [0m[7m  [0m[7m  [0m[7m  [0m[49m  [0m[7m  [0m[49m  [0m[49m  [0m[7m  [0m[7m  [0m[7m  [0m[7m  [0m[49m  [0m[49m  [0m[49m  [0m[49m  [0m[7m  [0m[49m  [0m[7m  [0m[7m  [0m[7m  [0m[7m  [0m[49m  [0m[7m  [0m
[7m  [0m[49m  [0m[49m  [0m[49m  [0m[49m  [0m[49m  [0m[49m  [0m[49m  [0m[7m  [0m[49m  [0m[49m  [0m[7m  [0m[7m  [0m[49m  [0m[7m  [0m[7m  [0m[7m  [0m[7m  [0m[49m  [0m[49m  [0m[49m  [0m[7m  [0m[7m  [0m[7m  [0m[7m  [0m[49m  [0m[7m  [0m
[7m  [0m[7m  [0m[7m  [0m[7m  [0m[7m  [0m[7m  [0m[7m  [0m[7m  [0m[7m  [0m[7m  [0m[7m  [0m[7m  [0m[7m  [0m[7m  [0m[7m  [0m[7m  [0m[7m  [0m[7m  [0m[7m  [0m[7m  [0m[7m  [0m[7m  [0m[7m  [0m[7m  [0m[7m  [0m[7m  [0m[7m  [0m

118dafa045b173.lhr.life tunneled with tls termination, https://118dafa045b173.lhr.life
create an account and add your key for a longer lasting domain name. see https://localhost.run/docs/forever-free/ for more information.
Open your tunnel address on your mobile with this QR:

[7m  [0m[7m  [0m[7m  [0m[7m  [0m[7m  [0m[7m  [0m[7m  [0m[7m  [0m[7m  [0m[7m  [0m[7m  [0m[7m  [0m[7m  [0m[7m  [0m[7m  [0m[7m  [0m[7m  [0m[7m  [0m[7m  [0m[7m  [0m[7m  [0m[7m  [0m[7m  [0m[7m  [0m[7m  [0m[7m  [0m[7m  [0m
[7m  [0m[49m  [0m[49m  [0m[49m  [0m[49m  [0m[49m  [0m[49m  [0m[49m  [0m[7m  [0m[7m  [0m[7m  [0m[49m  [0m[7m  [0m[7m  [0m[49m  [0m[7m  [0m[7m  [0m[49m  [0m[7m  [0m[49m  [0m[49m  [0m[49m  [0m[49m  [0m[49m  [0m[49m  [0m[49m  [0m[7m  [0m
[7m  [0m[49m  [0m[7m  [0m[7m  [0m[7m  [0m[7m  [0m[7m  [0m[49m  [0m[7m  [0m[49m  [0m[49m  [0m[49m  [0m[7m  [0m[7m  [0m[7m  [0m[7m  [0m[49m  [0m[7m  [0m[7m  [0m[49m  [0m[7m  [0m[7m  [0m[7m  [0m[7m  [0m[7m  [0m[49m  [0m[7m  [0m
[7m  [0m[49m  [0m[7m  [0m[49m  [0m[49m  [0m[49m  [0m[7m  [0m[49m  [0m[7m  [0m[49m  [0m[7m  [0m[7m  [0m[7m  [0m[7m  [0m[49m  [0m[7m  [0m[49m  [0m[49m  [0m[7m  [0m[49m  [0m[7m  [0m[49m  [0m[49m  [0m[49m  [0m[7m  [0m[49m  [0m[7m  [0m
[7m  [0m[49m  [0m[7m  [0m[49m  [0m[49m  [0m[49m  [0m[7m  [0m[49m  [0m[7m  [0m[7m  [0m[49m  [0m[7m  [0m[7m  [0m[49m  [0m[7m  [0m[49m  [0m[7m  [0m[49m  [0m[7m  [0m[49m  [0m[7m  [0m[49m  [0m[49m  [0m[49m  [0m[7m  [0m[49m  [0m[7m  [0m
[7m  [0m[49m  [0m[7m  [0m[49m  [0m[49m  [0m[49m  [0m[7m  [0m[49m  [0m[7m  [0m[49m  [0m[49m  [0m[49m  [0m[7m  [0m[49m  [0m[7m  [0m[49m  [0m[49m  [0m[7m  [0m[7m  [0m[49m  [0m[7m  [0m[49m  [0m[49m  [0m[49m  [0m[7m  [0m[49m  [0m[7m  [0m
[7m  [0m[49m  [0m[7m  [0m[7m  [0m[7m  [0m[7m  [0m[7m  [0m[49m  [0m[7m  [0m[49m  [0m[7m  [0m[49m  [0m[7m  [0m[49m  [0m[7m  [0m[7m  [0m[7m  [0m[49m  [0m[7m  [0m[49m  [0m[7m  [0m[7m  [0m[7m  [0m[7m  [0m[7m  [0m[49m  [0m[7m  [0m
[7m  [0m[49m  [0m[49m  [0m[49m  [0m[49m  [0m[49m  [0m[49m  [0m[49m  [0m[7m  [0m[49m  [0m[7m  [0m[49m  [0m[7m  [0m[49m  [0m[7m  [0m[49m  [0m[7m  [0m[49m  [0m[7m  [0m[49m  [0m[49m  [0m[49m  [0m[49m  [0m[49m  [0m[49m  [0m[49m  [0m[7m  [0m
[7m  [0m[7m  [0m[7m  [0m[7m  [0m[7m  [0m[7m  [0m[7m  [0m[7m  [0m[7m  [0m[49m  [0m[7m  [0m[49m  [0m[49m  [0m[7m  [0m[49m  [0m[7m  [0m[7m  [0m[49m  [0m[7m  [0m[7m  [0m[7m  [0m[7m  [0m[7m  [0m[7m  [0m[7m  [0m[7m  [0m[7m  [0m
[7m  [0m[49m  [0m[49m  [0m[7m  [0m[49m  [0m[7m  [0m[7m  [0m[49m  [0m[49m  [0m[7m  [0m[7m  [0m[7m  [0m[49m  [0m[49m  [0m[49m  [0m[49m  [0m[49m  [0m[7m  [0m[7m  [0m[49m  [0m[49m  [0m[49m  [0m[7m  [0m[49m  [0m[49m  [0m[7m  [0m[7m  [0m
[7m  [0m[49m  [0m[7m  [0m[49m  [0m[7m  [0m[49m  [0m[7m  [0m[7m  [0m[49m  [0m[49m  [0m[49m  [0m[7m  [0m[49m  [0m[49m  [0m[7m  [0m[7m  [0m[7m  [0m[7m  [0m[49m  [0m[7m  [0m[7m  [0m[7m  [0m[7m  [0m[7m  [0m[49m  [0m[49m  [0m[7m  [0m
[7m  [0m[7m  [0m[49m  [0m[7m  [0m[49m  [0m[49m  [0m[49m  [0m[49m  [0m[49m  [0m[49m  [0m[7m  [0m[7m  [0m[49m  [0m[49m  [0m[49m  [0m[7m  [0m[49m  [0m[49m  [0m[49m  [0m[49m  [0m[7m  [0m[7m  [0m[49m  [0m[7m  [0m[49m  [0m[49m  [0m[7m  [0m
[7m  [0m[7m  [0m[7m  [0m[7m  [0m[7m  [0m[7m  [0m[49m  [0m[7m  [0m[7m  [0m[49m  [0m[49m  [0m[49m  [0m[49m  [0m[49m  [0m[7m  [0m[49m  [0m[7m  [0m[49m  [0m[7m  [0m[7m  [0m[7m  [0m[49m  [0m[7m  [0m[7m  [0m[7m  [0m[49m  [0m[7m  [0m
[7m  [0m[49m  [0m[49m  [0m[49m  [0m[49m  [0m[49m  [0m[7m  [0m[49m  [0m[49m  [0m[49m  [0m[7m  [0m[49m  [0m[49m  [0m[7m  [0m[49m  [0m[7m  [0m[49m  [0m[49m  [0m[49m  [0m[7m  [0m[7m  [0m[7m  [0m[7m  [0m[49m  [0m[7m  [0m[7m  [0m[7m  [0m
[7m  [0m[7m  [0m[7m  [0m[7m  [0m[49m  [0m[49m  [0m[7m  [0m[7m  [0m[49m  [0m[49m  [0m[49m  [0m[7m  [0m[49m  [0m[7m  [0m[7m  [0m[7m  [0m[49m  [0m[7m  [0m[49m  [0m[49m  [0m[7m  [0m[49m  [0m[7m  [0m[49m  [0m[49m  [0m[49m  [0m[7m  [0m
[7m  [0m[49m  [0m[7m  [0m[49m  [0m[49m  [0m[49m  [0m[7m  [0m[49m  [0m[7m  [0m[7m  [0m[49m  [0m[7m  [0m[49m  [0m[7m  [0m[7m  [0m[49m  [0m[7m  [0m[49m  [0m[49m  [0m[49m  [0m[7m  [0m[49m  [0m[7m  [0m[7m  [0m[49m  [0m[7m  [0m[7m  [0m
[7m  [0m[7m  [0m[49m  [0m[7m  [0m[49m  [0m[49m  [0m[49m  [0m[7m  [0m[49m  [0m[49m  [0m[49m  [0m[49m  [0m[49m  [0m[7m  [0m[7m  [0m[7m  [0m[49m  [0m[7m  [0m[7m  [0m[7m  [0m[7m  [0m[49m  [0m[49m  [0m[7m  [0m[7m  [0m[7m  [0m[7m  [0m
[7m  [0m[49m  [0m[49m  [0m[7m  [0m[7m  [0m[49m  [0m[49m  [0m[49m  [0m[7m  [0m[7m  [0m[7m  [0m[7m  [0m[7m  [0m[49m  [0m[7m  [0m[7m  [0m[7m  [0m[49m  [0m[49m  [0m[49m  [0m[49m  [0m[49m  [0m[49m  [0m[49m  [0m[7m  [0m[49m  [0m[7m  [0m
[7m  [0m[7m  [0m[7m  [0m[7m  [0m[7m  [0m[7m  [0m[7m  [0m[7m  [0m[7m  [0m[49m  [0m[7m  [0m[49m  [0m[7m  [0m[49m  [0m[49m  [0m[49m  [0m[49m  [0m[49m  [0m[7m  [0m[7m  [0m[7m  [0m[49m  [0m[7m  [0m[49m  [0m[49m  [0m[49m  [0m[7m  [0m
[7m  [0m[49m  [0m[49m  [0m[49m  [0m[49m  [0m[49m  [0m[49m  [0m[49m  [0m[7m  [0m[49m  [0m[7m  [0m[49m  [0m[49m  [0m[49m  [0m[7m  [0m[49m  [0m[49m  [0m[49m  [0m[7m  [0m[49m  [0m[7m  [0m[49m  [0m[49m  [0m[49m  [0m[7m  [0m[7m  [0m[7m  [0m
[7m  [0m[49m  [0m[7m  [0m[7m  [0m[7m  [0m[7m  [0m[7m  [0m[49m  [0m[7m  [0m[7m  [0m[49m  [0m[7m  [0m[7m  [0m[49m  [0m[7m  [0m[7m  [0m[7m  [0m[49m  [0m[7m  [0m[7m  [0m[7m  [0m[49m  [0m[7m  [0m[7m  [0m[7m  [0m[49m  [0m[7m  [0m
[7m  [0m[49m  [0m[7m  [0m[49m  [0m[49m  [0m[49m  [0m[7m  [0m[49m  [0m[7m  [0m[7m  [0m[49m  [0m[49m  [0m[7m  [0m[7m  [0m[7m  [0m[7m  [0m[49m  [0m[49m  [0m[49m  [0m[49m  [0m[49m  [0m[49m  [0m[49m  [0m[49m  [0m[7m  [0m[7m  [0m[7m  [0m
[7m  [0m[49m  [0m[7m  [0m[49m  [0m[49m  [0m[49m  [0m[7m  [0m[49m  [0m[7m  [0m[49m  [0m[7m  [0m[7m  [0m[49m  [0m[7m  [0m[7m  [0m[7m  [0m[7m  [0m[49m  [0m[49m  [0m[7m  [0m[49m  [0m[49m  [0m[49m  [0m[7m  [0m[49m  [0m[7m  [0m[7m  [0m
[7m  [0m[49m  [0m[7m  [0m[49m  [0m[49m  [0m[49m  [0m[7m  [0m[49m  [0m[7m  [0m[7m  [0m[49m  [0m[7m  [0m[7m  [0m[7m  [0m[7m  [0m[7m  [0m[7m  [0m[7m  [0m[7m  [0m[49m  [0m[49m  [0m[49m  [0m[7m  [0m[7m  [0m[7m  [0m[49m  [0m[7m  [0m
[7m  [0m[49m  [0m[7m  [0m[7m  [0m[7m  [0m[7m  [0m[7m  [0m[49m  [0m[7m  [0m[49m  [0m[7m  [0m[7m  [0m[7m  [0m[7m  [0m[7m  [0m[49m  [0m[7m  [0m[7m  [0m[7m  [0m[49m  [0m[49m  [0m[7m  [0m[49m  [0m[7m  [0m[7m  [0m[49m  [0m[7m  [0m
[7m  [0m[49m  [0m[49m  [0m[49m  [0m[49m  [0m[49m  [0m[49m  [0m[49m  [0m[7m  [0m[49m  [0m[49m  [0m[7m  [0m[7m  [0m[49m  [0m[7m  [0m[7m  [0m[7m  [0m[7m  [0m[49m  [0m[7m  [0m[49m  [0m[7m  [0m[7m  [0m[7m  [0m[7m  [0m[49m  [0m[7m  [0m
[7m  [0m[7m  [0m[7m  [0m[7m  [0m[7m  [0m[7m  [0m[7m  [0m[7m  [0m[7m  [0m[7m  [0m[7m  [0m[7m  [0m[7m  [0m[7m  [0m[7m  [0m[7m  [0m[7m  [0m[7m  [0m[7m  [0m[7m  [0m[7m  [0m[7m  [0m[7m  [0m[7m  [0m[7m  [0m[7m  [0m[7m  [0m

34a9a0eabe3b29.lhr.life tunneled with tls termination, https://34a9a0eabe3b29.lhr.life
create an account and add your key for a longer lasting domain name. see https://localhost.run/docs/forever-free/ for more information.
Open your tunnel address on your mobile with this QR:

[7m  [0m[7m  [0m[7m  [0m[7m  [0m[7m  [0m[7m  [0m[7m  [0m[7m  [0m[7m  [0m[7m  [0m[7m  [0m[7m  [0m[7m  [0m[7m  [0m[7m  [0m[7m  [0m[7m  [0m[7m  [0m[7m  [0m[7m  [0m[7m  [0m[7m  [0m[7m  [0m[7m  [0m[7m  [0m[7m  [0m[7m  [0m
[7m  [0m[49m  [0m[49m  [0m[49m  [0m[49m  [0m[49m  [0m[49m  [0m[49m  [0m[7m  [0m[7m  [0m[7m  [0m[49m  [0m[7m  [0m[7m  [0m[49m  [0m[7m  [0m[7m  [0m[49m  [0m[7m  [0m[49m  [0m[49m  [0m[49m  [0m[49m  [0m[49m  [0m[49m  [0m[49m  [0m[7m  [0m
[7m  [0m[49m  [0m[7m  [0m[7m  [0m[7m  [0m[7m  [0m[7m  [0m[49m  [0m[7m  [0m[49m  [0m[49m  [0m[49m  [0m[7m  [0m[7m  [0m[7m  [0m[7m  [0m[49m  [0m[7m  [0m[7m  [0m[49m  [0m[7m  [0m[7m  [0m[7m  [0m[7m  [0m[7m  [0m[49m  [0m[7m  [0m
[7m  [0m[49m  [0m[7m  [0m[49m  [0m[49m  [0m[49m  [0m[7m  [0m[49m  [0m[7m  [0m[49m  [0m[7m  [0m[7m  [0m[7m  [0m[7m  [0m[49m  [0m[7m  [0m[49m  [0m[49m  [0m[7m  [0m[49m  [0m[7m  [0m[49m  [0m[49m  [0m[49m  [0m[7m  [0m[49m  [0m[7m  [0m
[7m  [0m[49m  [0m[7m  [0m[49m  [0m[49m  [0m[49m  [0m[7m  [0m[49m  [0m[7m  [0m[7m  [0m[49m  [0m[7m  [0m[7m  [0m[49m  [0m[7m  [0m[49m  [0m[7m  [0m[49m  [0m[7m  [0m[49m  [0m[7m  [0m[49m  [0m[49m  [0m[49m  [0m[7m  [0m[49m  [0m[7m  [0m
[7m  [0m[49m  [0m[7m  [0m[49m  [0m[49m  [0m[49m  [0m[7m  [0m[49m  [0m[7m  [0m[49m  [0m[49m  [0m[49m  [0m[7m  [0m[49m  [0m[7m  [0m[49m  [0m[49m  [0m[7m  [0m[7m  [0m[49m  [0m[7m  [0m[49m  [0m[49m  [0m[49m  [0m[7m  [0m[49m  [0m[7m  [0m
[7m  [0m[49m  [0m[7m  [0m[7m  [0m[7m  [0m[7m  [0m[7m  [0m[49m  [0m[7m  [0m[49m  [0m[7m  [0m[49m  [0m[7m  [0m[49m  [0m[7m  [0m[7m  [0m[7m  [0m[49m  [0m[7m  [0m[49m  [0m[7m  [0m[7m  [0m[7m  [0m[7m  [0m[7m  [0m[49m  [0m[7m  [0m
[7m  [0m[49m  [0m[49m  [0m[49m  [0m[49m  [0m[49m  [0m[49m  [0m[49m  [0m[7m  [0m[49m  [0m[7m  [0m[49m  [0m[7m  [0m[49m  [0m[7m  [0m[49m  [0m[7m  [0m[49m  [0m[7m  [0m[49m  [0m[49m  [0m[49m  [0m[49m  [0m[49m  [0m[49m  [0m[49m  [0m[7m  [0m
[7m  [0m[7m  [0m[7m  [0m[7m  [0m[7m  [0m[7m  [0m[7m  [0m[7m  [0m[7m  [0m[49m  [0m[7m  [0m[49m  [0m[49m  [0m[7m  [0m[49m  [0m[7m  [0m[7m  [0m[49m  [0m[7m  [0m[7m  [0m[7m  [0m[7m  [0m[7m  [0m[7m  [0m[7m  [0m[7m  [0m[7m  [0m
[7m  [0m[49m  [0m[49m  [0m[7m  [0m[49m  [0m[7m  [0m[7m  [0m[49m  [0m[49m  [0m[7m  [0m[7m  [0m[7m  [0m[49m  [0m[49m  [0m[49m  [0m[49m  [0m[49m  [0m[7m  [0m[7m  [0m[49m  [0m[49m  [0m[49m  [0m[7m  [0m[49m  [0m[49m  [0m[7m  [0m[7m  [0m
[7m  [0m[49m  [0m[7m  [0m[7m  [0m[7m  [0m[7m  [0m[7m  [0m[7m  [0m[49m  [0m[7m  [0m[49m  [0m[7m  [0m[49m  [0m[49m  [0m[7m  [0m[7m  [0m[7m  [0m[49m  [0m[49m  [0m[7m  [0m[49m  [0m[7m  [0m[7m  [0m[7m  [0m[49m  [0m[49m  [0m[7m  [0m
[7m  [0m[49m  [0m[49m  [0m[49m  [0m[7m  [0m[7m  [0m[7m  [0m[49m  [0m[7m  [0m[49m  [0m[7m  [0m[7m  [0m[49m  [0m[49m  [0m[49m  [0m[7m  [0m[49m  [0m[7m  [0m[7m  [0m[7m  [0m[7m  [0m[7m  [0m[49m  [0m[7m  [0m[49m  [0m[49m  [0m[7m  [0m
[7m  [0m[49m  [0m[7m  [0m[7m  [0m[49m  [0m[49m  [0m[7m  [0m[7m  [0m[49m  [0m[7m  [0m[49m  [0m[49m  [0m[49m  [0m[49m  [0m[7m  [0m[49m  [0m[49m  [0m[7m  [0m[49m  [0m[7m  [0m[7m  [0m[49m  [0m[7m  [0m[7m  [0m[7m  [0m[49m  [0m[7m  [0m
[7m  [0m[49m  [0m[7m  [0m[7m  [0m[49m  [0m[7m  [0m[49m  [0m[49m  [0m[49m  [0m[49m  [0m[7m  [0m[49m  [0m[49m  [0m[7m  [0m[49m  [0m[7m  [0m[49m  [0m[7m  [0m[49m  [0m[49m  [0m[7m  [0m[7m  [0m[7m  [0m[49m  [0m[7m  [0m[7m  [0m[7m  [0m
[7m  [0m[7m  [0m[49m  [0m[49m  [0m[7m  [0m[7m  [0m[7m  [0m[7m  [0m[49m  [0m[49m  [0m[7m  [0m[7m  [0m[49m  [0m[7m  [0m[7m  [0m[7m  [0m[49m  [0m[49m  [0m[49m  [0m[7m  [0m[49m  [0m[7m  [0m[7m  [0m[49m  [0m[49m  [0m[49m  [0m[7m  [0m
[7m  [0m[49m  [0m[7m  [0m[7m  [0m[49m  [0m[7m  [0m[7m  [0m[49m  [0m[49m  [0m[49m  [0m[49m  [0m[49m  [0m[49m  [0m[7m  [0m[7m  [0m[49m  [0m[7m  [0m[49m  [0m[49m  [0m[49m  [0m[49m  [0m[7m  [0m[7m  [0m[7m  [0m[49m  [0m[7m  [0m[7m  [0m
[7m  [0m[7m  [0m[49m  [0m[49m  [0m[7m  [0m[49m  [0m[7m  [0m[7m  [0m[7m  [0m[49m  [0m[49m  [0m[7m  [0m[49m  [0m[7m  [0m[7m  [0m[7m  [0m[49m  [0m[49m  [0m[49m  [0m[7m  [0m[49m  [0m[49m  [0m[49m  [0m[7m  [0m[7m  [0m[7m  [0m[7m  [0m
[7m  [0m[49m  [0m[49m  [0m[7m  [0m[7m  [0m[7m  [0m[7m  [0m[49m  [0m[49m  [0m[7m  [0m[7m  [0m[49m  [0m[7m  [0m[49m  [0m[7m  [0m[7m  [0m[7m  [0m[49m  [0m[49m  [0m[49m  [0m[49m  [0m[49m  [0m[49m  [0m[49m  [0m[7m  [0m[49m  [0m[7m  [0m
[7m  [0m[7m  [0m[7m  [0m[7m  [0m[7m  [0m[7m  [0m[7m  [0m[7m  [0m[7m  [0m[49m  [0m[7m  [0m[49m  [0m[7m  [0m[49m  [0m[49m  [0m[49m  [0m[49m  [0m[49m  [0m[7m  [0m[7m  [0m[7m  [0m[49m  [0m[7m  [0m[49m  [0m[49m  [0m[49m  [0m[7m  [0m
[7m  [0m[49m  [0m[49m  [0m[49m  [0m[49m  [0m[49m  [0m[49m  [0m[49m  [0m[7m  [0m[49m  [0m[49m  [0m[7m  [0m[49m  [0m[49m  [0m[7m  [0m[49m  [0m[49m  [0m[49m  [0m[7m  [0m[49m  [0m[7m  [0m[49m  [0m[49m  [0m[49m  [0m[7m  [0m[7m  [0m[7m  [0m
[7m  [0m[49m  [0m[7m  [0m[7m  [0m[7m  [0m[7m  [0m[7m  [0m[49m  [0m[7m  [0m[7m  [0m[7m  [0m[7m  [0m[7m  [0m[49m  [0m[7m  [0m[7m  [0m[49m  [0m[49m  [0m[7m  [0m[7m  [0m[7m  [0m[49m  [0m[7m  [0m[7m  [0m[7m  [0m[49m  [0m[7m  [0m
[7m  [0m[49m  [0m[7m  [0m[49m  [0m[49m  [0m[49m  [0m[7m  [0m[49m  [0m[7m  [0m[7m  [0m[49m  [0m[49m  [0m[7m  [0m[7m  [0m[7m  [0m[7m  [0m[7m  [0m[49m  [0m[49m  [0m[49m  [0m[49m  [0m[49m  [0m[49m  [0m[49m  [0m[7m  [0m[7m  [0m[7m  [0m
[7m  [0m[49m  [0m[7m  [0m[49m  [0m[49m  [0m[49m  [0m[7m  [0m[49m  [0m[7m  [0m[49m  [0m[7m  [0m[7m  [0m[49m  [0m[7m  [0m[7m  [0m[7m  [0m[7m  [0m[7m  [0m[49m  [0m[7m  [0m[7m  [0m[49m  [0m[49m  [0m[7m  [0m[49m  [0m[7m  [0m[7m  [0m
[7m  [0m[49m  [0m[7m  [0m[49m  [0m[49m  [0m[49m  [0m[7m  [0m[49m  [0m[7m  [0m[7m  [0m[49m  [0m[7m  [0m[7m  [0m[7m  [0m[7m  [0m[7m  [0m[7m  [0m[7m  [0m[49m  [0m[49m  [0m[49m  [0m[49m  [0m[7m  [0m[7m  [0m[7m  [0m[49m  [0m[7m  [0m
[7m  [0m[49m  [0m[7m  [0m[7m  [0m[7m  [0m[7m  [0m[7m  [0m[49m  [0m[7m  [0m[49m  [0m[49m  [0m[7m  [0m[7m  [0m[7m  [0m[7m  [0m[49m  [0m[7m  [0m[7m  [0m[49m  [0m[49m  [0m[7m  [0m[7m  [0m[49m  [0m[49m  [0m[7m  [0m[49m  [0m[7m  [0m
[7m  [0m[49m  [0m[49m  [0m[49m  [0m[49m  [0m[49m  [0m[49m  [0m[49m  [0m[7m  [0m[49m  [0m[49m  [0m[7m  [0m[7m  [0m[49m  [0m[7m  [0m[7m  [0m[49m  [0m[7m  [0m[49m  [0m[7m  [0m[7m  [0m[7m  [0m[7m  [0m[49m  [0m[7m  [0m[49m  [0m[7m  [0m
[7m  [0m[7m  [0m[7m  [0m[7m  [0m[7m  [0m[7m  [0m[7m  [0m[7m  [0m[7m  [0m[7m  [0m[7m  [0m[7m  [0m[7m  [0m[7m  [0m[7m  [0m[7m  [0m[7m  [0m[7m  [0m[7m  [0m[7m  [0m[7m  [0m[7m  [0m[7m  [0m[7m  [0m[7m  [0m[7m  [0m[7m  [0m

e9c918e74e8725.lhr.life tunneled with tls termination, https://e9c918e74e8725.lhr.life
create an account and add your key for a longer lasting domain name. see https://localhost.run/docs/forever-free/ for more information.
Open your tunnel address on your mobile with this QR:

[7m  [0m[7m  [0m[7m  [0m[7m  [0m[7m  [0m[7m  [0m[7m  [0m[7m  [0m[7m  [0m[7m  [0m[7m  [0m[7m  [0m[7m  [0m[7m  [0m[7m  [0m[7m  [0m[7m  [0m[7m  [0m[7m  [0m[7m  [0m[7m  [0m[7m  [0m[7m  [0m[7m  [0m[7m  [0m[7m  [0m[7m  [0m
[7m  [0m[49m  [0m[49m  [0m[49m  [0m[49m  [0m[49m  [0m[49m  [0m[49m  [0m[7m  [0m[7m  [0m[7m  [0m[49m  [0m[7m  [0m[7m  [0m[49m  [0m[7m  [0m[7m  [0m[49m  [0m[7m  [0m[49m  [0m[49m  [0m[49m  [0m[49m  [0m[49m  [0m[49m  [0m[49m  [0m[7m  [0m
[7m  [0m[49m  [0m[7m  [0m[7m  [0m[7m  [0m[7m  [0m[7m  [0m[49m  [0m[7m  [0m[7m  [0m[49m  [0m[7m  [0m[7m  [0m[7m  [0m[49m  [0m[7m  [0m[49m  [0m[49m  [0m[7m  [0m[49m  [0m[7m  [0m[7m  [0m[7m  [0m[7m  [0m[7m  [0m[49m  [0m[7m  [0m
[7m  [0m[49m  [0m[7m  [0m[49m  [0m[49m  [0m[49m  [0m[7m  [0m[49m  [0m[7m  [0m[49m  [0m[7m  [0m[7m  [0m[49m  [0m[7m  [0m[49m  [0m[49m  [0m[49m  [0m[49m  [0m[7m  [0m[49m  [0m[7m  [0m[49m  [0m[49m  [0m[49m  [0m[7m  [0m[49m  [0m[7m  [0m
[7m  [0m[49m  [0m[7m  [0m[49m  [0m[49m  [0m[49m  [0m[7m  [0m[49m  [0m[7m  [0m[7m  [0m[49m  [0m[7m  [0m[7m  [0m[49m  [0m[7m  [0m[49m  [0m[7m  [0m[49m  [0m[7m  [0m[49m  [0m[7m  [0m[49m  [0m[49m  [0m[49m  [0m[7m  [0m[49m  [0m[7m  [0m
[7m  [0m[49m  [0m[7m  [0m[49m  [0m[49m  [0m[49m  [0m[7m  [0m[49m  [0m[7m  [0m[7m  [0m[49m  [0m[7m  [0m[7m  [0m[49m  [0m[49m  [0m[49m  [0m[49m  [0m[49m  [0m[7m  [0m[49m  [0m[7m  [0m[49m  [0m[49m  [0m[49m  [0m[7m  [0m[49m  [0m[7m  [0m
[7m  [0m[49m  [0m[7m  [0m[7m  [0m[7m  [0m[7m  [0m[7m  [0m[49m  [0m[7m  [0m[7m  [0m[7m  [0m[49m  [0m[49m  [0m[49m  [0m[7m  [0m[49m  [0m[7m  [0m[49m  [0m[7m  [0m[49m  [0m[7m  [0m[7m  [0m[7m  [0m[7m  [0m[7m  [0m[49m  [0m[7m  [0m
[7m  [0m[49m  [0m[49m  [0m[49m  [0m[49m  [0m[49m  [0m[49m  [0m[49m  [0m[7m  [0m[49m  [0m[7m  [0m[49m  [0m[7m  [0m[49m  [0m[7m  [0m[49m  [0m[7m  [0m[49m  [0m[7m  [0m[49m  [0m[49m  [0m[49m  [0m[49m  [0m[49m  [0m[49m  [0m[49m  [0m[7m  [0m
[7m  [0m[7m  [0m[7m  [0m[7m  [0m[7m  [0m[7m  [0m[7m  [0m[7m  [0m[7m  [0m[49m  [0m[7m  [0m[7m  [0m[49m  [0m[7m  [0m[7m  [0m[7m  [0m[7m  [0m[7m  [0m[7m  [0m[7m  [0m[7m  [0m[7m  [0m[7m  [0m[7m  [0m[7m  [0m[7m  [0m[7m  [0m
[7m  [0m[49m  [0m[49m  [0m[49m  [0m[7m  [0m[49m  [0m[49m  [0m[49m  [0m[49m  [0m[49m  [0m[7m  [0m[7m  [0m[7m  [0m[49m  [0m[49m  [0m[7m  [0m[49m  [0m[7m  [0m[49m  [0m[49m  [0m[7m  [0m[7m  [0m[7m  [0m[49m  [0m[7m  [0m[7m  [0m[7m  [0m
[7m  [0m[7m  [0m[49m  [0m[49m  [0m[7m  [0m[7m  [0m[7m  [0m[7m  [0m[7m  [0m[49m  [0m[49m  [0m[7m  [0m[49m  [0m[49m  [0m[7m  [0m[7m  [0m[7m  [0m[49m  [0m[7m  [0m[7m  [0m[7m  [0m[49m  [0m[7m  [0m[7m  [0m[49m  [0m[49m  [0m[7m  [0m
[7m  [0m[7m  [0m[49m  [0m[49m  [0m[49m  [0m[49m  [0m[49m  [0m[49m  [0m[7m  [0m[49m  [0m[7m  [0m[49m  [0m[49m  [0m[49m  [0m[7m  [0m[7m  [0m[49m  [0m[7m  [0m[49m  [0m[49m  [0m[7m  [0m[49m  [0m[49m  [0m[49m  [0m[49m  [0m[49m  [0m[7m  [0m
[7m  [0m[49m  [0m[49m  [0m[49m  [0m[7m  [0m[7m  [0m[49m  [0m[7m  [0m[49m  [0m[49m  [0m[49m  [0m[49m  [0m[7m  [0m[49m  [0m[7m  [0m[7m  [0m[7m  [0m[49m  [0m[7m  [0m[7m  [0m[49m  [0m[7m  [0m[7m  [0m[7m  [0m[49m  [0m[49m  [0m[7m  [0m
[7m  [0m[49m  [0m[49m  [0m[49m  [0m[7m  [0m[49m  [0m[7m  [0m[49m  [0m[7m  [0m[49m  [0m[7m  [0m[49m  [0m[49m  [0m[7m  [0m[49m  [0m[7m  [0m[7m  [0m[7m  [0m[7m  [0m[49m  [0m[7m  [0m[7m  [0m[7m  [0m[49m  [0m[7m  [0m[7m  [0m[7m  [0m
[7m  [0m[7m  [0m[49m  [0m[7m  [0m[7m  [0m[49m  [0m[49m  [0m[7m  [0m[7m  [0m[7m  [0m[49m  [0m[49m  [0m[49m  [0m[7m  [0m[49m  [0m[7m  [0m[49m  [0m[7m  [0m[7m  [0m[49m  [0m[49m  [0m[49m  [0m[7m  [0m[7m  [0m[49m  [0m[49m  [0m[7m  [0m
[7m  [0m[49m  [0m[7m  [0m[49m  [0m[49m  [0m[49m  [0m[7m  [0m[49m  [0m[49m  [0m[49m  [0m[49m  [0m[49m  [0m[7m  [0m[7m  [0m[7m  [0m[7m  [0m[7m  [0m[49m  [0m[49m  [0m[7m  [0m[7m  [0m[49m  [0m[7m  [0m[7m  [0m[7m  [0m[7m  [0m[7m  [0m
[7m  [0m[7m  [0m[49m  [0m[7m  [0m[49m  [0m[49m  [0m[49m  [0m[7m  [0m[49m  [0m[49m  [0m[49m  [0m[7m  [0m[49m  [0m[7m  [0m[7m  [0m[7m  [0m[7m  [0m[49m  [0m[49m  [0m[49m  [0m[7m  [0m[7m  [0m[49m  [0m[7m  [0m[7m  [0m[7m  [0m[7m  [0m
[7m  [0m[49m  [0m[7m  [0m[49m  [0m[7m  [0m[49m  [0m[49m  [0m[49m  [0m[49m  [0m[49m  [0m[49m  [0m[7m  [0m[7m  [0m[49m  [0m[49m  [0m[7m  [0m[49m  [0m[49m  [0m[49m  [0m[49m  [0m[49m  [0m[49m  [0m[49m  [0m[7m  [0m[7m  [0m[49m  [0m[7m  [0m
[7m  [0m[7m  [0m[7m  [0m[7m  [0m[7m  [0m[7m  [0m[7m  [0m[7m  [0m[7m  [0m[49m  [0m[7m  [0m[7m  [0m[49m  [0m[49m  [0m[49m  [0m[7m  [0m[7m  [0m[49m  [0m[7m  [0m[7m  [0m[7m  [0m[49m  [0m[7m  [0m[49m  [0m[7m  [0m[49m  [0m[7m  [0m
[7m  [0m[49m  [0m[49m  [0m[49m  [0m[49m  [0m[49m  [0m[49m  [0m[49m  [0m[7m  [0m[49m  [0m[49m  [0m[7m  [0m[49m  [0m[49m  [0m[7m  [0m[49m  [0m[7m  [0m[49m  [0m[7m  [0m[49m  [0m[7m  [0m[49m  [0m[49m  [0m[49m  [0m[7m  [0m[7m  [0m[7m  [0m
[7m  [0m[49m  [0m[7m  [0m[7m  [0m[7m  [0m[7m  [0m[7m  [0m[49m  [0m[7m  [0m[49m  [0m[49m  [0m[7m  [0m[7m  [0m[49m  [0m[49m  [0m[7m  [0m[7m  [0m[49m  [0m[7m  [0m[7m  [0m[7m  [0m[49m  [0m[7m  [0m[49m  [0m[7m  [0m[49m  [0m[7m  [0m
[7m  [0m[49m  [0m[7m  [0m[49m  [0m[49m  [0m[49m  [0m[7m  [0m[49m  [0m[7m  [0m[49m  [0m[7m  [0m[7m  [0m[49m  [0m[7m  [0m[7m  [0m[49m  [0m[49m  [0m[49m  [0m[49m  [0m[49m  [0m[49m  [0m[49m  [0m[49m  [0m[49m  [0m[49m  [0m[7m  [0m[7m  [0m
[7m  [0m[49m  [0m[7m  [0m[49m  [0m[49m  [0m[49m  [0m[7m  [0m[49m  [0m[7m  [0m[7m  [0m[49m  [0m[49m  [0m[49m  [0m[7m  [0m[7m  [0m[7m  [0m[49m  [0m[49m  [0m[49m  [0m[49m  [0m[49m  [0m[7m  [0m[49m  [0m[7m  [0m[49m  [0m[7m  [0m[7m  [0m
[7m  [0m[49m  [0m[7m  [0m[49m  [0m[49m  [0m[49m  [0m[7m  [0m[49m  [0m[7m  [0m[49m  [0m[7m  [0m[7m  [0m[7m  [0m[7m  [0m[49m  [0m[7m  [0m[7m  [0m[49m  [0m[7m  [0m[49m  [0m[49m  [0m[49m  [0m[7m  [0m[7m  [0m[7m  [0m[49m  [0m[7m  [0m
[7m  [0m[49m  [0m[7m  [0m[7m  [0m[7m  [0m[7m  [0m[7m  [0m[49m  [0m[7m  [0m[49m  [0m[7m  [0m[7m  [0m[49m  [0m[7m  [0m[7m  [0m[7m  [0m[49m  [0m[49m  [0m[7m  [0m[49m  [0m[7m  [0m[49m  [0m[7m  [0m[7m  [0m[49m  [0m[49m  [0m[7m  [0m
[7m  [0m[49m  [0m[49m  [0m[49m  [0m[49m  [0m[49m  [0m[49m  [0m[49m  [0m[7m  [0m[49m  [0m[7m  [0m[49m  [0m[7m  [0m[49m  [0m[7m  [0m[7m  [0m[7m  [0m[49m  [0m[7m  [0m[49m  [0m[49m  [0m[7m  [0m[49m  [0m[7m  [0m[7m  [0m[49m  [0m[7m  [0m
[7m  [0m[7m  [0m[7m  [0m[7m  [0m[7m  [0m[7m  [0m[7m  [0m[7m  [0m[7m  [0m[7m  [0m[7m  [0m[7m  [0m[7m  [0m[7m  [0m[7m  [0m[7m  [0m[7m  [0m[7m  [0m[7m  [0m[7m  [0m[7m  [0m[7m  [0m[7m  [0m[7m  [0m[7m  [0m[7m  [0m[7m  [0m

c482d2a4f28ab0.lhr.life tunneled with tls termination, https://c482d2a4f28ab0.lhr.life
create an account and add your key for a longer lasting domain name. see https://localhost.run/docs/forever-free/ for more information.
Open your tunnel address on your mobile with this QR:

[7m  [0m[7m  [0m[7m  [0m[7m  [0m[7m  [0m[7m  [0m[7m  [0m[7m  [0m[7m  [0m[7m  [0m[7m  [0m[7m  [0m[7m  [0m[7m  [0m[7m  [0m[7m  [0m[7m  [0m[7m  [0m[7m  [0m[7m  [0m[7m  [0m[7m  [0m[7m  [0m[7m  [0m[7m  [0m[7m  [0m[7m  [0m
[7m  [0m[49m  [0m[49m  [0m[49m  [0m[49m  [0m[49m  [0m[49m  [0m[49m  [0m[7m  [0m[49m  [0m[49m  [0m[49m  [0m[49m  [0m[7m  [0m[7m  [0m[7m  [0m[49m  [0m[49m  [0m[7m  [0m[49m  [0m[49m  [0m[49m  [0m[49m  [0m[49m  [0m[49m  [0m[49m  [0m[7m  [0m
[7m  [0m[49m  [0m[7m  [0m[7m  [0m[7m  [0m[7m  [0m[7m  [0m[49m  [0m[7m  [0m[7m  [0m[7m  [0m[7m  [0m[49m  [0m[49m  [0m[49m  [0m[49m  [0m[7m  [0m[49m  [0m[7m  [0m[49m  [0m[7m  [0m[7m  [0m[7m  [0m[7m  [0m[7m  [0m[49m  [0m[7m  [0m
[7m  [0m[49m  [0m[7m  [0m[49m  [0m[49m  [0m[49m  [0m[7m  [0m[49m  [0m[7m  [0m[7m  [0m[49m  [0m[7m  [0m[49m  [0m[7m  [0m[7m  [0m[7m  [0m[7m  [0m[49m  [0m[7m  [0m[49m  [0m[7m  [0m[49m  [0m[49m  [0m[49m  [0m[7m  [0m[49m  [0m[7m  [0m
[7m  [0m[49m  [0m[7m  [0m[49m  [0m[49m  [0m[49m  [0m[7m  [0m[49m  [0m[7m  [0m[7m  [0m[7m  [0m[49m  [0m[49m  [0m[7m  [0m[49m  [0m[7m  [0m[49m  [0m[7m  [0m[7m  [0m[49m  [0m[7m  [0m[49m  [0m[49m  [0m[49m  [0m[7m  [0m[49m  [0m[7m  [0m
[7m  [0m[49m  [0m[7m  [0m[49m  [0m[49m  [0m[49m  [0m[7m  [0m[49m  [0m[7m  [0m[7m  [0m[7m  [0m[49m  [0m[49m  [0m[49m  [0m[49m  [0m[49m  [0m[7m  [0m[7m  [0m[7m  [0m[49m  [0m[7m  [0m[49m  [0m[49m  [0m[49m  [0m[7m  [0m[49m  [0m[7m  [0m
[7m  [0m[49m  [0m[7m  [0m[7m  [0m[7m  [0m[7m  [0m[7m  [0m[49m  [0m[7m  [0m[7m  [0m[49m  [0m[7m  [0m[49m  [0m[7m  [0m[49m  [0m[49m  [0m[49m  [0m[7m  [0m[7m  [0m[49m  [0m[7m  [0m[7m  [0m[7m  [0m[7m  [0m[7m  [0m[49m  [0m[7m  [0m
[7m  [0m[49m  [0m[49m  [0m[49m  [0m[49m  [0m[49m  [0m[49m  [0m[49m  [0m[7m  [0m[49m  [0m[7m  [0m[49m  [0m[7m  [0m[49m  [0m[7m  [0m[49m  [0m[7m  [0m[49m  [0m[7m  [0m[49m  [0m[49m  [0m[49m  [0m[49m  [0m[49m  [0m[49m  [0m[49m  [0m[7m  [0m
[7m  [0m[7m  [0m[7m  [0m[7m  [0m[7m  [0m[7m  [0m[7m  [0m[7m  [0m[7m  [0m[49m  [0m[49m  [0m[7m  [0m[7m  [0m[49m  [0m[7m  [0m[49m  [0m[49m  [0m[7m  [0m[7m  [0m[7m  [0m[7m  [0m[7m  [0m[7m  [0m[7m  [0m[7m  [0m[7m  [0m[7m  [0m
[7m  [0m[49m  [0m[49m  [0m[7m  [0m[49m  [0m[49m  [0m[7m  [0m[49m  [0m[7m  [0m[7m  [0m[49m  [0m[7m  [0m[7m  [0m[49m  [0m[7m  [0m[49m  [0m[7m  [0m[7m  [0m[7m  [0m[49m  [0m[7m  [0m[7m  [0m[7m  [0m[7m  [0m[7m  [0m[49m  [0m[7m  [0m
[7m  [0m[49m  [0m[7m  [0m[49m  [0m[7m  [0m[7m  [0m[7m  [0m[7m  [0m[49m  [0m[7m  [0m[7m  [0m[49m  [0m[7m  [0m[7m  [0m[49m  [0m[49m  [0m[49m  [0m[7m  [0m[7m  [0m[7m  [0m[7m  [0m[49m  [0m[49m  [0m[49m  [0m[7m  [0m[7m  [0m[7m  [0m
[7m  [0m[7m  [0m[7m  [0m[49m  [0m[7m  [0m[49m  [0m[49m  [0m[49m  [0m[7m  [0m[49m  [0m[49m  [0m[7m  [0m[7m  [0m[49m  [0m[7m  [0m[7m  [0m[7m  [0m[49m  [0m[7m  [0m[7m  [0m[49m  [0m[49m  [0m[7m  [0m[7m  [0m[7m  [0m[49m  [0m[7m  [0m
[7m  [0m[7m  [0m[7m  [0m[49m  [0m[7m  [0m[7m  [0m[49m  [0m[7m  [0m[49m  [0m[7m  [0m[7m  [0m[7m  [0m[7m  [0m[7m  [0m[49m  [0m[7m  [0m[49m  [0m[49m  [0m[49m  [0m[49m  [0m[7m  [0m[49m  [0m[49m  [0m[49m  [0m[49m  [0m[7m  [0m[7m  [0m
[7m  [0m[49m  [0m[7m  [0m[49m  [0m[49m  [0m[49m  [0m[7m  [0m[49m  [0m[7m  [0m[7m  [0m[49m  [0m[49m  [0m[7m  [0m[7m  [0m[7m  [0m[7m  [0m[7m  [0m[7m  [0m[7m  [0m[7m  [0m[49m  [0m[49m  [0m[49m  [0m[49m  [0m[49m  [0m[7m  [0m[7m  [0m
[7m  [0m[49m  [0m[7m  [0m[7m  [0m[49m  [0m[7m  [0m[49m  [0m[7m  [0m[49m  [0m[7m  [0m[49m  [0m[49m  [0m[7m  [0m[49m  [0m[49m  [0m[49m  [0m[49m  [0m[49m  [0m[7m  [0m[7m  [0m[7m  [0m[49m  [0m[49m  [0m[7m  [0m[7m  [0m[7m  [0m[7m  [0m
[7m  [0m[49m  [0m[49m  [0m[49m  [0m[7m  [0m[49m  [0m[7m  [0m[49m  [0m[49m  [0m[49m  [0m[49m  [0m[7m  [0m[7m  [0m[7m  [0m[49m  [0m[49m  [0m[49m  [0m[49m  [0m[7m  [0m[49m  [0m[7m  [0m[7m  [0m[49m  [0m[7m  [0m[7m  [0m[7m  [0m[7m  [0m
[7m  [0m[49m  [0m[7m  [0m[7m  [0m[49m  [0m[7m  [0m[7m  [0m[7m  [0m[49m  [0m[49m  [0m[7m  [0m[7m  [0m[7m  [0m[49m  [0m[49m  [0m[49m  [0m[7m  [0m[7m  [0m[49m  [0m[7m  [0m[49m  [0m[7m  [0m[7m  [0m[49m  [0m[49m  [0m[49m  [0m[7m  [0m
[7m  [0m[49m  [0m[7m  [0m[7m  [0m[49m  [0m[7m  [0m[49m  [0m[49m  [0m[49m  [0m[49m  [0m[7m  [0m[49m  [0m[49m  [0m[49m  [0m[49m  [0m[7m  [0m[49m  [0m[49m  [0m[49m  [0m[49m  [0m[49m  [0m[49m  [0m[7m  [0m[49m  [0m[49m  [0m[49m  [0m[7m  [0m
[7m  [0m[7m  [0m[7m  [0m[7m  [0m[7m  [0m[7m  [0m[7m  [0m[7m  [0m[7m  [0m[49m  [0m[7m  [0m[49m  [0m[49m  [0m[7m  [0m[7m  [0m[7m  [0m[7m  [0m[49m  [0m[7m  [0m[7m  [0m[7m  [0m[49m  [0m[49m  [0m[7m  [0m[7m  [0m[7m  [0m[7m  [0m
[7m  [0m[49m  [0m[49m  [0m[49m  [0m[49m  [0m[49m  [0m[49m  [0m[49m  [0m[7m  [0m[7m  [0m[7m  [0m[7m  [0m[7m  [0m[49m  [0m[49m  [0m[49m  [0m[7m  [0m[49m  [0m[7m  [0m[49m  [0m[7m  [0m[49m  [0m[7m  [0m[49m  [0m[49m  [0m[7m  [0m[7m  [0m
[7m  [0m[49m  [0m[7m  [0m[7m  [0m[7m  [0m[7m  [0m[7m  [0m[49m  [0m[7m  [0m[7m  [0m[7m  [0m[49m  [0m[49m  [0m[7m  [0m[49m  [0m[49m  [0m[49m  [0m[49m  [0m[7m  [0m[7m  [0m[7m  [0m[49m  [0m[49m  [0m[49m  [0m[49m  [0m[7m  [0m[7m  [0m
[7m  [0m[49m  [0m[7m  [0m[49m  [0m[49m  [0m[49m  [0m[7m  [0m[49m  [0m[7m  [0m[49m  [0m[49m  [0m[49m  [0m[49m  [0m[7m  [0m[49m  [0m[7m  [0m[7m  [0m[49m  [0m[49m  [0m[49m  [0m[49m  [0m[49m  [0m[7m  [0m[49m  [0m[49m  [0m[7m  [0m[7m  [0m
[7m  [0m[49m  [0m[7m  [0m[49m  [0m[49m  [0m[49m  [0m[7m  [0m[49m  [0m[7m  [0m[49m  [0m[49m  [0m[49m  [0m[7m  [0m[49m  [0m[49m  [0m[49m  [0m[7m  [0m[7m  [0m[7m  [0m[49m  [0m[7m  [0m[7m  [0m[7m  [0m[49m  [0m[7m  [0m[49m  [0m[7m  [0m
[7m  [0m[49m  [0m[7m  [0m[49m  [0m[49m  [0m[49m  [0m[7m  [0m[49m  [0m[7m  [0m[7m  [0m[49m  [0m[7m  [0m[49m  [0m[7m  [0m[49m  [0m[7m  [0m[49m  [0m[7m  [0m[49m  [0m[7m  [0m[7m  [0m[49m  [0m[49m  [0m[49m  [0m[49m  [0m[49m  [0m[7m  [0m
[7m  [0m[49m  [0m[7m  [0m[7m  [0m[7m  [0m[7m  [0m[7m  [0m[49m  [0m[7m  [0m[49m  [0m[7m  [0m[49m  [0m[49m  [0m[49m  [0m[49m  [0m[7m  [0m[49m  [0m[49m  [0m[49m  [0m[7m  [0m[7m  [0m[7m  [0m[7m  [0m[49m  [0m[49m  [0m[7m  [0m[7m  [0m
[7m  [0m[49m  [0m[49m  [0m[49m  [0m[49m  [0m[49m  [0m[49m  [0m[49m  [0m[7m  [0m[49m  [0m[49m  [0m[49m  [0m[49m  [0m[49m  [0m[49m  [0m[7m  [0m[7m  [0m[49m  [0m[49m  [0m[7m  [0m[49m  [0m[49m  [0m[49m  [0m[7m  [0m[49m  [0m[49m  [0m[7m  [0m
[7m  [0m[7m  [0m[7m  [0m[7m  [0m[7m  [0m[7m  [0m[7m  [0m[7m  [0m[7m  [0m[7m  [0m[7m  [0m[7m  [0m[7m  [0m[7m  [0m[7m  [0m[7m  [0m[7m  [0m[7m  [0m[7m  [0m[7m  [0m[7m  [0m[7m  [0m[7m  [0m[7m  [0m[7m  [0m[7m  [0m[7m  [0m

63870097639176.lhr.life tunneled with tls termination, https://63870097639176.lhr.life
create an account and add your key for a longer lasting domain name. see https://localhost.run/docs/forever-free/ for more information.
Open your tunnel address on your mobile with this QR:

[7m  [0m[7m  [0m[7m  [0m[7m  [0m[7m  [0m[7m  [0m[7m  [0m[7m  [0m[7m  [0m[7m  [0m[7m  [0m[7m  [0m[7m  [0m[7m  [0m[7m  [0m[7m  [0m[7m  [0m[7m  [0m[7m  [0m[7m  [0m[7m  [0m[7m  [0m[7m  [0m[7m  [0m[7m  [0m[7m  [0m[7m  [0m
[7m  [0m[49m  [0m[49m  [0m[49m  [0m[49m  [0m[49m  [0m[49m  [0m[49m  [0m[7m  [0m[49m  [0m[49m  [0m[7m  [0m[7m  [0m[7m  [0m[49m  [0m[49m  [0m[49m  [0m[7m  [0m[7m  [0m[49m  [0m[49m  [0m[49m  [0m[49m  [0m[49m  [0m[49m  [0m[49m  [0m[7m  [0m
[7m  [0m[49m  [0m[7m  [0m[7m  [0m[7m  [0m[7m  [0m[7m  [0m[49m  [0m[7m  [0m[7m  [0m[7m  [0m[7m  [0m[7m  [0m[7m  [0m[7m  [0m[49m  [0m[7m  [0m[49m  [0m[7m  [0m[49m  [0m[7m  [0m[7m  [0m[7m  [0m[7m  [0m[7m  [0m[49m  [0m[7m  [0m
[7m  [0m[49m  [0m[7m  [0m[49m  [0m[49m  [0m[49m  [0m[7m  [0m[49m  [0m[7m  [0m[49m  [0m[7m  [0m[7m  [0m[49m  [0m[49m  [0m[7m  [0m[7m  [0m[49m  [0m[49m  [0m[7m  [0m[49m  [0m[7m  [0m[49m  [0m[49m  [0m[49m  [0m[7m  [0m[49m  [0m[7m  [0m
[7m  [0m[49m  [0m[7m  [0m[49m  [0m[49m  [0m[49m  [0m[7m  [0m[49m  [0m[7m  [0m[49m  [0m[49m  [0m[7m  [0m[49m  [0m[7m  [0m[49m  [0m[49m  [0m[7m  [0m[49m  [0m[7m  [0m[49m  [0m[7m  [0m[49m  [0m[49m  [0m[49m  [0m[7m  [0m[49m  [0m[7m  [0m
[7m  [0m[49m  [0m[7m  [0m[49m  [0m[49m  [0m[49m  [0m[7m  [0m[49m  [0m[7m  [0m[49m  [0m[49m  [0m[49m  [0m[49m  [0m[7m  [0m[49m  [0m[49m  [0m[49m  [0m[7m  [0m[7m  [0m[49m  [0m[7m  [0m[49m  [0m[49m  [0m[49m  [0m[7m  [0m[49m  [0m[7m  [0m
[7m  [0m[49m  [0m[7m  [0m[7m  [0m[7m  [0m[7m  [0m[7m  [0m[49m  [0m[7m  [0m[7m  [0m[49m  [0m[7m  [0m[7m  [0m[49m  [0m[7m  [0m[49m  [0m[49m  [0m[7m  [0m[7m  [0m[49m  [0m[7m  [0m[7m  [0m[7m  [0m[7m  [0m[7m  [0m[49m  [0m[7m  [0m
[7m  [0m[49m  [0m[49m  [0m[49m  [0m[49m  [0m[49m  [0m[49m  [0m[49m  [0m[7m  [0m[49m  [0m[7m  [0m[49m  [0m[7m  [0m[49m  [0m[7m  [0m[49m  [0m[7m  [0m[49m  [0m[7m  [0m[49m  [0m[49m  [0m[49m  [0m[49m  [0m[49m  [0m[49m  [0m[49m  [0m[7m  [0m
[7m  [0m[7m  [0m[7m  [0m[7m  [0m[7m  [0m[7m  [0m[7m  [0m[7m  [0m[7m  [0m[7m  [0m[49m  [0m[7m  [0m[49m  [0m[7m  [0m[49m  [0m[49m  [0m[49m  [0m[7m  [0m[7m  [0m[7m  [0m[7m  [0m[7m  [0m[7m  [0m[7m  [0m[7m  [0m[7m  [0m[7m  [0m
[7m  [0m[49m  [0m[49m  [0m[49m  [0m[49m  [0m[7m  [0m[7m  [0m[49m  [0m[7m  [0m[49m  [0m[7m  [0m[7m  [0m[7m  [0m[7m  [0m[7m  [0m[49m  [0m[49m  [0m[7m  [0m[49m  [0m[7m  [0m[7m  [0m[49m  [0m[49m  [0m[49m  [0m[7m  [0m[49m  [0m[7m  [0m
[7m  [0m[7m  [0m[49m  [0m[7m  [0m[49m  [0m[7m  [0m[49m  [0m[7m  [0m[49m  [0m[49m  [0m[49m  [0m[7m  [0m[7m  [0m[7m  [0m[49m  [0m[7m  [0m[7m  [0m[49m  [0m[7m  [0m[49m  [0m[7m  [0m[7m  [0m[7m  [0m[7m  [0m[7m  [0m[7m  [0m[7m  [0m
[7m  [0m[49m  [0m[49m  [0m[7m  [0m[7m  [0m[49m  [0m[7m  [0m[49m  [0m[49m  [0m[7m  [0m[7m  [0m[7m  [0m[7m  [0m[7m  [0m[7m  [0m[7m  [0m[7m  [0m[7m  [0m[49m  [0m[7m  [0m[7m  [0m[49m  [0m[49m  [0m[7m  [0m[7m  [0m[7m  [0m[7m  [0m
[7m  [0m[7m  [0m[49m  [0m[7m  [0m[7m  [0m[49m  [0m[7m  [0m[7m  [0m[7m  [0m[7m  [0m[7m  [0m[7m  [0m[49m  [0m[49m  [0m[7m  [0m[7m  [0m[7m  [0m[49m  [0m[7m  [0m[7m  [0m[49m  [0m[7m  [0m[49m  [0m[49m  [0m[7m  [0m[49m  [0m[7m  [0m
[7m  [0m[7m  [0m[7m  [0m[7m  [0m[49m  [0m[49m  [0m[7m  [0m[49m  [0m[7m  [0m[7m  [0m[49m  [0m[7m  [0m[49m  [0m[7m  [0m[49m  [0m[49m  [0m[49m  [0m[49m  [0m[49m  [0m[7m  [0m[7m  [0m[49m  [0m[49m  [0m[7m  [0m[7m  [0m[7m  [0m[7m  [0m
[7m  [0m[7m  [0m[49m  [0m[49m  [0m[49m  [0m[7m  [0m[7m  [0m[7m  [0m[49m  [0m[49m  [0m[7m  [0m[49m  [0m[49m  [0m[7m  [0m[7m  [0m[49m  [0m[7m  [0m[49m  [0m[49m  [0m[7m  [0m[49m  [0m[7m  [0m[49m  [0m[7m  [0m[49m  [0m[49m  [0m[7m  [0m
[7m  [0m[7m  [0m[49m  [0m[49m  [0m[7m  [0m[49m  [0m[7m  [0m[49m  [0m[49m  [0m[49m  [0m[49m  [0m[7m  [0m[7m  [0m[49m  [0m[49m  [0m[49m  [0m[7m  [0m[49m  [0m[49m  [0m[49m  [0m[7m  [0m[7m  [0m[7m  [0m[7m  [0m[7m  [0m[49m  [0m[7m  [0m
[7m  [0m[49m  [0m[7m  [0m[49m  [0m[49m  [0m[7m  [0m[7m  [0m[7m  [0m[7m  [0m[7m  [0m[7m  [0m[49m  [0m[7m  [0m[49m  [0m[49m  [0m[7m  [0m[49m  [0m[49m  [0m[7m  [0m[7m  [0m[49m  [0m[49m  [0m[49m  [0m[7m  [0m[49m  [0m[49m  [0m[7m  [0m
[7m  [0m[7m  [0m[7m  [0m[7m  [0m[49m  [0m[7m  [0m[49m  [0m[49m  [0m[7m  [0m[49m  [0m[49m  [0m[49m  [0m[49m  [0m[7m  [0m[49m  [0m[7m  [0m[49m  [0m[49m  [0m[49m  [0m[49m  [0m[49m  [0m[49m  [0m[49m  [0m[49m  [0m[49m  [0m[7m  [0m[7m  [0m
[7m  [0m[7m  [0m[7m  [0m[7m  [0m[7m  [0m[7m  [0m[7m  [0m[7m  [0m[7m  [0m[49m  [0m[49m  [0m[7m  [0m[7m  [0m[49m  [0m[49m  [0m[7m  [0m[7m  [0m[49m  [0m[7m  [0m[7m  [0m[7m  [0m[49m  [0m[49m  [0m[7m  [0m[49m  [0m[49m  [0m[7m  [0m
[7m  [0m[49m  [0m[49m  [0m[49m  [0m[49m  [0m[49m  [0m[49m  [0m[49m  [0m[7m  [0m[7m  [0m[49m  [0m[49m  [0m[49m  [0m[49m  [0m[7m  [0m[7m  [0m[7m  [0m[49m  [0m[7m  [0m[49m  [0m[7m  [0m[49m  [0m[7m  [0m[7m  [0m[7m  [0m[7m  [0m[7m  [0m
[7m  [0m[49m  [0m[7m  [0m[7m  [0m[7m  [0m[7m  [0m[7m  [0m[49m  [0m[7m  [0m[7m  [0m[49m  [0m[7m  [0m[7m  [0m[49m  [0m[7m  [0m[49m  [0m[7m  [0m[49m  [0m[7m  [0m[7m  [0m[7m  [0m[49m  [0m[49m  [0m[49m  [0m[7m  [0m[49m  [0m[7m  [0m
[7m  [0m[49m  [0m[7m  [0m[49m  [0m[49m  [0m[49m  [0m[7m  [0m[49m  [0m[7m  [0m[7m  [0m[49m  [0m[7m  [0m[49m  [0m[49m  [0m[49m  [0m[7m  [0m[7m  [0m[49m  [0m[49m  [0m[49m  [0m[49m  [0m[49m  [0m[49m  [0m[49m  [0m[49m  [0m[49m  [0m[7m  [0m
[7m  [0m[49m  [0m[7m  [0m[49m  [0m[49m  [0m[49m  [0m[7m  [0m[49m  [0m[7m  [0m[49m  [0m[7m  [0m[49m  [0m[7m  [0m[49m  [0m[49m  [0m[7m  [0m[7m  [0m[49m  [0m[7m  [0m[49m  [0m[7m  [0m[49m  [0m[49m  [0m[7m  [0m[7m  [0m[49m  [0m[7m  [0m
[7m  [0m[49m  [0m[7m  [0m[49m  [0m[49m  [0m[49m  [0m[7m  [0m[49m  [0m[7m  [0m[49m  [0m[49m  [0m[49m  [0m[49m  [0m[49m  [0m[49m  [0m[7m  [0m[7m  [0m[7m  [0m[7m  [0m[7m  [0m[7m  [0m[49m  [0m[49m  [0m[7m  [0m[49m  [0m[7m  [0m[7m  [0m
[7m  [0m[49m  [0m[7m  [0m[7m  [0m[7m  [0m[7m  [0m[7m  [0m[49m  [0m[7m  [0m[49m  [0m[7m  [0m[7m  [0m[7m  [0m[7m  [0m[7m  [0m[7m  [0m[49m  [0m[49m  [0m[7m  [0m[7m  [0m[7m  [0m[7m  [0m[7m  [0m[49m  [0m[7m  [0m[49m  [0m[7m  [0m
[7m  [0m[49m  [0m[49m  [0m[49m  [0m[49m  [0m[49m  [0m[49m  [0m[49m  [0m[7m  [0m[49m  [0m[7m  [0m[7m  [0m[7m  [0m[49m  [0m[7m  [0m[49m  [0m[49m  [0m[7m  [0m[49m  [0m[49m  [0m[7m  [0m[7m  [0m[7m  [0m[7m  [0m[7m  [0m[49m  [0m[7m  [0m
[7m  [0m[7m  [0m[7m  [0m[7m  [0m[7m  [0m[7m  [0m[7m  [0m[7m  [0m[7m  [0m[7m  [0m[7m  [0m[7m  [0m[7m  [0m[7m  [0m[7m  [0m[7m  [0m[7m  [0m[7m  [0m[7m  [0m[7m  [0m[7m  [0m[7m  [0m[7m  [0m[7m  [0m[7m  [0m[7m  [0m[7m  [0m

73608ea3517183.lhr.life tunneled with tls termination, https://73608ea3517183.lhr.life
create an account and add your key for a longer lasting domain name. see https://localhost.run/docs/forever-free/ for more information.
Open your tunnel address on your mobile with this QR:

[7m  [0m[7m  [0m[7m  [0m[7m  [0m[7m  [0m[7m  [0m[7m  [0m[7m  [0m[7m  [0m[7m  [0m[7m  [0m[7m  [0m[7m  [0m[7m  [0m[7m  [0m[7m  [0m[7m  [0m[7m  [0m[7m  [0m[7m  [0m[7m  [0m[7m  [0m[7m  [0m[7m  [0m[7m  [0m[7m  [0m[7m  [0m
[7m  [0m[49m  [0m[49m  [0m[49m  [0m[49m  [0m[49m  [0m[49m  [0m[49m  [0m[7m  [0m[7m  [0m[7m  [0m[49m  [0m[7m  [0m[7m  [0m[49m  [0m[7m  [0m[7m  [0m[49m  [0m[7m  [0m[49m  [0m[49m  [0m[49m  [0m[49m  [0m[49m  [0m[49m  [0m[49m  [0m[7m  [0m
[7m  [0m[49m  [0m[7m  [0m[7m  [0m[7m  [0m[7m  [0m[7m  [0m[49m  [0m[7m  [0m[7m  [0m[49m  [0m[7m  [0m[7m  [0m[7m  [0m[49m  [0m[7m  [0m[49m  [0m[49m  [0m[7m  [0m[49m  [0m[7m  [0m[7m  [0m[7m  [0m[7m  [0m[7m  [0m[49m  [0m[7m  [0m
[7m  [0m[49m  [0m[7m  [0m[49m  [0m[49m  [0m[49m  [0m[7m  [0m[49m  [0m[7m  [0m[49m  [0m[7m  [0m[7m  [0m[49m  [0m[7m  [0m[49m  [0m[49m  [0m[49m  [0m[49m  [0m[7m  [0m[49m  [0m[7m  [0m[49m  [0m[49m  [0m[49m  [0m[7m  [0m[49m  [0m[7m  [0m
[7m  [0m[49m  [0m[7m  [0m[49m  [0m[49m  [0m[49m  [0m[7m  [0m[49m  [0m[7m  [0m[7m  [0m[49m  [0m[7m  [0m[7m  [0m[49m  [0m[7m  [0m[49m  [0m[7m  [0m[49m  [0m[7m  [0m[49m  [0m[7m  [0m[49m  [0m[49m  [0m[49m  [0m[7m  [0m[49m  [0m[7m  [0m
[7m  [0m[49m  [0m[7m  [0m[49m  [0m[49m  [0m[49m  [0m[7m  [0m[49m  [0m[7m  [0m[7m  [0m[49m  [0m[7m  [0m[7m  [0m[49m  [0m[49m  [0m[49m  [0m[49m  [0m[49m  [0m[7m  [0m[49m  [0m[7m  [0m[49m  [0m[49m  [0m[49m  [0m[7m  [0m[49m  [0m[7m  [0m
[7m  [0m[49m  [0m[7m  [0m[7m  [0m[7m  [0m[7m  [0m[7m  [0m[49m  [0m[7m  [0m[7m  [0m[7m  [0m[49m  [0m[49m  [0m[49m  [0m[7m  [0m[49m  [0m[7m  [0m[49m  [0m[7m  [0m[49m  [0m[7m  [0m[7m  [0m[7m  [0m[7m  [0m[7m  [0m[49m  [0m[7m  [0m
[7m  [0m[49m  [0m[49m  [0m[49m  [0m[49m  [0m[49m  [0m[49m  [0m[49m  [0m[7m  [0m[49m  [0m[7m  [0m[49m  [0m[7m  [0m[49m  [0m[7m  [0m[49m  [0m[7m  [0m[49m  [0m[7m  [0m[49m  [0m[49m  [0m[49m  [0m[49m  [0m[49m  [0m[49m  [0m[49m  [0m[7m  [0m
[7m  [0m[7m  [0m[7m  [0m[7m  [0m[7m  [0m[7m  [0m[7m  [0m[7m  [0m[7m  [0m[49m  [0m[7m  [0m[7m  [0m[49m  [0m[7m  [0m[7m  [0m[7m  [0m[7m  [0m[7m  [0m[7m  [0m[7m  [0m[7m  [0m[7m  [0m[7m  [0m[7m  [0m[7m  [0m[7m  [0m[7m  [0m
[7m  [0m[49m  [0m[49m  [0m[49m  [0m[7m  [0m[49m  [0m[49m  [0m[49m  [0m[49m  [0m[49m  [0m[7m  [0m[7m  [0m[7m  [0m[49m  [0m[49m  [0m[7m  [0m[49m  [0m[7m  [0m[49m  [0m[49m  [0m[7m  [0m[7m  [0m[7m  [0m[49m  [0m[7m  [0m[7m  [0m[7m  [0m
[7m  [0m[7m  [0m[7m  [0m[7m  [0m[49m  [0m[7m  [0m[49m  [0m[7m  [0m[49m  [0m[7m  [0m[49m  [0m[7m  [0m[49m  [0m[49m  [0m[7m  [0m[7m  [0m[7m  [0m[49m  [0m[7m  [0m[7m  [0m[7m  [0m[49m  [0m[7m  [0m[7m  [0m[49m  [0m[49m  [0m[7m  [0m
[7m  [0m[49m  [0m[49m  [0m[7m  [0m[7m  [0m[7m  [0m[7m  [0m[49m  [0m[7m  [0m[7m  [0m[7m  [0m[49m  [0m[49m  [0m[49m  [0m[7m  [0m[7m  [0m[49m  [0m[49m  [0m[7m  [0m[7m  [0m[49m  [0m[49m  [0m[49m  [0m[49m  [0m[49m  [0m[49m  [0m[7m  [0m
[7m  [0m[49m  [0m[49m  [0m[49m  [0m[49m  [0m[49m  [0m[49m  [0m[7m  [0m[7m  [0m[7m  [0m[49m  [0m[49m  [0m[7m  [0m[49m  [0m[7m  [0m[7m  [0m[7m  [0m[7m  [0m[49m  [0m[7m  [0m[7m  [0m[7m  [0m[7m  [0m[7m  [0m[49m  [0m[49m  [0m[7m  [0m
[7m  [0m[49m  [0m[49m  [0m[49m  [0m[7m  [0m[7m  [0m[7m  [0m[49m  [0m[49m  [0m[7m  [0m[7m  [0m[49m  [0m[49m  [0m[7m  [0m[49m  [0m[7m  [0m[49m  [0m[7m  [0m[49m  [0m[7m  [0m[7m  [0m[49m  [0m[7m  [0m[49m  [0m[7m  [0m[7m  [0m[7m  [0m
[7m  [0m[7m  [0m[7m  [0m[49m  [0m[49m  [0m[7m  [0m[7m  [0m[7m  [0m[7m  [0m[49m  [0m[49m  [0m[49m  [0m[49m  [0m[7m  [0m[49m  [0m[7m  [0m[49m  [0m[49m  [0m[49m  [0m[49m  [0m[7m  [0m[49m  [0m[7m  [0m[7m  [0m[49m  [0m[49m  [0m[7m  [0m
[7m  [0m[49m  [0m[7m  [0m[7m  [0m[49m  [0m[49m  [0m[7m  [0m[49m  [0m[49m  [0m[49m  [0m[49m  [0m[7m  [0m[7m  [0m[7m  [0m[7m  [0m[7m  [0m[7m  [0m[49m  [0m[7m  [0m[49m  [0m[49m  [0m[49m  [0m[7m  [0m[7m  [0m[7m  [0m[7m  [0m[7m  [0m
[7m  [0m[7m  [0m[49m  [0m[49m  [0m[49m  [0m[49m  [0m[7m  [0m[7m  [0m[49m  [0m[49m  [0m[49m  [0m[7m  [0m[49m  [0m[7m  [0m[7m  [0m[7m  [0m[49m  [0m[7m  [0m[49m  [0m[49m  [0m[49m  [0m[7m  [0m[49m  [0m[7m  [0m[7m  [0m[7m  [0m[7m  [0m
[7m  [0m[49m  [0m[7m  [0m[7m  [0m[7m  [0m[7m  [0m[7m  [0m[49m  [0m[49m  [0m[49m  [0m[49m  [0m[7m  [0m[7m  [0m[49m  [0m[49m  [0m[7m  [0m[49m  [0m[49m  [0m[49m  [0m[49m  [0m[49m  [0m[49m  [0m[49m  [0m[7m  [0m[7m  [0m[49m  [0m[7m  [0m
[7m  [0m[7m  [0m[7m  [0m[7m  [0m[7m  [0m[7m  [0m[7m  [0m[7m  [0m[7m  [0m[49m  [0m[49m  [0m[49m  [0m[49m  [0m[49m  [0m[49m  [0m[7m  [0m[7m  [0m[49m  [0m[7m  [0m[7m  [0m[7m  [0m[49m  [0m[7m  [0m[49m  [0m[7m  [0m[49m  [0m[7m  [0m
[7m  [0m[49m  [0m[49m  [0m[49m  [0m[49m  [0m[49m  [0m[49m  [0m[49m  [0m[7m  [0m[49m  [0m[49m  [0m[49m  [0m[49m  [0m[49m  [0m[7m  [0m[49m  [0m[49m  [0m[49m  [0m[7m  [0m[49m  [0m[7m  [0m[49m  [0m[49m  [0m[49m  [0m[7m  [0m[7m  [0m[7m  [0m
[7m  [0m[49m  [0m[7m  [0m[7m  [0m[7m  [0m[7m  [0m[7m  [0m[49m  [0m[7m  [0m[49m  [0m[7m  [0m[7m  [0m[7m  [0m[49m  [0m[49m  [0m[7m  [0m[7m  [0m[49m  [0m[7m  [0m[7m  [0m[7m  [0m[49m  [0m[7m  [0m[49m  [0m[7m  [0m[49m  [0m[7m  [0m
[7m  [0m[49m  [0m[7m  [0m[49m  [0m[49m  [0m[49m  [0m[7m  [0m[49m  [0m[7m  [0m[49m  [0m[7m  [0m[7m  [0m[49m  [0m[7m  [0m[7m  [0m[49m  [0m[7m  [0m[49m  [0m[49m  [0m[49m  [0m[49m  [0m[49m  [0m[49m  [0m[49m  [0m[49m  [0m[7m  [0m[7m  [0m
[7m  [0m[49m  [0m[7m  [0m[49m  [0m[49m  [0m[49m  [0m[7m  [0m[49m  [0m[7m  [0m[7m  [0m[7m  [0m[7m  [0m[49m  [0m[7m  [0m[7m  [0m[7m  [0m[49m  [0m[49m  [0m[49m  [0m[49m  [0m[49m  [0m[49m  [0m[49m  [0m[7m  [0m[49m  [0m[7m  [0m[7m  [0m
[7m  [0m[49m  [0m[7m  [0m[49m  [0m[49m  [0m[49m  [0m[7m  [0m[49m  [0m[7m  [0m[49m  [0m[49m  [0m[49m  [0m[7m  [0m[7m  [0m[49m  [0m[7m  [0m[7m  [0m[49m  [0m[7m  [0m[49m  [0m[7m  [0m[49m  [0m[49m  [0m[49m  [0m[7m  [0m[49m  [0m[7m  [0m
[7m  [0m[49m  [0m[7m  [0m[7m  [0m[7m  [0m[7m  [0m[7m  [0m[49m  [0m[7m  [0m[49m  [0m[7m  [0m[49m  [0m[49m  [0m[7m  [0m[7m  [0m[7m  [0m[49m  [0m[49m  [0m[7m  [0m[49m  [0m[49m  [0m[49m  [0m[49m  [0m[7m  [0m[49m  [0m[49m  [0m[7m  [0m
[7m  [0m[49m  [0m[49m  [0m[49m  [0m[49m  [0m[49m  [0m[49m  [0m[49m  [0m[7m  [0m[49m  [0m[7m  [0m[49m  [0m[7m  [0m[49m  [0m[7m  [0m[7m  [0m[7m  [0m[49m  [0m[7m  [0m[7m  [0m[49m  [0m[7m  [0m[49m  [0m[7m  [0m[7m  [0m[49m  [0m[7m  [0m
[7m  [0m[7m  [0m[7m  [0m[7m  [0m[7m  [0m[7m  [0m[7m  [0m[7m  [0m[7m  [0m[7m  [0m[7m  [0m[7m  [0m[7m  [0m[7m  [0m[7m  [0m[7m  [0m[7m  [0m[7m  [0m[7m  [0m[7m  [0m[7m  [0m[7m  [0m[7m  [0m[7m  [0m[7m  [0m[7m  [0m[7m  [0m

c1f72d18bf3fcd.lhr.life tunneled with tls termination, https://c1f72d18bf3fcd.lhr.life
create an account and add your key for a longer lasting domain name. see https://localhost.run/docs/forever-free/ for more information.
Open your tunnel address on your mobile with this QR:

[7m  [0m[7m  [0m[7m  [0m[7m  [0m[7m  [0m[7m  [0m[7m  [0m[7m  [0m[7m  [0m[7m  [0m[7m  [0m[7m  [0m[7m  [0m[7m  [0m[7m  [0m[7m  [0m[7m  [0m[7m  [0m[7m  [0m[7m  [0m[7m  [0m[7m  [0m[7m  [0m[7m  [0m[7m  [0m[7m  [0m[7m  [0m
[7m  [0m[49m  [0m[49m  [0m[49m  [0m[49m  [0m[49m  [0m[49m  [0m[49m  [0m[7m  [0m[49m  [0m[49m  [0m[7m  [0m[7m  [0m[7m  [0m[49m  [0m[49m  [0m[49m  [0m[7m  [0m[7m  [0m[49m  [0m[49m  [0m[49m  [0m[49m  [0m[49m  [0m[49m  [0m[49m  [0m[7m  [0m
[7m  [0m[49m  [0m[7m  [0m[7m  [0m[7m  [0m[7m  [0m[7m  [0m[49m  [0m[7m  [0m[7m  [0m[7m  [0m[7m  [0m[7m  [0m[7m  [0m[7m  [0m[49m  [0m[7m  [0m[49m  [0m[7m  [0m[49m  [0m[7m  [0m[7m  [0m[7m  [0m[7m  [0m[7m  [0m[49m  [0m[7m  [0m
[7m  [0m[49m  [0m[7m  [0m[49m  [0m[49m  [0m[49m  [0m[7m  [0m[49m  [0m[7m  [0m[49m  [0m[7m  [0m[7m  [0m[49m  [0m[49m  [0m[7m  [0m[7m  [0m[49m  [0m[49m  [0m[7m  [0m[49m  [0m[7m  [0m[49m  [0m[49m  [0m[49m  [0m[7m  [0m[49m  [0m[7m  [0m
[7m  [0m[49m  [0m[7m  [0m[49m  [0m[49m  [0m[49m  [0m[7m  [0m[49m  [0m[7m  [0m[49m  [0m[49m  [0m[7m  [0m[49m  [0m[7m  [0m[49m  [0m[49m  [0m[7m  [0m[49m  [0m[7m  [0m[49m  [0m[7m  [0m[49m  [0m[49m  [0m[49m  [0m[7m  [0m[49m  [0m[7m  [0m
[7m  [0m[49m  [0m[7m  [0m[49m  [0m[49m  [0m[49m  [0m[7m  [0m[49m  [0m[7m  [0m[49m  [0m[49m  [0m[49m  [0m[49m  [0m[7m  [0m[49m  [0m[49m  [0m[49m  [0m[7m  [0m[7m  [0m[49m  [0m[7m  [0m[49m  [0m[49m  [0m[49m  [0m[7m  [0m[49m  [0m[7m  [0m
[7m  [0m[49m  [0m[7m  [0m[7m  [0m[7m  [0m[7m  [0m[7m  [0m[49m  [0m[7m  [0m[7m  [0m[49m  [0m[7m  [0m[7m  [0m[49m  [0m[7m  [0m[49m  [0m[49m  [0m[7m  [0m[7m  [0m[49m  [0m[7m  [0m[7m  [0m[7m  [0m[7m  [0m[7m  [0m[49m  [0m[7m  [0m
[7m  [0m[49m  [0m[49m  [0m[49m  [0m[49m  [0m[49m  [0m[49m  [0m[49m  [0m[7m  [0m[49m  [0m[7m  [0m[49m  [0m[7m  [0m[49m  [0m[7m  [0m[49m  [0m[7m  [0m[49m  [0m[7m  [0m[49m  [0m[49m  [0m[49m  [0m[49m  [0m[49m  [0m[49m  [0m[49m  [0m[7m  [0m
[7m  [0m[7m  [0m[7m  [0m[7m  [0m[7m  [0m[7m  [0m[7m  [0m[7m  [0m[7m  [0m[7m  [0m[49m  [0m[7m  [0m[49m  [0m[7m  [0m[49m  [0m[49m  [0m[49m  [0m[7m  [0m[7m  [0m[7m  [0m[7m  [0m[7m  [0m[7m  [0m[7m  [0m[7m  [0m[7m  [0m[7m  [0m
[7m  [0m[49m  [0m[49m  [0m[49m  [0m[49m  [0m[7m  [0m[7m  [0m[49m  [0m[7m  [0m[49m  [0m[7m  [0m[7m  [0m[7m  [0m[7m  [0m[7m  [0m[49m  [0m[49m  [0m[7m  [0m[49m  [0m[7m  [0m[7m  [0m[49m  [0m[49m  [0m[49m  [0m[7m  [0m[49m  [0m[7m  [0m
[7m  [0m[7m  [0m[7m  [0m[7m  [0m[7m  [0m[7m  [0m[7m  [0m[7m  [0m[7m  [0m[49m  [0m[49m  [0m[7m  [0m[7m  [0m[7m  [0m[49m  [0m[7m  [0m[7m  [0m[49m  [0m[49m  [0m[49m  [0m[7m  [0m[49m  [0m[7m  [0m[7m  [0m[7m  [0m[7m  [0m[7m  [0m
[7m  [0m[49m  [0m[49m  [0m[7m  [0m[7m  [0m[49m  [0m[7m  [0m[49m  [0m[7m  [0m[7m  [0m[7m  [0m[7m  [0m[7m  [0m[7m  [0m[7m  [0m[7m  [0m[7m  [0m[7m  [0m[7m  [0m[49m  [0m[49m  [0m[49m  [0m[49m  [0m[7m  [0m[7m  [0m[7m  [0m[7m  [0m
[7m  [0m[7m  [0m[49m  [0m[49m  [0m[7m  [0m[49m  [0m[49m  [0m[7m  [0m[7m  [0m[7m  [0m[7m  [0m[7m  [0m[49m  [0m[49m  [0m[7m  [0m[7m  [0m[49m  [0m[49m  [0m[7m  [0m[7m  [0m[49m  [0m[7m  [0m[49m  [0m[49m  [0m[7m  [0m[49m  [0m[7m  [0m
[7m  [0m[7m  [0m[7m  [0m[49m  [0m[49m  [0m[7m  [0m[7m  [0m[49m  [0m[7m  [0m[7m  [0m[49m  [0m[7m  [0m[49m  [0m[7m  [0m[49m  [0m[49m  [0m[7m  [0m[7m  [0m[7m  [0m[49m  [0m[7m  [0m[7m  [0m[49m  [0m[7m  [0m[7m  [0m[7m  [0m[7m  [0m
[7m  [0m[7m  [0m[7m  [0m[49m  [0m[49m  [0m[49m  [0m[49m  [0m[7m  [0m[7m  [0m[7m  [0m[7m  [0m[49m  [0m[49m  [0m[7m  [0m[7m  [0m[49m  [0m[7m  [0m[7m  [0m[7m  [0m[7m  [0m[49m  [0m[49m  [0m[49m  [0m[7m  [0m[49m  [0m[49m  [0m[7m  [0m
[7m  [0m[7m  [0m[49m  [0m[7m  [0m[7m  [0m[49m  [0m[7m  [0m[49m  [0m[7m  [0m[49m  [0m[7m  [0m[49m  [0m[7m  [0m[49m  [0m[49m  [0m[49m  [0m[49m  [0m[49m  [0m[7m  [0m[49m  [0m[7m  [0m[7m  [0m[7m  [0m[7m  [0m[7m  [0m[49m  [0m[7m  [0m
[7m  [0m[49m  [0m[7m  [0m[49m  [0m[49m  [0m[49m  [0m[7m  [0m[7m  [0m[7m  [0m[49m  [0m[7m  [0m[49m  [0m[7m  [0m[49m  [0m[49m  [0m[7m  [0m[49m  [0m[49m  [0m[7m  [0m[7m  [0m[49m  [0m[7m  [0m[49m  [0m[7m  [0m[49m  [0m[49m  [0m[7m  [0m
[7m  [0m[7m  [0m[7m  [0m[7m  [0m[7m  [0m[7m  [0m[7m  [0m[49m  [0m[49m  [0m[7m  [0m[49m  [0m[7m  [0m[49m  [0m[7m  [0m[49m  [0m[7m  [0m[49m  [0m[49m  [0m[49m  [0m[49m  [0m[49m  [0m[49m  [0m[49m  [0m[49m  [0m[49m  [0m[7m  [0m[7m  [0m
[7m  [0m[7m  [0m[7m  [0m[7m  [0m[7m  [0m[7m  [0m[7m  [0m[7m  [0m[7m  [0m[49m  [0m[7m  [0m[7m  [0m[7m  [0m[49m  [0m[49m  [0m[7m  [0m[7m  [0m[49m  [0m[7m  [0m[7m  [0m[7m  [0m[49m  [0m[49m  [0m[7m  [0m[49m  [0m[49m  [0m[7m  [0m
[7m  [0m[49m  [0m[49m  [0m[49m  [0m[49m  [0m[49m  [0m[49m  [0m[49m  [0m[7m  [0m[7m  [0m[49m  [0m[7m  [0m[49m  [0m[49m  [0m[7m  [0m[7m  [0m[7m  [0m[49m  [0m[7m  [0m[49m  [0m[7m  [0m[49m  [0m[7m  [0m[7m  [0m[7m  [0m[7m  [0m[7m  [0m
[7m  [0m[49m  [0m[7m  [0m[7m  [0m[7m  [0m[7m  [0m[7m  [0m[49m  [0m[7m  [0m[7m  [0m[7m  [0m[49m  [0m[7m  [0m[49m  [0m[7m  [0m[49m  [0m[7m  [0m[49m  [0m[7m  [0m[7m  [0m[7m  [0m[49m  [0m[49m  [0m[49m  [0m[7m  [0m[49m  [0m[7m  [0m
[7m  [0m[49m  [0m[7m  [0m[49m  [0m[49m  [0m[49m  [0m[7m  [0m[49m  [0m[7m  [0m[7m  [0m[7m  [0m[7m  [0m[49m  [0m[49m  [0m[49m  [0m[7m  [0m[7m  [0m[49m  [0m[49m  [0m[49m  [0m[49m  [0m[49m  [0m[49m  [0m[49m  [0m[49m  [0m[49m  [0m[7m  [0m
[7m  [0m[49m  [0m[7m  [0m[49m  [0m[49m  [0m[49m  [0m[7m  [0m[49m  [0m[7m  [0m[49m  [0m[49m  [0m[7m  [0m[7m  [0m[49m  [0m[49m  [0m[7m  [0m[7m  [0m[7m  [0m[7m  [0m[7m  [0m[49m  [0m[7m  [0m[49m  [0m[7m  [0m[7m  [0m[49m  [0m[7m  [0m
[7m  [0m[49m  [0m[7m  [0m[49m  [0m[49m  [0m[49m  [0m[7m  [0m[49m  [0m[7m  [0m[49m  [0m[49m  [0m[7m  [0m[49m  [0m[49m  [0m[49m  [0m[7m  [0m[7m  [0m[7m  [0m[7m  [0m[7m  [0m[49m  [0m[49m  [0m[7m  [0m[49m  [0m[49m  [0m[7m  [0m[7m  [0m
[7m  [0m[49m  [0m[7m  [0m[7m  [0m[7m  [0m[7m  [0m[7m  [0m[49m  [0m[7m  [0m[49m  [0m[49m  [0m[7m  [0m[7m  [0m[7m  [0m[7m  [0m[7m  [0m[7m  [0m[7m  [0m[49m  [0m[49m  [0m[7m  [0m[7m  [0m[7m  [0m[49m  [0m[7m  [0m[49m  [0m[7m  [0m
[7m  [0m[49m  [0m[49m  [0m[49m  [0m[49m  [0m[49m  [0m[49m  [0m[49m  [0m[7m  [0m[49m  [0m[49m  [0m[7m  [0m[7m  [0m[49m  [0m[7m  [0m[49m  [0m[7m  [0m[49m  [0m[49m  [0m[7m  [0m[49m  [0m[49m  [0m[7m  [0m[7m  [0m[7m  [0m[49m  [0m[7m  [0m
[7m  [0m[7m  [0m[7m  [0m[7m  [0m[7m  [0m[7m  [0m[7m  [0m[7m  [0m[7m  [0m[7m  [0m[7m  [0m[7m  [0m[7m  [0m[7m  [0m[7m  [0m[7m  [0m[7m  [0m[7m  [0m[7m  [0m[7m  [0m[7m  [0m[7m  [0m[7m  [0m[7m  [0m[7m  [0m[7m  [0m[7m  [0m

ef4a4e7b947483.lhr.life tunneled with tls termination, https://ef4a4e7b947483.lhr.life
create an account and add your key for a longer lasting domain name. see https://localhost.run/docs/forever-free/ for more information.
Open your tunnel address on your mobile with this QR:

[7m  [0m[7m  [0m[7m  [0m[7m  [0m[7m  [0m[7m  [0m[7m  [0m[7m  [0m[7m  [0m[7m  [0m[7m  [0m[7m  [0m[7m  [0m[7m  [0m[7m  [0m[7m  [0m[7m  [0m[7m  [0m[7m  [0m[7m  [0m[7m  [0m[7m  [0m[7m  [0m[7m  [0m[7m  [0m[7m  [0m[7m  [0m
[7m  [0m[49m  [0m[49m  [0m[49m  [0m[49m  [0m[49m  [0m[49m  [0m[49m  [0m[7m  [0m[7m  [0m[7m  [0m[49m  [0m[7m  [0m[7m  [0m[49m  [0m[7m  [0m[7m  [0m[49m  [0m[7m  [0m[49m  [0m[49m  [0m[49m  [0m[49m  [0m[49m  [0m[49m  [0m[49m  [0m[7m  [0m
[7m  [0m[49m  [0m[7m  [0m[7m  [0m[7m  [0m[7m  [0m[7m  [0m[49m  [0m[7m  [0m[49m  [0m[49m  [0m[49m  [0m[7m  [0m[7m  [0m[7m  [0m[7m  [0m[49m  [0m[7m  [0m[7m  [0m[49m  [0m[7m  [0m[7m  [0m[7m  [0m[7m  [0m[7m  [0m[49m  [0m[7m  [0m
[7m  [0m[49m  [0m[7m  [0m[49m  [0m[49m  [0m[49m  [0m[7m  [0m[49m  [0m[7m  [0m[49m  [0m[7m  [0m[7m  [0m[7m  [0m[7m  [0m[49m  [0m[7m  [0m[49m  [0m[49m  [0m[7m  [0m[49m  [0m[7m  [0m[49m  [0m[49m  [0m[49m  [0m[7m  [0m[49m  [0m[7m  [0m
[7m  [0m[49m  [0m[7m  [0m[49m  [0m[49m  [0m[49m  [0m[7m  [0m[49m  [0m[7m  [0m[7m  [0m[49m  [0m[7m  [0m[7m  [0m[49m  [0m[7m  [0m[49m  [0m[7m  [0m[49m  [0m[7m  [0m[49m  [0m[7m  [0m[49m  [0m[49m  [0m[49m  [0m[7m  [0m[49m  [0m[7m  [0m
[7m  [0m[49m  [0m[7m  [0m[49m  [0m[49m  [0m[49m  [0m[7m  [0m[49m  [0m[7m  [0m[49m  [0m[49m  [0m[49m  [0m[7m  [0m[49m  [0m[7m  [0m[49m  [0m[49m  [0m[7m  [0m[7m  [0m[49m  [0m[7m  [0m[49m  [0m[49m  [0m[49m  [0m[7m  [0m[49m  [0m[7m  [0m
[7m  [0m[49m  [0m[7m  [0m[7m  [0m[7m  [0m[7m  [0m[7m  [0m[49m  [0m[7m  [0m[49m  [0m[7m  [0m[49m  [0m[7m  [0m[49m  [0m[7m  [0m[7m  [0m[7m  [0m[49m  [0m[7m  [0m[49m  [0m[7m  [0m[7m  [0m[7m  [0m[7m  [0m[7m  [0m[49m  [0m[7m  [0m
[7m  [0m[49m  [0m[49m  [0m[49m  [0m[49m  [0m[49m  [0m[49m  [0m[49m  [0m[7m  [0m[49m  [0m[7m  [0m[49m  [0m[7m  [0m[49m  [0m[7m  [0m[49m  [0m[7m  [0m[49m  [0m[7m  [0m[49m  [0m[49m  [0m[49m  [0m[49m  [0m[49m  [0m[49m  [0m[49m  [0m[7m  [0m
[7m  [0m[7m  [0m[7m  [0m[7m  [0m[7m  [0m[7m  [0m[7m  [0m[7m  [0m[7m  [0m[49m  [0m[7m  [0m[49m  [0m[49m  [0m[7m  [0m[49m  [0m[7m  [0m[7m  [0m[49m  [0m[7m  [0m[7m  [0m[7m  [0m[7m  [0m[7m  [0m[7m  [0m[7m  [0m[7m  [0m[7m  [0m
[7m  [0m[49m  [0m[49m  [0m[7m  [0m[49m  [0m[7m  [0m[7m  [0m[49m  [0m[49m  [0m[7m  [0m[7m  [0m[7m  [0m[49m  [0m[49m  [0m[49m  [0m[49m  [0m[49m  [0m[7m  [0m[7m  [0m[49m  [0m[49m  [0m[49m  [0m[7m  [0m[49m  [0m[49m  [0m[7m  [0m[7m  [0m
[7m  [0m[7m  [0m[49m  [0m[49m  [0m[7m  [0m[7m  [0m[49m  [0m[7m  [0m[7m  [0m[7m  [0m[49m  [0m[7m  [0m[49m  [0m[49m  [0m[7m  [0m[7m  [0m[7m  [0m[49m  [0m[49m  [0m[7m  [0m[49m  [0m[7m  [0m[7m  [0m[7m  [0m[49m  [0m[49m  [0m[7m  [0m
[7m  [0m[7m  [0m[49m  [0m[7m  [0m[49m  [0m[7m  [0m[49m  [0m[49m  [0m[7m  [0m[49m  [0m[7m  [0m[7m  [0m[49m  [0m[49m  [0m[49m  [0m[7m  [0m[49m  [0m[7m  [0m[7m  [0m[7m  [0m[7m  [0m[7m  [0m[49m  [0m[7m  [0m[49m  [0m[49m  [0m[7m  [0m
[7m  [0m[7m  [0m[49m  [0m[7m  [0m[7m  [0m[49m  [0m[49m  [0m[7m  [0m[7m  [0m[49m  [0m[49m  [0m[49m  [0m[49m  [0m[49m  [0m[7m  [0m[49m  [0m[7m  [0m[7m  [0m[7m  [0m[7m  [0m[49m  [0m[49m  [0m[7m  [0m[7m  [0m[7m  [0m[49m  [0m[7m  [0m
[7m  [0m[49m  [0m[49m  [0m[7m  [0m[49m  [0m[7m  [0m[7m  [0m[49m  [0m[7m  [0m[49m  [0m[7m  [0m[49m  [0m[49m  [0m[7m  [0m[49m  [0m[7m  [0m[49m  [0m[7m  [0m[7m  [0m[7m  [0m[7m  [0m[49m  [0m[7m  [0m[49m  [0m[7m  [0m[7m  [0m[7m  [0m
[7m  [0m[7m  [0m[49m  [0m[49m  [0m[7m  [0m[7m  [0m[7m  [0m[7m  [0m[7m  [0m[7m  [0m[49m  [0m[7m  [0m[49m  [0m[7m  [0m[7m  [0m[7m  [0m[49m  [0m[7m  [0m[49m  [0m[49m  [0m[49m  [0m[49m  [0m[7m  [0m[49m  [0m[49m  [0m[49m  [0m[7m  [0m
[7m  [0m[49m  [0m[7m  [0m[49m  [0m[7m  [0m[49m  [0m[49m  [0m[49m  [0m[49m  [0m[7m  [0m[7m  [0m[49m  [0m[49m  [0m[7m  [0m[7m  [0m[49m  [0m[7m  [0m[49m  [0m[49m  [0m[49m  [0m[49m  [0m[49m  [0m[7m  [0m[7m  [0m[49m  [0m[7m  [0m[7m  [0m
[7m  [0m[7m  [0m[49m  [0m[49m  [0m[7m  [0m[7m  [0m[49m  [0m[7m  [0m[49m  [0m[49m  [0m[49m  [0m[7m  [0m[49m  [0m[7m  [0m[7m  [0m[7m  [0m[7m  [0m[49m  [0m[7m  [0m[49m  [0m[7m  [0m[7m  [0m[49m  [0m[7m  [0m[7m  [0m[7m  [0m[7m  [0m
[7m  [0m[49m  [0m[49m  [0m[7m  [0m[49m  [0m[7m  [0m[49m  [0m[49m  [0m[49m  [0m[7m  [0m[49m  [0m[49m  [0m[7m  [0m[49m  [0m[7m  [0m[7m  [0m[49m  [0m[49m  [0m[49m  [0m[49m  [0m[49m  [0m[49m  [0m[49m  [0m[49m  [0m[7m  [0m[49m  [0m[7m  [0m
[7m  [0m[7m  [0m[7m  [0m[7m  [0m[7m  [0m[7m  [0m[7m  [0m[7m  [0m[7m  [0m[49m  [0m[49m  [0m[7m  [0m[7m  [0m[49m  [0m[49m  [0m[49m  [0m[7m  [0m[49m  [0m[7m  [0m[7m  [0m[7m  [0m[49m  [0m[7m  [0m[49m  [0m[49m  [0m[49m  [0m[7m  [0m
[7m  [0m[49m  [0m[49m  [0m[49m  [0m[49m  [0m[49m  [0m[49m  [0m[49m  [0m[7m  [0m[49m  [0m[7m  [0m[7m  [0m[49m  [0m[49m  [0m[7m  [0m[49m  [0m[49m  [0m[49m  [0m[7m  [0m[49m  [0m[7m  [0m[49m  [0m[49m  [0m[49m  [0m[7m  [0m[7m  [0m[7m  [0m
[7m  [0m[49m  [0m[7m  [0m[7m  [0m[7m  [0m[7m  [0m[7m  [0m[49m  [0m[7m  [0m[7m  [0m[49m  [0m[49m  [0m[7m  [0m[49m  [0m[7m  [0m[7m  [0m[7m  [0m[49m  [0m[7m  [0m[7m  [0m[7m  [0m[49m  [0m[7m  [0m[7m  [0m[7m  [0m[49m  [0m[7m  [0m
[7m  [0m[49m  [0m[7m  [0m[49m  [0m[49m  [0m[49m  [0m[7m  [0m[49m  [0m[7m  [0m[7m  [0m[49m  [0m[7m  [0m[7m  [0m[7m  [0m[7m  [0m[7m  [0m[7m  [0m[49m  [0m[49m  [0m[49m  [0m[49m  [0m[49m  [0m[49m  [0m[49m  [0m[7m  [0m[7m  [0m[7m  [0m
[7m  [0m[49m  [0m[7m  [0m[49m  [0m[49m  [0m[49m  [0m[7m  [0m[49m  [0m[7m  [0m[49m  [0m[49m  [0m[49m  [0m[49m  [0m[7m  [0m[7m  [0m[7m  [0m[49m  [0m[49m  [0m[49m  [0m[7m  [0m[7m  [0m[7m  [0m[49m  [0m[7m  [0m[49m  [0m[7m  [0m[7m  [0m
[7m  [0m[49m  [0m[7m  [0m[49m  [0m[49m  [0m[49m  [0m[7m  [0m[49m  [0m[7m  [0m[7m  [0m[49m  [0m[7m  [0m[7m  [0m[7m  [0m[7m  [0m[7m  [0m[7m  [0m[7m  [0m[49m  [0m[49m  [0m[49m  [0m[49m  [0m[7m  [0m[49m  [0m[7m  [0m[49m  [0m[7m  [0m
[7m  [0m[49m  [0m[7m  [0m[7m  [0m[7m  [0m[7m  [0m[7m  [0m[49m  [0m[7m  [0m[49m  [0m[7m  [0m[7m  [0m[7m  [0m[7m  [0m[7m  [0m[49m  [0m[7m  [0m[7m  [0m[7m  [0m[49m  [0m[7m  [0m[49m  [0m[49m  [0m[49m  [0m[7m  [0m[49m  [0m[7m  [0m
[7m  [0m[49m  [0m[49m  [0m[49m  [0m[49m  [0m[49m  [0m[49m  [0m[49m  [0m[7m  [0m[49m  [0m[7m  [0m[49m  [0m[7m  [0m[49m  [0m[7m  [0m[7m  [0m[7m  [0m[7m  [0m[49m  [0m[49m  [0m[49m  [0m[49m  [0m[7m  [0m[49m  [0m[7m  [0m[49m  [0m[7m  [0m
[7m  [0m[7m  [0m[7m  [0m[7m  [0m[7m  [0m[7m  [0m[7m  [0m[7m  [0m[7m  [0m[7m  [0m[7m  [0m[7m  [0m[7m  [0m[7m  [0m[7m  [0m[7m  [0m[7m  [0m[7m  [0m[7m  [0m[7m  [0m[7m  [0m[7m  [0m[7m  [0m[7m  [0m[7m  [0m[7m  [0m[7m  [0m

c3578795dc9fd1.lhr.life tunneled with tls termination, https://c3578795dc9fd1.lhr.life
create an account and add your key for a longer lasting domain name. see https://localhost.run/docs/forever-free/ for more information.
Open your tunnel address on your mobile with this QR:

[7m  [0m[7m  [0m[7m  [0m[7m  [0m[7m  [0m[7m  [0m[7m  [0m[7m  [0m[7m  [0m[7m  [0m[7m  [0m[7m  [0m[7m  [0m[7m  [0m[7m  [0m[7m  [0m[7m  [0m[7m  [0m[7m  [0m[7m  [0m[7m  [0m[7m  [0m[7m  [0m[7m  [0m[7m  [0m[7m  [0m[7m  [0m
[7m  [0m[49m  [0m[49m  [0m[49m  [0m[49m  [0m[49m  [0m[49m  [0m[49m  [0m[7m  [0m[7m  [0m[7m  [0m[49m  [0m[7m  [0m[7m  [0m[49m  [0m[7m  [0m[7m  [0m[49m  [0m[7m  [0m[49m  [0m[49m  [0m[49m  [0m[49m  [0m[49m  [0m[49m  [0m[49m  [0m[7m  [0m
[7m  [0m[49m  [0m[7m  [0m[7m  [0m[7m  [0m[7m  [0m[7m  [0m[49m  [0m[7m  [0m[7m  [0m[49m  [0m[7m  [0m[7m  [0m[7m  [0m[49m  [0m[7m  [0m[49m  [0m[49m  [0m[7m  [0m[49m  [0m[7m  [0m[7m  [0m[7m  [0m[7m  [0m[7m  [0m[49m  [0m[7m  [0m
[7m  [0m[49m  [0m[7m  [0m[49m  [0m[49m  [0m[49m  [0m[7m  [0m[49m  [0m[7m  [0m[49m  [0m[7m  [0m[7m  [0m[49m  [0m[7m  [0m[49m  [0m[49m  [0m[49m  [0m[49m  [0m[7m  [0m[49m  [0m[7m  [0m[49m  [0m[49m  [0m[49m  [0m[7m  [0m[49m  [0m[7m  [0m
[7m  [0m[49m  [0m[7m  [0m[49m  [0m[49m  [0m[49m  [0m[7m  [0m[49m  [0m[7m  [0m[7m  [0m[49m  [0m[7m  [0m[7m  [0m[49m  [0m[7m  [0m[49m  [0m[7m  [0m[49m  [0m[7m  [0m[49m  [0m[7m  [0m[49m  [0m[49m  [0m[49m  [0m[7m  [0m[49m  [0m[7m  [0m
[7m  [0m[49m  [0m[7m  [0m[49m  [0m[49m  [0m[49m  [0m[7m  [0m[49m  [0m[7m  [0m[7m  [0m[49m  [0m[7m  [0m[7m  [0m[49m  [0m[49m  [0m[49m  [0m[49m  [0m[49m  [0m[7m  [0m[49m  [0m[7m  [0m[49m  [0m[49m  [0m[49m  [0m[7m  [0m[49m  [0m[7m  [0m
[7m  [0m[49m  [0m[7m  [0m[7m  [0m[7m  [0m[7m  [0m[7m  [0m[49m  [0m[7m  [0m[7m  [0m[7m  [0m[49m  [0m[49m  [0m[49m  [0m[7m  [0m[49m  [0m[7m  [0m[49m  [0m[7m  [0m[49m  [0m[7m  [0m[7m  [0m[7m  [0m[7m  [0m[7m  [0m[49m  [0m[7m  [0m
[7m  [0m[49m  [0m[49m  [0m[49m  [0m[49m  [0m[49m  [0m[49m  [0m[49m  [0m[7m  [0m[49m  [0m[7m  [0m[49m  [0m[7m  [0m[49m  [0m[7m  [0m[49m  [0m[7m  [0m[49m  [0m[7m  [0m[49m  [0m[49m  [0m[49m  [0m[49m  [0m[49m  [0m[49m  [0m[49m  [0m[7m  [0m
[7m  [0m[7m  [0m[7m  [0m[7m  [0m[7m  [0m[7m  [0m[7m  [0m[7m  [0m[7m  [0m[49m  [0m[7m  [0m[7m  [0m[49m  [0m[7m  [0m[7m  [0m[7m  [0m[7m  [0m[7m  [0m[7m  [0m[7m  [0m[7m  [0m[7m  [0m[7m  [0m[7m  [0m[7m  [0m[7m  [0m[7m  [0m
[7m  [0m[49m  [0m[49m  [0m[49m  [0m[7m  [0m[49m  [0m[49m  [0m[49m  [0m[49m  [0m[49m  [0m[7m  [0m[7m  [0m[7m  [0m[49m  [0m[49m  [0m[7m  [0m[49m  [0m[7m  [0m[49m  [0m[49m  [0m[7m  [0m[7m  [0m[7m  [0m[49m  [0m[7m  [0m[7m  [0m[7m  [0m
[7m  [0m[7m  [0m[49m  [0m[49m  [0m[7m  [0m[49m  [0m[49m  [0m[7m  [0m[7m  [0m[49m  [0m[49m  [0m[7m  [0m[49m  [0m[49m  [0m[7m  [0m[7m  [0m[7m  [0m[7m  [0m[7m  [0m[49m  [0m[49m  [0m[49m  [0m[7m  [0m[7m  [0m[49m  [0m[49m  [0m[7m  [0m
[7m  [0m[7m  [0m[7m  [0m[7m  [0m[49m  [0m[7m  [0m[7m  [0m[49m  [0m[7m  [0m[7m  [0m[7m  [0m[49m  [0m[49m  [0m[49m  [0m[7m  [0m[7m  [0m[49m  [0m[49m  [0m[49m  [0m[7m  [0m[49m  [0m[49m  [0m[49m  [0m[49m  [0m[49m  [0m[49m  [0m[7m  [0m
[7m  [0m[49m  [0m[7m  [0m[49m  [0m[49m  [0m[7m  [0m[49m  [0m[7m  [0m[49m  [0m[7m  [0m[49m  [0m[49m  [0m[7m  [0m[49m  [0m[7m  [0m[7m  [0m[7m  [0m[7m  [0m[49m  [0m[7m  [0m[7m  [0m[7m  [0m[7m  [0m[7m  [0m[49m  [0m[49m  [0m[7m  [0m
[7m  [0m[7m  [0m[49m  [0m[7m  [0m[7m  [0m[7m  [0m[49m  [0m[49m  [0m[49m  [0m[49m  [0m[7m  [0m[49m  [0m[49m  [0m[7m  [0m[49m  [0m[7m  [0m[7m  [0m[7m  [0m[49m  [0m[7m  [0m[7m  [0m[49m  [0m[7m  [0m[49m  [0m[7m  [0m[7m  [0m[7m  [0m
[7m  [0m[7m  [0m[7m  [0m[49m  [0m[7m  [0m[49m  [0m[49m  [0m[7m  [0m[7m  [0m[7m  [0m[7m  [0m[49m  [0m[49m  [0m[7m  [0m[49m  [0m[7m  [0m[49m  [0m[7m  [0m[49m  [0m[7m  [0m[49m  [0m[7m  [0m[7m  [0m[7m  [0m[49m  [0m[49m  [0m[7m  [0m
[7m  [0m[49m  [0m[7m  [0m[49m  [0m[49m  [0m[49m  [0m[7m  [0m[49m  [0m[49m  [0m[7m  [0m[49m  [0m[7m  [0m[7m  [0m[7m  [0m[7m  [0m[7m  [0m[49m  [0m[49m  [0m[49m  [0m[7m  [0m[49m  [0m[49m  [0m[7m  [0m[7m  [0m[7m  [0m[7m  [0m[7m  [0m
[7m  [0m[7m  [0m[49m  [0m[49m  [0m[7m  [0m[49m  [0m[49m  [0m[7m  [0m[7m  [0m[7m  [0m[49m  [0m[7m  [0m[49m  [0m[7m  [0m[7m  [0m[7m  [0m[49m  [0m[7m  [0m[7m  [0m[7m  [0m[7m  [0m[49m  [0m[49m  [0m[7m  [0m[7m  [0m[7m  [0m[7m  [0m
[7m  [0m[49m  [0m[7m  [0m[49m  [0m[49m  [0m[7m  [0m[49m  [0m[49m  [0m[7m  [0m[49m  [0m[7m  [0m[7m  [0m[7m  [0m[49m  [0m[49m  [0m[7m  [0m[49m  [0m[49m  [0m[49m  [0m[49m  [0m[49m  [0m[49m  [0m[49m  [0m[7m  [0m[7m  [0m[49m  [0m[7m  [0m
[7m  [0m[7m  [0m[7m  [0m[7m  [0m[7m  [0m[7m  [0m[7m  [0m[7m  [0m[7m  [0m[49m  [0m[49m  [0m[49m  [0m[49m  [0m[49m  [0m[49m  [0m[7m  [0m[49m  [0m[49m  [0m[7m  [0m[7m  [0m[7m  [0m[49m  [0m[7m  [0m[49m  [0m[7m  [0m[49m  [0m[7m  [0m
[7m  [0m[49m  [0m[49m  [0m[49m  [0m[49m  [0m[49m  [0m[49m  [0m[49m  [0m[7m  [0m[49m  [0m[49m  [0m[7m  [0m[49m  [0m[49m  [0m[7m  [0m[49m  [0m[7m  [0m[49m  [0m[7m  [0m[49m  [0m[7m  [0m[49m  [0m[49m  [0m[49m  [0m[7m  [0m[7m  [0m[7m  [0m
[7m  [0m[49m  [0m[7m  [0m[7m  [0m[7m  [0m[7m  [0m[7m  [0m[49m  [0m[7m  [0m[49m  [0m[49m  [0m[49m  [0m[7m  [0m[49m  [0m[49m  [0m[7m  [0m[7m  [0m[49m  [0m[7m  [0m[7m  [0m[7m  [0m[49m  [0m[7m  [0m[49m  [0m[7m  [0m[49m  [0m[7m  [0m
[7m  [0m[49m  [0m[7m  [0m[49m  [0m[49m  [0m[49m  [0m[7m  [0m[49m  [0m[7m  [0m[49m  [0m[7m  [0m[49m  [0m[49m  [0m[7m  [0m[7m  [0m[49m  [0m[7m  [0m[49m  [0m[49m  [0m[49m  [0m[49m  [0m[49m  [0m[49m  [0m[49m  [0m[49m  [0m[7m  [0m[7m  [0m
[7m  [0m[49m  [0m[7m  [0m[49m  [0m[49m  [0m[49m  [0m[7m  [0m[49m  [0m[7m  [0m[7m  [0m[7m  [0m[49m  [0m[49m  [0m[7m  [0m[7m  [0m[7m  [0m[7m  [0m[49m  [0m[49m  [0m[7m  [0m[7m  [0m[7m  [0m[49m  [0m[7m  [0m[49m  [0m[7m  [0m[7m  [0m
[7m  [0m[49m  [0m[7m  [0m[49m  [0m[49m  [0m[49m  [0m[7m  [0m[49m  [0m[7m  [0m[49m  [0m[49m  [0m[7m  [0m[7m  [0m[7m  [0m[49m  [0m[7m  [0m[7m  [0m[49m  [0m[7m  [0m[7m  [0m[7m  [0m[49m  [0m[7m  [0m[7m  [0m[7m  [0m[49m  [0m[7m  [0m
[7m  [0m[49m  [0m[7m  [0m[7m  [0m[7m  [0m[7m  [0m[7m  [0m[49m  [0m[7m  [0m[49m  [0m[7m  [0m[49m  [0m[49m  [0m[7m  [0m[7m  [0m[7m  [0m[7m  [0m[7m  [0m[7m  [0m[7m  [0m[7m  [0m[49m  [0m[49m  [0m[7m  [0m[49m  [0m[49m  [0m[7m  [0m
[7m  [0m[49m  [0m[49m  [0m[49m  [0m[49m  [0m[49m  [0m[49m  [0m[49m  [0m[7m  [0m[49m  [0m[49m  [0m[49m  [0m[7m  [0m[49m  [0m[7m  [0m[7m  [0m[49m  [0m[49m  [0m[49m  [0m[49m  [0m[49m  [0m[7m  [0m[49m  [0m[49m  [0m[7m  [0m[49m  [0m[7m  [0m
[7m  [0m[7m  [0m[7m  [0m[7m  [0m[7m  [0m[7m  [0m[7m  [0m[7m  [0m[7m  [0m[7m  [0m[7m  [0m[7m  [0m[7m  [0m[7m  [0m[7m  [0m[7m  [0m[7m  [0m[7m  [0m[7m  [0m[7m  [0m[7m  [0m[7m  [0m[7m  [0m[7m  [0m[7m  [0m[7m  [0m[7m  [0m

b537b6d9ee35f9.lhr.life tunneled with tls termination, https://b537b6d9ee35f9.lhr.life
create an account and add your key for a longer lasting domain name. see https://localhost.run/docs/forever-free/ for more information.
Open your tunnel address on your mobile with this QR:

[7m  [0m[7m  [0m[7m  [0m[7m  [0m[7m  [0m[7m  [0m[7m  [0m[7m  [0m[7m  [0m[7m  [0m[7m  [0m[7m  [0m[7m  [0m[7m  [0m[7m  [0m[7m  [0m[7m  [0m[7m  [0m[7m  [0m[7m  [0m[7m  [0m[7m  [0m[7m  [0m[7m  [0m[7m  [0m[7m  [0m[7m  [0m
[7m  [0m[49m  [0m[49m  [0m[49m  [0m[49m  [0m[49m  [0m[49m  [0m[49m  [0m[7m  [0m[7m  [0m[7m  [0m[49m  [0m[7m  [0m[7m  [0m[49m  [0m[7m  [0m[7m  [0m[49m  [0m[7m  [0m[49m  [0m[49m  [0m[49m  [0m[49m  [0m[49m  [0m[49m  [0m[49m  [0m[7m  [0m
[7m  [0m[49m  [0m[7m  [0m[7m  [0m[7m  [0m[7m  [0m[7m  [0m[49m  [0m[7m  [0m[49m  [0m[49m  [0m[49m  [0m[7m  [0m[7m  [0m[7m  [0m[7m  [0m[49m  [0m[7m  [0m[7m  [0m[49m  [0m[7m  [0m[7m  [0m[7m  [0m[7m  [0m[7m  [0m[49m  [0m[7m  [0m
[7m  [0m[49m  [0m[7m  [0m[49m  [0m[49m  [0m[49m  [0m[7m  [0m[49m  [0m[7m  [0m[49m  [0m[7m  [0m[7m  [0m[7m  [0m[7m  [0m[49m  [0m[7m  [0m[49m  [0m[49m  [0m[7m  [0m[49m  [0m[7m  [0m[49m  [0m[49m  [0m[49m  [0m[7m  [0m[49m  [0m[7m  [0m
[7m  [0m[49m  [0m[7m  [0m[49m  [0m[49m  [0m[49m  [0m[7m  [0m[49m  [0m[7m  [0m[7m  [0m[49m  [0m[7m  [0m[7m  [0m[49m  [0m[7m  [0m[49m  [0m[7m  [0m[49m  [0m[7m  [0m[49m  [0m[7m  [0m[49m  [0m[49m  [0m[49m  [0m[7m  [0m[49m  [0m[7m  [0m
[7m  [0m[49m  [0m[7m  [0m[49m  [0m[49m  [0m[49m  [0m[7m  [0m[49m  [0m[7m  [0m[49m  [0m[49m  [0m[49m  [0m[7m  [0m[49m  [0m[7m  [0m[49m  [0m[49m  [0m[7m  [0m[7m  [0m[49m  [0m[7m  [0m[49m  [0m[49m  [0m[49m  [0m[7m  [0m[49m  [0m[7m  [0m
[7m  [0m[49m  [0m[7m  [0m[7m  [0m[7m  [0m[7m  [0m[7m  [0m[49m  [0m[7m  [0m[49m  [0m[7m  [0m[49m  [0m[7m  [0m[49m  [0m[7m  [0m[7m  [0m[7m  [0m[49m  [0m[7m  [0m[49m  [0m[7m  [0m[7m  [0m[7m  [0m[7m  [0m[7m  [0m[49m  [0m[7m  [0m
[7m  [0m[49m  [0m[49m  [0m[49m  [0m[49m  [0m[49m  [0m[49m  [0m[49m  [0m[7m  [0m[49m  [0m[7m  [0m[49m  [0m[7m  [0m[49m  [0m[7m  [0m[49m  [0m[7m  [0m[49m  [0m[7m  [0m[49m  [0m[49m  [0m[49m  [0m[49m  [0m[49m  [0m[49m  [0m[49m  [0m[7m  [0m
[7m  [0m[7m  [0m[7m  [0m[7m  [0m[7m  [0m[7m  [0m[7m  [0m[7m  [0m[7m  [0m[49m  [0m[7m  [0m[49m  [0m[49m  [0m[7m  [0m[49m  [0m[7m  [0m[7m  [0m[49m  [0m[7m  [0m[7m  [0m[7m  [0m[7m  [0m[7m  [0m[7m  [0m[7m  [0m[7m  [0m[7m  [0m
[7m  [0m[49m  [0m[49m  [0m[7m  [0m[49m  [0m[7m  [0m[7m  [0m[49m  [0m[49m  [0m[7m  [0m[7m  [0m[7m  [0m[49m  [0m[49m  [0m[49m  [0m[49m  [0m[49m  [0m[7m  [0m[7m  [0m[49m  [0m[49m  [0m[49m  [0m[7m  [0m[49m  [0m[49m  [0m[7m  [0m[7m  [0m
[7m  [0m[49m  [0m[7m  [0m[7m  [0m[7m  [0m[49m  [0m[49m  [0m[7m  [0m[7m  [0m[49m  [0m[49m  [0m[7m  [0m[49m  [0m[49m  [0m[7m  [0m[7m  [0m[7m  [0m[7m  [0m[7m  [0m[7m  [0m[7m  [0m[49m  [0m[7m  [0m[7m  [0m[49m  [0m[49m  [0m[7m  [0m
[7m  [0m[49m  [0m[49m  [0m[49m  [0m[49m  [0m[49m  [0m[7m  [0m[49m  [0m[7m  [0m[49m  [0m[7m  [0m[7m  [0m[49m  [0m[49m  [0m[49m  [0m[7m  [0m[7m  [0m[49m  [0m[49m  [0m[49m  [0m[7m  [0m[7m  [0m[49m  [0m[7m  [0m[49m  [0m[49m  [0m[7m  [0m
[7m  [0m[49m  [0m[49m  [0m[49m  [0m[7m  [0m[49m  [0m[7m  [0m[7m  [0m[7m  [0m[49m  [0m[49m  [0m[49m  [0m[49m  [0m[49m  [0m[7m  [0m[49m  [0m[7m  [0m[7m  [0m[49m  [0m[7m  [0m[7m  [0m[49m  [0m[7m  [0m[7m  [0m[7m  [0m[49m  [0m[7m  [0m
[7m  [0m[7m  [0m[7m  [0m[49m  [0m[7m  [0m[7m  [0m[49m  [0m[49m  [0m[49m  [0m[49m  [0m[7m  [0m[49m  [0m[49m  [0m[7m  [0m[49m  [0m[7m  [0m[49m  [0m[49m  [0m[7m  [0m[49m  [0m[7m  [0m[49m  [0m[7m  [0m[49m  [0m[7m  [0m[7m  [0m[7m  [0m
[7m  [0m[7m  [0m[7m  [0m[49m  [0m[49m  [0m[49m  [0m[49m  [0m[7m  [0m[7m  [0m[7m  [0m[49m  [0m[7m  [0m[49m  [0m[7m  [0m[7m  [0m[7m  [0m[7m  [0m[49m  [0m[49m  [0m[49m  [0m[49m  [0m[49m  [0m[7m  [0m[49m  [0m[49m  [0m[49m  [0m[7m  [0m
[7m  [0m[49m  [0m[7m  [0m[49m  [0m[49m  [0m[7m  [0m[49m  [0m[49m  [0m[49m  [0m[49m  [0m[7m  [0m[7m  [0m[49m  [0m[7m  [0m[7m  [0m[49m  [0m[49m  [0m[49m  [0m[49m  [0m[7m  [0m[49m  [0m[7m  [0m[7m  [0m[7m  [0m[49m  [0m[7m  [0m[7m  [0m
[7m  [0m[7m  [0m[49m  [0m[49m  [0m[49m  [0m[7m  [0m[7m  [0m[7m  [0m[49m  [0m[7m  [0m[7m  [0m[7m  [0m[49m  [0m[7m  [0m[7m  [0m[7m  [0m[49m  [0m[7m  [0m[7m  [0m[7m  [0m[49m  [0m[7m  [0m[49m  [0m[7m  [0m[7m  [0m[7m  [0m[7m  [0m
[7m  [0m[49m  [0m[49m  [0m[7m  [0m[49m  [0m[49m  [0m[49m  [0m[49m  [0m[7m  [0m[49m  [0m[7m  [0m[49m  [0m[7m  [0m[49m  [0m[7m  [0m[7m  [0m[49m  [0m[49m  [0m[49m  [0m[49m  [0m[49m  [0m[49m  [0m[49m  [0m[49m  [0m[7m  [0m[49m  [0m[7m  [0m
[7m  [0m[7m  [0m[7m  [0m[7m  [0m[7m  [0m[7m  [0m[7m  [0m[7m  [0m[7m  [0m[49m  [0m[49m  [0m[7m  [0m[7m  [0m[49m  [0m[49m  [0m[49m  [0m[7m  [0m[49m  [0m[7m  [0m[7m  [0m[7m  [0m[49m  [0m[7m  [0m[49m  [0m[49m  [0m[49m  [0m[7m  [0m
[7m  [0m[49m  [0m[49m  [0m[49m  [0m[49m  [0m[49m  [0m[49m  [0m[49m  [0m[7m  [0m[49m  [0m[49m  [0m[49m  [0m[49m  [0m[49m  [0m[7m  [0m[49m  [0m[7m  [0m[49m  [0m[7m  [0m[49m  [0m[7m  [0m[49m  [0m[49m  [0m[49m  [0m[7m  [0m[7m  [0m[7m  [0m
[7m  [0m[49m  [0m[7m  [0m[7m  [0m[7m  [0m[7m  [0m[7m  [0m[49m  [0m[7m  [0m[7m  [0m[7m  [0m[49m  [0m[7m  [0m[49m  [0m[7m  [0m[7m  [0m[49m  [0m[49m  [0m[7m  [0m[7m  [0m[7m  [0m[49m  [0m[7m  [0m[7m  [0m[7m  [0m[49m  [0m[7m  [0m
[7m  [0m[49m  [0m[7m  [0m[49m  [0m[49m  [0m[49m  [0m[7m  [0m[49m  [0m[7m  [0m[7m  [0m[49m  [0m[7m  [0m[7m  [0m[7m  [0m[7m  [0m[7m  [0m[7m  [0m[49m  [0m[49m  [0m[49m  [0m[49m  [0m[49m  [0m[49m  [0m[49m  [0m[7m  [0m[7m  [0m[7m  [0m
[7m  [0m[49m  [0m[7m  [0m[49m  [0m[49m  [0m[49m  [0m[7m  [0m[49m  [0m[7m  [0m[49m  [0m[49m  [0m[49m  [0m[49m  [0m[7m  [0m[7m  [0m[7m  [0m[7m  [0m[7m  [0m[49m  [0m[7m  [0m[7m  [0m[7m  [0m[49m  [0m[7m  [0m[49m  [0m[7m  [0m[7m  [0m
[7m  [0m[49m  [0m[7m  [0m[49m  [0m[49m  [0m[49m  [0m[7m  [0m[49m  [0m[7m  [0m[7m  [0m[49m  [0m[49m  [0m[7m  [0m[7m  [0m[7m  [0m[7m  [0m[7m  [0m[7m  [0m[7m  [0m[7m  [0m[49m  [0m[49m  [0m[49m  [0m[7m  [0m[7m  [0m[49m  [0m[7m  [0m
[7m  [0m[49m  [0m[7m  [0m[7m  [0m[7m  [0m[7m  [0m[7m  [0m[49m  [0m[7m  [0m[49m  [0m[49m  [0m[7m  [0m[7m  [0m[7m  [0m[7m  [0m[49m  [0m[49m  [0m[7m  [0m[7m  [0m[49m  [0m[49m  [0m[49m  [0m[7m  [0m[49m  [0m[7m  [0m[49m  [0m[7m  [0m
[7m  [0m[49m  [0m[49m  [0m[49m  [0m[49m  [0m[49m  [0m[49m  [0m[49m  [0m[7m  [0m[49m  [0m[7m  [0m[49m  [0m[7m  [0m[49m  [0m[7m  [0m[7m  [0m[49m  [0m[49m  [0m[7m  [0m[49m  [0m[49m  [0m[49m  [0m[49m  [0m[7m  [0m[7m  [0m[49m  [0m[7m  [0m
[7m  [0m[7m  [0m[7m  [0m[7m  [0m[7m  [0m[7m  [0m[7m  [0m[7m  [0m[7m  [0m[7m  [0m[7m  [0m[7m  [0m[7m  [0m[7m  [0m[7m  [0m[7m  [0m[7m  [0m[7m  [0m[7m  [0m[7m  [0m[7m  [0m[7m  [0m[7m  [0m[7m  [0m[7m  [0m[7m  [0m[7m  [0m

dfa4d588c56c37.lhr.life tunneled with tls termination, https://dfa4d588c56c37.lhr.life
create an account and add your key for a longer lasting domain name. see https://localhost.run/docs/forever-free/ for more information.
Open your tunnel address on your mobile with this QR:

[7m  [0m[7m  [0m[7m  [0m[7m  [0m[7m  [0m[7m  [0m[7m  [0m[7m  [0m[7m  [0m[7m  [0m[7m  [0m[7m  [0m[7m  [0m[7m  [0m[7m  [0m[7m  [0m[7m  [0m[7m  [0m[7m  [0m[7m  [0m[7m  [0m[7m  [0m[7m  [0m[7m  [0m[7m  [0m[7m  [0m[7m  [0m
[7m  [0m[49m  [0m[49m  [0m[49m  [0m[49m  [0m[49m  [0m[49m  [0m[49m  [0m[7m  [0m[49m  [0m[49m  [0m[7m  [0m[7m  [0m[7m  [0m[49m  [0m[49m  [0m[49m  [0m[7m  [0m[7m  [0m[49m  [0m[49m  [0m[49m  [0m[49m  [0m[49m  [0m[49m  [0m[49m  [0m[7m  [0m
[7m  [0m[49m  [0m[7m  [0m[7m  [0m[7m  [0m[7m  [0m[7m  [0m[49m  [0m[7m  [0m[7m  [0m[7m  [0m[7m  [0m[7m  [0m[7m  [0m[7m  [0m[49m  [0m[7m  [0m[49m  [0m[7m  [0m[49m  [0m[7m  [0m[7m  [0m[7m  [0m[7m  [0m[7m  [0m[49m  [0m[7m  [0m
[7m  [0m[49m  [0m[7m  [0m[49m  [0m[49m  [0m[49m  [0m[7m  [0m[49m  [0m[7m  [0m[49m  [0m[7m  [0m[7m  [0m[49m  [0m[49m  [0m[7m  [0m[7m  [0m[49m  [0m[49m  [0m[7m  [0m[49m  [0m[7m  [0m[49m  [0m[49m  [0m[49m  [0m[7m  [0m[49m  [0m[7m  [0m
[7m  [0m[49m  [0m[7m  [0m[49m  [0m[49m  [0m[49m  [0m[7m  [0m[49m  [0m[7m  [0m[49m  [0m[49m  [0m[7m  [0m[49m  [0m[7m  [0m[49m  [0m[49m  [0m[7m  [0m[49m  [0m[7m  [0m[49m  [0m[7m  [0m[49m  [0m[49m  [0m[49m  [0m[7m  [0m[49m  [0m[7m  [0m
[7m  [0m[49m  [0m[7m  [0m[49m  [0m[49m  [0m[49m  [0m[7m  [0m[49m  [0m[7m  [0m[49m  [0m[49m  [0m[49m  [0m[49m  [0m[7m  [0m[49m  [0m[49m  [0m[49m  [0m[7m  [0m[7m  [0m[49m  [0m[7m  [0m[49m  [0m[49m  [0m[49m  [0m[7m  [0m[49m  [0m[7m  [0m
[7m  [0m[49m  [0m[7m  [0m[7m  [0m[7m  [0m[7m  [0m[7m  [0m[49m  [0m[7m  [0m[7m  [0m[49m  [0m[7m  [0m[7m  [0m[49m  [0m[7m  [0m[49m  [0m[49m  [0m[7m  [0m[7m  [0m[49m  [0m[7m  [0m[7m  [0m[7m  [0m[7m  [0m[7m  [0m[49m  [0m[7m  [0m
[7m  [0m[49m  [0m[49m  [0m[49m  [0m[49m  [0m[49m  [0m[49m  [0m[49m  [0m[7m  [0m[49m  [0m[7m  [0m[49m  [0m[7m  [0m[49m  [0m[7m  [0m[49m  [0m[7m  [0m[49m  [0m[7m  [0m[49m  [0m[49m  [0m[49m  [0m[49m  [0m[49m  [0m[49m  [0m[49m  [0m[7m  [0m
[7m  [0m[7m  [0m[7m  [0m[7m  [0m[7m  [0m[7m  [0m[7m  [0m[7m  [0m[7m  [0m[7m  [0m[49m  [0m[7m  [0m[49m  [0m[7m  [0m[49m  [0m[49m  [0m[49m  [0m[7m  [0m[7m  [0m[7m  [0m[7m  [0m[7m  [0m[7m  [0m[7m  [0m[7m  [0m[7m  [0m[7m  [0m
[7m  [0m[49m  [0m[49m  [0m[49m  [0m[49m  [0m[7m  [0m[7m  [0m[49m  [0m[7m  [0m[49m  [0m[7m  [0m[7m  [0m[7m  [0m[7m  [0m[7m  [0m[49m  [0m[49m  [0m[7m  [0m[49m  [0m[7m  [0m[7m  [0m[49m  [0m[49m  [0m[49m  [0m[7m  [0m[49m  [0m[7m  [0m
[7m  [0m[7m  [0m[7m  [0m[49m  [0m[49m  [0m[7m  [0m[7m  [0m[7m  [0m[7m  [0m[7m  [0m[49m  [0m[7m  [0m[7m  [0m[7m  [0m[49m  [0m[7m  [0m[7m  [0m[7m  [0m[49m  [0m[7m  [0m[7m  [0m[7m  [0m[7m  [0m[7m  [0m[7m  [0m[7m  [0m[7m  [0m
[7m  [0m[7m  [0m[49m  [0m[7m  [0m[49m  [0m[49m  [0m[7m  [0m[49m  [0m[7m  [0m[7m  [0m[7m  [0m[7m  [0m[7m  [0m[7m  [0m[7m  [0m[7m  [0m[49m  [0m[49m  [0m[49m  [0m[49m  [0m[49m  [0m[49m  [0m[49m  [0m[7m  [0m[7m  [0m[7m  [0m[7m  [0m
[7m  [0m[49m  [0m[49m  [0m[49m  [0m[7m  [0m[49m  [0m[7m  [0m[7m  [0m[7m  [0m[49m  [0m[7m  [0m[7m  [0m[49m  [0m[49m  [0m[7m  [0m[7m  [0m[49m  [0m[49m  [0m[7m  [0m[7m  [0m[49m  [0m[49m  [0m[49m  [0m[49m  [0m[7m  [0m[49m  [0m[7m  [0m
[7m  [0m[49m  [0m[7m  [0m[7m  [0m[49m  [0m[7m  [0m[49m  [0m[49m  [0m[7m  [0m[7m  [0m[49m  [0m[7m  [0m[49m  [0m[7m  [0m[49m  [0m[49m  [0m[49m  [0m[7m  [0m[7m  [0m[7m  [0m[7m  [0m[7m  [0m[49m  [0m[7m  [0m[7m  [0m[7m  [0m[7m  [0m
[7m  [0m[7m  [0m[49m  [0m[7m  [0m[7m  [0m[7m  [0m[49m  [0m[7m  [0m[7m  [0m[7m  [0m[49m  [0m[49m  [0m[49m  [0m[7m  [0m[7m  [0m[49m  [0m[49m  [0m[7m  [0m[7m  [0m[49m  [0m[49m  [0m[7m  [0m[49m  [0m[7m  [0m[49m  [0m[49m  [0m[7m  [0m
[7m  [0m[7m  [0m[49m  [0m[49m  [0m[49m  [0m[7m  [0m[7m  [0m[49m  [0m[7m  [0m[7m  [0m[7m  [0m[7m  [0m[7m  [0m[49m  [0m[49m  [0m[49m  [0m[7m  [0m[49m  [0m[7m  [0m[49m  [0m[49m  [0m[7m  [0m[7m  [0m[7m  [0m[7m  [0m[49m  [0m[7m  [0m
[7m  [0m[49m  [0m[7m  [0m[49m  [0m[49m  [0m[49m  [0m[7m  [0m[7m  [0m[7m  [0m[49m  [0m[49m  [0m[7m  [0m[7m  [0m[49m  [0m[49m  [0m[7m  [0m[49m  [0m[49m  [0m[7m  [0m[49m  [0m[7m  [0m[49m  [0m[49m  [0m[7m  [0m[49m  [0m[49m  [0m[7m  [0m
[7m  [0m[7m  [0m[7m  [0m[7m  [0m[7m  [0m[7m  [0m[49m  [0m[49m  [0m[7m  [0m[49m  [0m[7m  [0m[7m  [0m[49m  [0m[7m  [0m[49m  [0m[7m  [0m[7m  [0m[49m  [0m[49m  [0m[49m  [0m[49m  [0m[49m  [0m[49m  [0m[49m  [0m[49m  [0m[7m  [0m[7m  [0m
[7m  [0m[7m  [0m[7m  [0m[7m  [0m[7m  [0m[7m  [0m[7m  [0m[7m  [0m[7m  [0m[49m  [0m[7m  [0m[7m  [0m[7m  [0m[49m  [0m[49m  [0m[7m  [0m[49m  [0m[49m  [0m[7m  [0m[7m  [0m[7m  [0m[49m  [0m[49m  [0m[7m  [0m[49m  [0m[49m  [0m[7m  [0m
[7m  [0m[49m  [0m[49m  [0m[49m  [0m[49m  [0m[49m  [0m[49m  [0m[49m  [0m[7m  [0m[7m  [0m[7m  [0m[7m  [0m[49m  [0m[49m  [0m[7m  [0m[7m  [0m[7m  [0m[49m  [0m[7m  [0m[49m  [0m[7m  [0m[49m  [0m[7m  [0m[7m  [0m[7m  [0m[7m  [0m[7m  [0m
[7m  [0m[49m  [0m[7m  [0m[7m  [0m[7m  [0m[7m  [0m[7m  [0m[49m  [0m[7m  [0m[7m  [0m[49m  [0m[49m  [0m[7m  [0m[49m  [0m[7m  [0m[49m  [0m[7m  [0m[49m  [0m[7m  [0m[7m  [0m[7m  [0m[49m  [0m[49m  [0m[49m  [0m[7m  [0m[49m  [0m[7m  [0m
[7m  [0m[49m  [0m[7m  [0m[49m  [0m[49m  [0m[49m  [0m[7m  [0m[49m  [0m[7m  [0m[7m  [0m[49m  [0m[49m  [0m[49m  [0m[49m  [0m[49m  [0m[7m  [0m[7m  [0m[49m  [0m[49m  [0m[49m  [0m[49m  [0m[49m  [0m[49m  [0m[49m  [0m[49m  [0m[49m  [0m[7m  [0m
[7m  [0m[49m  [0m[7m  [0m[49m  [0m[49m  [0m[49m  [0m[7m  [0m[49m  [0m[7m  [0m[49m  [0m[7m  [0m[49m  [0m[7m  [0m[49m  [0m[49m  [0m[7m  [0m[49m  [0m[49m  [0m[7m  [0m[49m  [0m[49m  [0m[49m  [0m[49m  [0m[7m  [0m[7m  [0m[49m  [0m[7m  [0m
[7m  [0m[49m  [0m[7m  [0m[49m  [0m[49m  [0m[49m  [0m[7m  [0m[49m  [0m[7m  [0m[49m  [0m[7m  [0m[7m  [0m[49m  [0m[49m  [0m[49m  [0m[7m  [0m[7m  [0m[7m  [0m[49m  [0m[49m  [0m[7m  [0m[49m  [0m[7m  [0m[49m  [0m[49m  [0m[7m  [0m[7m  [0m
[7m  [0m[49m  [0m[7m  [0m[7m  [0m[7m  [0m[7m  [0m[7m  [0m[49m  [0m[7m  [0m[49m  [0m[7m  [0m[7m  [0m[7m  [0m[7m  [0m[7m  [0m[7m  [0m[49m  [0m[49m  [0m[7m  [0m[7m  [0m[49m  [0m[7m  [0m[49m  [0m[49m  [0m[7m  [0m[49m  [0m[7m  [0m
[7m  [0m[49m  [0m[49m  [0m[49m  [0m[49m  [0m[49m  [0m[49m  [0m[49m  [0m[7m  [0m[49m  [0m[7m  [0m[7m  [0m[7m  [0m[49m  [0m[7m  [0m[49m  [0m[49m  [0m[7m  [0m[7m  [0m[7m  [0m[7m  [0m[49m  [0m[7m  [0m[7m  [0m[7m  [0m[49m  [0m[7m  [0m
[7m  [0m[7m  [0m[7m  [0m[7m  [0m[7m  [0m[7m  [0m[7m  [0m[7m  [0m[7m  [0m[7m  [0m[7m  [0m[7m  [0m[7m  [0m[7m  [0m[7m  [0m[7m  [0m[7m  [0m[7m  [0m[7m  [0m[7m  [0m[7m  [0m[7m  [0m[7m  [0m[7m  [0m[7m  [0m[7m  [0m[7m  [0m

d29d474ceee285.lhr.life tunneled with tls termination, https://d29d474ceee285.lhr.life
create an account and add your key for a longer lasting domain name. see https://localhost.run/docs/forever-free/ for more information.
Open your tunnel address on your mobile with this QR:

[7m  [0m[7m  [0m[7m  [0m[7m  [0m[7m  [0m[7m  [0m[7m  [0m[7m  [0m[7m  [0m[7m  [0m[7m  [0m[7m  [0m[7m  [0m[7m  [0m[7m  [0m[7m  [0m[7m  [0m[7m  [0m[7m  [0m[7m  [0m[7m  [0m[7m  [0m[7m  [0m[7m  [0m[7m  [0m[7m  [0m[7m  [0m
[7m  [0m[49m  [0m[49m  [0m[49m  [0m[49m  [0m[49m  [0m[49m  [0m[49m  [0m[7m  [0m[7m  [0m[7m  [0m[49m  [0m[7m  [0m[7m  [0m[49m  [0m[7m  [0m[7m  [0m[49m  [0m[7m  [0m[49m  [0m[49m  [0m[49m  [0m[49m  [0m[49m  [0m[49m  [0m[49m  [0m[7m  [0m
[7m  [0m[49m  [0m[7m  [0m[7m  [0m[7m  [0m[7m  [0m[7m  [0m[49m  [0m[7m  [0m[7m  [0m[49m  [0m[7m  [0m[7m  [0m[7m  [0m[49m  [0m[7m  [0m[49m  [0m[49m  [0m[7m  [0m[49m  [0m[7m  [0m[7m  [0m[7m  [0m[7m  [0m[7m  [0m[49m  [0m[7m  [0m
[7m  [0m[49m  [0m[7m  [0m[49m  [0m[49m  [0m[49m  [0m[7m  [0m[49m  [0m[7m  [0m[49m  [0m[7m  [0m[7m  [0m[49m  [0m[7m  [0m[49m  [0m[49m  [0m[49m  [0m[49m  [0m[7m  [0m[49m  [0m[7m  [0m[49m  [0m[49m  [0m[49m  [0m[7m  [0m[49m  [0m[7m  [0m
[7m  [0m[49m  [0m[7m  [0m[49m  [0m[49m  [0m[49m  [0m[7m  [0m[49m  [0m[7m  [0m[7m  [0m[49m  [0m[7m  [0m[7m  [0m[49m  [0m[7m  [0m[49m  [0m[7m  [0m[49m  [0m[7m  [0m[49m  [0m[7m  [0m[49m  [0m[49m  [0m[49m  [0m[7m  [0m[49m  [0m[7m  [0m
[7m  [0m[49m  [0m[7m  [0m[49m  [0m[49m  [0m[49m  [0m[7m  [0m[49m  [0m[7m  [0m[7m  [0m[49m  [0m[7m  [0m[7m  [0m[49m  [0m[49m  [0m[49m  [0m[49m  [0m[49m  [0m[7m  [0m[49m  [0m[7m  [0m[49m  [0m[49m  [0m[49m  [0m[7m  [0m[49m  [0m[7m  [0m
[7m  [0m[49m  [0m[7m  [0m[7m  [0m[7m  [0m[7m  [0m[7m  [0m[49m  [0m[7m  [0m[7m  [0m[7m  [0m[49m  [0m[49m  [0m[49m  [0m[7m  [0m[49m  [0m[7m  [0m[49m  [0m[7m  [0m[49m  [0m[7m  [0m[7m  [0m[7m  [0m[7m  [0m[7m  [0m[49m  [0m[7m  [0m
[7m  [0m[49m  [0m[49m  [0m[49m  [0m[49m  [0m[49m  [0m[49m  [0m[49m  [0m[7m  [0m[49m  [0m[7m  [0m[49m  [0m[7m  [0m[49m  [0m[7m  [0m[49m  [0m[7m  [0m[49m  [0m[7m  [0m[49m  [0m[49m  [0m[49m  [0m[49m  [0m[49m  [0m[49m  [0m[49m  [0m[7m  [0m
[7m  [0m[7m  [0m[7m  [0m[7m  [0m[7m  [0m[7m  [0m[7m  [0m[7m  [0m[7m  [0m[49m  [0m[7m  [0m[7m  [0m[49m  [0m[7m  [0m[7m  [0m[7m  [0m[7m  [0m[7m  [0m[7m  [0m[7m  [0m[7m  [0m[7m  [0m[7m  [0m[7m  [0m[7m  [0m[7m  [0m[7m  [0m
[7m  [0m[49m  [0m[49m  [0m[49m  [0m[7m  [0m[49m  [0m[49m  [0m[49m  [0m[49m  [0m[49m  [0m[7m  [0m[7m  [0m[7m  [0m[49m  [0m[49m  [0m[7m  [0m[49m  [0m[7m  [0m[49m  [0m[49m  [0m[7m  [0m[7m  [0m[7m  [0m[49m  [0m[7m  [0m[7m  [0m[7m  [0m
[7m  [0m[7m  [0m[49m  [0m[7m  [0m[49m  [0m[7m  [0m[7m  [0m[7m  [0m[7m  [0m[49m  [0m[49m  [0m[7m  [0m[49m  [0m[49m  [0m[7m  [0m[7m  [0m[7m  [0m[49m  [0m[49m  [0m[49m  [0m[7m  [0m[49m  [0m[7m  [0m[7m  [0m[49m  [0m[49m  [0m[7m  [0m
[7m  [0m[49m  [0m[49m  [0m[7m  [0m[7m  [0m[49m  [0m[7m  [0m[49m  [0m[49m  [0m[7m  [0m[7m  [0m[49m  [0m[49m  [0m[49m  [0m[7m  [0m[7m  [0m[7m  [0m[7m  [0m[49m  [0m[7m  [0m[7m  [0m[7m  [0m[49m  [0m[49m  [0m[49m  [0m[49m  [0m[7m  [0m
[7m  [0m[7m  [0m[49m  [0m[7m  [0m[7m  [0m[7m  [0m[49m  [0m[7m  [0m[49m  [0m[7m  [0m[49m  [0m[49m  [0m[7m  [0m[49m  [0m[7m  [0m[7m  [0m[7m  [0m[7m  [0m[49m  [0m[7m  [0m[49m  [0m[7m  [0m[7m  [0m[7m  [0m[49m  [0m[49m  [0m[7m  [0m
[7m  [0m[7m  [0m[49m  [0m[7m  [0m[49m  [0m[7m  [0m[49m  [0m[49m  [0m[7m  [0m[49m  [0m[7m  [0m[49m  [0m[49m  [0m[7m  [0m[49m  [0m[7m  [0m[49m  [0m[7m  [0m[49m  [0m[49m  [0m[7m  [0m[49m  [0m[7m  [0m[49m  [0m[7m  [0m[7m  [0m[7m  [0m
[7m  [0m[7m  [0m[49m  [0m[49m  [0m[49m  [0m[7m  [0m[7m  [0m[7m  [0m[49m  [0m[7m  [0m[49m  [0m[49m  [0m[49m  [0m[7m  [0m[49m  [0m[7m  [0m[49m  [0m[49m  [0m[49m  [0m[49m  [0m[7m  [0m[7m  [0m[7m  [0m[7m  [0m[49m  [0m[49m  [0m[7m  [0m
[7m  [0m[49m  [0m[7m  [0m[49m  [0m[7m  [0m[7m  [0m[49m  [0m[49m  [0m[49m  [0m[49m  [0m[49m  [0m[49m  [0m[7m  [0m[7m  [0m[7m  [0m[7m  [0m[7m  [0m[49m  [0m[7m  [0m[49m  [0m[7m  [0m[49m  [0m[7m  [0m[7m  [0m[7m  [0m[7m  [0m[7m  [0m
[7m  [0m[7m  [0m[49m  [0m[49m  [0m[49m  [0m[49m  [0m[7m  [0m[7m  [0m[49m  [0m[7m  [0m[7m  [0m[7m  [0m[49m  [0m[7m  [0m[7m  [0m[7m  [0m[49m  [0m[7m  [0m[49m  [0m[7m  [0m[7m  [0m[7m  [0m[49m  [0m[7m  [0m[7m  [0m[7m  [0m[7m  [0m
[7m  [0m[49m  [0m[7m  [0m[7m  [0m[49m  [0m[7m  [0m[7m  [0m[49m  [0m[7m  [0m[7m  [0m[49m  [0m[7m  [0m[7m  [0m[49m  [0m[49m  [0m[7m  [0m[7m  [0m[49m  [0m[49m  [0m[49m  [0m[49m  [0m[49m  [0m[49m  [0m[7m  [0m[7m  [0m[49m  [0m[7m  [0m
[7m  [0m[7m  [0m[7m  [0m[7m  [0m[7m  [0m[7m  [0m[7m  [0m[7m  [0m[7m  [0m[49m  [0m[7m  [0m[49m  [0m[49m  [0m[49m  [0m[49m  [0m[7m  [0m[7m  [0m[49m  [0m[7m  [0m[7m  [0m[7m  [0m[49m  [0m[7m  [0m[49m  [0m[7m  [0m[49m  [0m[7m  [0m
[7m  [0m[49m  [0m[49m  [0m[49m  [0m[49m  [0m[49m  [0m[49m  [0m[49m  [0m[7m  [0m[49m  [0m[7m  [0m[7m  [0m[49m  [0m[49m  [0m[7m  [0m[49m  [0m[49m  [0m[49m  [0m[7m  [0m[49m  [0m[7m  [0m[49m  [0m[49m  [0m[49m  [0m[7m  [0m[7m  [0m[7m  [0m
[7m  [0m[49m  [0m[7m  [0m[7m  [0m[7m  [0m[7m  [0m[7m  [0m[49m  [0m[7m  [0m[49m  [0m[49m  [0m[7m  [0m[7m  [0m[49m  [0m[49m  [0m[7m  [0m[7m  [0m[49m  [0m[7m  [0m[7m  [0m[7m  [0m[49m  [0m[7m  [0m[49m  [0m[7m  [0m[49m  [0m[7m  [0m
[7m  [0m[49m  [0m[7m  [0m[49m  [0m[49m  [0m[49m  [0m[7m  [0m[49m  [0m[7m  [0m[49m  [0m[49m  [0m[7m  [0m[49m  [0m[7m  [0m[7m  [0m[49m  [0m[49m  [0m[49m  [0m[49m  [0m[49m  [0m[49m  [0m[49m  [0m[49m  [0m[49m  [0m[49m  [0m[7m  [0m[7m  [0m
[7m  [0m[49m  [0m[7m  [0m[49m  [0m[49m  [0m[49m  [0m[7m  [0m[49m  [0m[7m  [0m[7m  [0m[49m  [0m[7m  [0m[49m  [0m[7m  [0m[7m  [0m[7m  [0m[49m  [0m[7m  [0m[49m  [0m[7m  [0m[7m  [0m[49m  [0m[49m  [0m[7m  [0m[49m  [0m[7m  [0m[7m  [0m
[7m  [0m[49m  [0m[7m  [0m[49m  [0m[49m  [0m[49m  [0m[7m  [0m[49m  [0m[7m  [0m[49m  [0m[49m  [0m[7m  [0m[7m  [0m[7m  [0m[49m  [0m[7m  [0m[49m  [0m[49m  [0m[7m  [0m[7m  [0m[7m  [0m[49m  [0m[7m  [0m[7m  [0m[7m  [0m[49m  [0m[7m  [0m
[7m  [0m[49m  [0m[7m  [0m[7m  [0m[7m  [0m[7m  [0m[7m  [0m[49m  [0m[7m  [0m[49m  [0m[49m  [0m[49m  [0m[49m  [0m[7m  [0m[7m  [0m[7m  [0m[49m  [0m[7m  [0m[49m  [0m[49m  [0m[7m  [0m[49m  [0m[7m  [0m[7m  [0m[49m  [0m[49m  [0m[7m  [0m
[7m  [0m[49m  [0m[49m  [0m[49m  [0m[49m  [0m[49m  [0m[49m  [0m[49m  [0m[7m  [0m[49m  [0m[7m  [0m[7m  [0m[7m  [0m[49m  [0m[7m  [0m[7m  [0m[49m  [0m[49m  [0m[7m  [0m[49m  [0m[7m  [0m[7m  [0m[7m  [0m[49m  [0m[7m  [0m[49m  [0m[7m  [0m
[7m  [0m[7m  [0m[7m  [0m[7m  [0m[7m  [0m[7m  [0m[7m  [0m[7m  [0m[7m  [0m[7m  [0m[7m  [0m[7m  [0m[7m  [0m[7m  [0m[7m  [0m[7m  [0m[7m  [0m[7m  [0m[7m  [0m[7m  [0m[7m  [0m[7m  [0m[7m  [0m[7m  [0m[7m  [0m[7m  [0m[7m  [0m

