Pseudo-terminal will not be allocated because stdin is not a terminal.
** WARNING: connection is not using a post-quantum key exchange algorithm.
** This session may be vulnerable to "store now, decrypt later" attacks.
** The server may need to be upgraded. See https://openssh.com/pq.html

===============================================================================
Welcome to localhost.run!

Follow your favourite reverse tunnel at [https://twitter.com/localhost_run].

To set up and manage custom domains go to https://admin.localhost.run/

More details on custom domains (and how to enable subdomains of your custom
domain) at https://localhost.run/docs/custom-domains

If you get a permission denied error check the faq for how to connect with a key or
create a free tunnel without a key at [http://localhost:3000/docs/faq#generating-an-ssh-key].

To explore using localhost.run visit the documentation site:
https://localhost.run/docs/

===============================================================================

** your connection id is d36a3d21-e0eb-4df8-9f61-debf30efc2df, please mention it if you send me a message about an issue. **

authenticated as anonymous user
5cc15f717acd19.lhr.life tunneled with tls termination, https://5cc15f717acd19.lhr.life
create an account and add your key for a longer lasting domain name. see https://localhost.run/docs/forever-free/ for more information.
Open your tunnel address on your mobile with this QR:

[7m  [0m[7m  [0m[7m  [0m[7m  [0m[7m  [0m[7m  [0m[7m  [0m[7m  [0m[7m  [0m[7m  [0m[7m  [0m[7m  [0m[7m  [0m[7m  [0m[7m  [0m[7m  [0m[7m  [0m[7m  [0m[7m  [0m[7m  [0m[7m  [0m[7m  [0m[7m  [0m[7m  [0m[7m  [0m[7m  [0m[7m  [0m
[7m  [0m[49m  [0m[49m  [0m[49m  [0m[49m  [0m[49m  [0m[49m  [0m[49m  [0m[7m  [0m[7m  [0m[7m  [0m[49m  [0m[7m  [0m[7m  [0m[49m  [0m[7m  [0m[7m  [0m[49m  [0m[7m  [0m[49m  [0m[49m  [0m[49m  [0m[49m  [0m[49m  [0m[49m  [0m[49m  [0m[7m  [0m
[7m  [0m[49m  [0m[7m  [0m[7m  [0m[7m  [0m[7m  [0m[7m  [0m[49m  [0m[7m  [0m[49m  [0m[49m  [0m[49m  [0m[7m  [0m[7m  [0m[7m  [0m[7m  [0m[49m  [0m[7m  [0m[7m  [0m[49m  [0m[7m  [0m[7m  [0m[7m  [0m[7m  [0m[7m  [0m[49m  [0m[7m  [0m
[7m  [0m[49m  [0m[7m  [0m[49m  [0m[49m  [0m[49m  [0m[7m  [0m[49m  [0m[7m  [0m[49m  [0m[7m  [0m[7m  [0m[7m  [0m[7m  [0m[49m  [0m[7m  [0m[49m  [0m[49m  [0m[7m  [0m[49m  [0m[7m  [0m[49m  [0m[49m  [0m[49m  [0m[7m  [0m[49m  [0m[7m  [0m
[7m  [0m[49m  [0m[7m  [0m[49m  [0m[49m  [0m[49m  [0m[7m  [0m[49m  [0m[7m  [0m[7m  [0m[49m  [0m[7m  [0m[7m  [0m[49m  [0m[7m  [0m[49m  [0m[7m  [0m[49m  [0m[7m  [0m[49m  [0m[7m  [0m[49m  [0m[49m  [0m[49m  [0m[7m  [0m[49m  [0m[7m  [0m
[7m  [0m[49m  [0m[7m  [0m[49m  [0m[49m  [0m[49m  [0m[7m  [0m[49m  [0m[7m  [0m[49m  [0m[49m  [0m[49m  [0m[7m  [0m[49m  [0m[7m  [0m[49m  [0m[49m  [0m[7m  [0m[7m  [0m[49m  [0m[7m  [0m[49m  [0m[49m  [0m[49m  [0m[7m  [0m[49m  [0m[7m  [0m
[7m  [0m[49m  [0m[7m  [0m[7m  [0m[7m  [0m[7m  [0m[7m  [0m[49m  [0m[7m  [0m[49m  [0m[7m  [0m[49m  [0m[7m  [0m[49m  [0m[7m  [0m[7m  [0m[7m  [0m[49m  [0m[7m  [0m[49m  [0m[7m  [0m[7m  [0m[7m  [0m[7m  [0m[7m  [0m[49m  [0m[7m  [0m
[7m  [0m[49m  [0m[49m  [0m[49m  [0m[49m  [0m[49m  [0m[49m  [0m[49m  [0m[7m  [0m[49m  [0m[7m  [0m[49m  [0m[7m  [0m[49m  [0m[7m  [0m[49m  [0m[7m  [0m[49m  [0m[7m  [0m[49m  [0m[49m  [0m[49m  [0m[49m  [0m[49m  [0m[49m  [0m[49m  [0m[7m  [0m
[7m  [0m[7m  [0m[7m  [0m[7m  [0m[7m  [0m[7m  [0m[7m  [0m[7m  [0m[7m  [0m[49m  [0m[7m  [0m[49m  [0m[49m  [0m[7m  [0m[49m  [0m[7m  [0m[7m  [0m[49m  [0m[7m  [0m[7m  [0m[7m  [0m[7m  [0m[7m  [0m[7m  [0m[7m  [0m[7m  [0m[7m  [0m
[7m  [0m[49m  [0m[49m  [0m[7m  [0m[49m  [0m[7m  [0m[7m  [0m[49m  [0m[49m  [0m[7m  [0m[7m  [0m[7m  [0m[49m  [0m[49m  [0m[49m  [0m[49m  [0m[49m  [0m[7m  [0m[7m  [0m[49m  [0m[49m  [0m[49m  [0m[7m  [0m[49m  [0m[49m  [0m[7m  [0m[7m  [0m
[7m  [0m[7m  [0m[49m  [0m[49m  [0m[7m  [0m[49m  [0m[7m  [0m[7m  [0m[49m  [0m[7m  [0m[49m  [0m[7m  [0m[49m  [0m[49m  [0m[7m  [0m[7m  [0m[7m  [0m[7m  [0m[49m  [0m[7m  [0m[7m  [0m[49m  [0m[7m  [0m[7m  [0m[49m  [0m[49m  [0m[7m  [0m
[7m  [0m[7m  [0m[49m  [0m[7m  [0m[7m  [0m[7m  [0m[49m  [0m[49m  [0m[49m  [0m[49m  [0m[7m  [0m[7m  [0m[49m  [0m[49m  [0m[49m  [0m[7m  [0m[49m  [0m[49m  [0m[7m  [0m[49m  [0m[7m  [0m[7m  [0m[49m  [0m[7m  [0m[49m  [0m[49m  [0m[7m  [0m
[7m  [0m[49m  [0m[7m  [0m[7m  [0m[7m  [0m[49m  [0m[7m  [0m[7m  [0m[7m  [0m[49m  [0m[49m  [0m[49m  [0m[49m  [0m[49m  [0m[7m  [0m[49m  [0m[49m  [0m[49m  [0m[7m  [0m[7m  [0m[49m  [0m[49m  [0m[7m  [0m[7m  [0m[7m  [0m[49m  [0m[7m  [0m
[7m  [0m[7m  [0m[49m  [0m[7m  [0m[7m  [0m[49m  [0m[49m  [0m[49m  [0m[7m  [0m[49m  [0m[7m  [0m[49m  [0m[49m  [0m[7m  [0m[49m  [0m[7m  [0m[49m  [0m[49m  [0m[7m  [0m[7m  [0m[7m  [0m[7m  [0m[7m  [0m[49m  [0m[7m  [0m[7m  [0m[7m  [0m
[7m  [0m[7m  [0m[49m  [0m[7m  [0m[49m  [0m[49m  [0m[7m  [0m[7m  [0m[7m  [0m[49m  [0m[7m  [0m[7m  [0m[49m  [0m[7m  [0m[7m  [0m[7m  [0m[49m  [0m[49m  [0m[7m  [0m[7m  [0m[7m  [0m[49m  [0m[7m  [0m[49m  [0m[49m  [0m[49m  [0m[7m  [0m
[7m  [0m[49m  [0m[7m  [0m[49m  [0m[7m  [0m[49m  [0m[7m  [0m[49m  [0m[7m  [0m[7m  [0m[49m  [0m[49m  [0m[49m  [0m[7m  [0m[7m  [0m[49m  [0m[7m  [0m[49m  [0m[7m  [0m[7m  [0m[49m  [0m[49m  [0m[7m  [0m[7m  [0m[49m  [0m[7m  [0m[7m  [0m
[7m  [0m[7m  [0m[49m  [0m[7m  [0m[49m  [0m[7m  [0m[49m  [0m[7m  [0m[7m  [0m[49m  [0m[7m  [0m[7m  [0m[49m  [0m[7m  [0m[7m  [0m[7m  [0m[7m  [0m[7m  [0m[49m  [0m[49m  [0m[49m  [0m[7m  [0m[49m  [0m[7m  [0m[7m  [0m[7m  [0m[7m  [0m
[7m  [0m[49m  [0m[49m  [0m[7m  [0m[49m  [0m[49m  [0m[49m  [0m[49m  [0m[7m  [0m[49m  [0m[49m  [0m[7m  [0m[7m  [0m[49m  [0m[7m  [0m[7m  [0m[7m  [0m[49m  [0m[49m  [0m[49m  [0m[49m  [0m[49m  [0m[49m  [0m[49m  [0m[7m  [0m[49m  [0m[7m  [0m
[7m  [0m[7m  [0m[7m  [0m[7m  [0m[7m  [0m[7m  [0m[7m  [0m[7m  [0m[7m  [0m[49m  [0m[7m  [0m[7m  [0m[7m  [0m[49m  [0m[49m  [0m[49m  [0m[7m  [0m[49m  [0m[7m  [0m[7m  [0m[7m  [0m[49m  [0m[7m  [0m[49m  [0m[49m  [0m[49m  [0m[7m  [0m
[7m  [0m[49m  [0m[49m  [0m[49m  [0m[49m  [0m[49m  [0m[49m  [0m[49m  [0m[7m  [0m[49m  [0m[7m  [0m[7m  [0m[49m  [0m[49m  [0m[7m  [0m[49m  [0m[7m  [0m[49m  [0m[7m  [0m[49m  [0m[7m  [0m[49m  [0m[49m  [0m[49m  [0m[7m  [0m[7m  [0m[7m  [0m
[7m  [0m[49m  [0m[7m  [0m[7m  [0m[7m  [0m[7m  [0m[7m  [0m[49m  [0m[7m  [0m[7m  [0m[7m  [0m[7m  [0m[7m  [0m[49m  [0m[7m  [0m[7m  [0m[7m  [0m[49m  [0m[7m  [0m[7m  [0m[7m  [0m[49m  [0m[7m  [0m[7m  [0m[7m  [0m[49m  [0m[7m  [0m
[7m  [0m[49m  [0m[7m  [0m[49m  [0m[49m  [0m[49m  [0m[7m  [0m[49m  [0m[7m  [0m[7m  [0m[49m  [0m[7m  [0m[7m  [0m[7m  [0m[7m  [0m[7m  [0m[7m  [0m[49m  [0m[49m  [0m[49m  [0m[49m  [0m[49m  [0m[49m  [0m[49m  [0m[7m  [0m[7m  [0m[7m  [0m
[7m  [0m[49m  [0m[7m  [0m[49m  [0m[49m  [0m[49m  [0m[7m  [0m[49m  [0m[7m  [0m[49m  [0m[49m  [0m[49m  [0m[49m  [0m[7m  [0m[7m  [0m[7m  [0m[49m  [0m[7m  [0m[49m  [0m[7m  [0m[49m  [0m[7m  [0m[49m  [0m[7m  [0m[49m  [0m[7m  [0m[7m  [0m
[7m  [0m[49m  [0m[7m  [0m[49m  [0m[49m  [0m[49m  [0m[7m  [0m[49m  [0m[7m  [0m[7m  [0m[49m  [0m[7m  [0m[7m  [0m[7m  [0m[7m  [0m[7m  [0m[49m  [0m[7m  [0m[49m  [0m[49m  [0m[7m  [0m[49m  [0m[7m  [0m[7m  [0m[7m  [0m[49m  [0m[7m  [0m
[7m  [0m[49m  [0m[7m  [0m[7m  [0m[7m  [0m[7m  [0m[7m  [0m[49m  [0m[7m  [0m[49m  [0m[49m  [0m[49m  [0m[7m  [0m[7m  [0m[7m  [0m[49m  [0m[7m  [0m[7m  [0m[49m  [0m[7m  [0m[7m  [0m[49m  [0m[7m  [0m[49m  [0m[7m  [0m[49m  [0m[7m  [0m
[7m  [0m[49m  [0m[49m  [0m[49m  [0m[49m  [0m[49m  [0m[49m  [0m[49m  [0m[7m  [0m[49m  [0m[49m  [0m[7m  [0m[7m  [0m[49m  [0m[7m  [0m[7m  [0m[49m  [0m[49m  [0m[7m  [0m[49m  [0m[49m  [0m[7m  [0m[7m  [0m[7m  [0m[7m  [0m[49m  [0m[7m  [0m
[7m  [0m[7m  [0m[7m  [0m[7m  [0m[7m  [0m[7m  [0m[7m  [0m[7m  [0m[7m  [0m[7m  [0m[7m  [0m[7m  [0m[7m  [0m[7m  [0m[7m  [0m[7m  [0m[7m  [0m[7m  [0m[7m  [0m[7m  [0m[7m  [0m[7m  [0m[7m  [0m[7m  [0m[7m  [0m[7m  [0m[7m  [0m

a72b34e25dfb4c.lhr.life tunneled with tls termination, https://a72b34e25dfb4c.lhr.life
create an account and add your key for a longer lasting domain name. see https://localhost.run/docs/forever-free/ for more information.
Open your tunnel address on your mobile with this QR:

[7m  [0m[7m  [0m[7m  [0m[7m  [0m[7m  [0m[7m  [0m[7m  [0m[7m  [0m[7m  [0m[7m  [0m[7m  [0m[7m  [0m[7m  [0m[7m  [0m[7m  [0m[7m  [0m[7m  [0m[7m  [0m[7m  [0m[7m  [0m[7m  [0m[7m  [0m[7m  [0m[7m  [0m[7m  [0m[7m  [0m[7m  [0m
[7m  [0m[49m  [0m[49m  [0m[49m  [0m[49m  [0m[49m  [0m[49m  [0m[49m  [0m[7m  [0m[49m  [0m[7m  [0m[7m  [0m[7m  [0m[7m  [0m[7m  [0m[7m  [0m[7m  [0m[7m  [0m[7m  [0m[49m  [0m[49m  [0m[49m  [0m[49m  [0m[49m  [0m[49m  [0m[49m  [0m[7m  [0m
[7m  [0m[49m  [0m[7m  [0m[7m  [0m[7m  [0m[7m  [0m[7m  [0m[49m  [0m[7m  [0m[49m  [0m[7m  [0m[7m  [0m[49m  [0m[49m  [0m[49m  [0m[49m  [0m[7m  [0m[49m  [0m[7m  [0m[49m  [0m[7m  [0m[7m  [0m[7m  [0m[7m  [0m[7m  [0m[49m  [0m[7m  [0m
[7m  [0m[49m  [0m[7m  [0m[49m  [0m[49m  [0m[49m  [0m[7m  [0m[49m  [0m[7m  [0m[49m  [0m[49m  [0m[7m  [0m[7m  [0m[49m  [0m[49m  [0m[7m  [0m[7m  [0m[49m  [0m[7m  [0m[49m  [0m[7m  [0m[49m  [0m[49m  [0m[49m  [0m[7m  [0m[49m  [0m[7m  [0m
[7m  [0m[49m  [0m[7m  [0m[49m  [0m[49m  [0m[49m  [0m[7m  [0m[49m  [0m[7m  [0m[49m  [0m[49m  [0m[49m  [0m[7m  [0m[49m  [0m[49m  [0m[49m  [0m[7m  [0m[7m  [0m[7m  [0m[49m  [0m[7m  [0m[49m  [0m[49m  [0m[49m  [0m[7m  [0m[49m  [0m[7m  [0m
[7m  [0m[49m  [0m[7m  [0m[49m  [0m[49m  [0m[49m  [0m[7m  [0m[49m  [0m[7m  [0m[7m  [0m[49m  [0m[49m  [0m[7m  [0m[49m  [0m[7m  [0m[49m  [0m[49m  [0m[7m  [0m[7m  [0m[49m  [0m[7m  [0m[49m  [0m[49m  [0m[49m  [0m[7m  [0m[49m  [0m[7m  [0m
[7m  [0m[49m  [0m[7m  [0m[7m  [0m[7m  [0m[7m  [0m[7m  [0m[49m  [0m[7m  [0m[49m  [0m[49m  [0m[49m  [0m[7m  [0m[7m  [0m[7m  [0m[7m  [0m[49m  [0m[49m  [0m[7m  [0m[49m  [0m[7m  [0m[7m  [0m[7m  [0m[7m  [0m[7m  [0m[49m  [0m[7m  [0m
[7m  [0m[49m  [0m[49m  [0m[49m  [0m[49m  [0m[49m  [0m[49m  [0m[49m  [0m[7m  [0m[49m  [0m[7m  [0m[49m  [0m[7m  [0m[49m  [0m[7m  [0m[49m  [0m[7m  [0m[49m  [0m[7m  [0m[49m  [0m[49m  [0m[49m  [0m[49m  [0m[49m  [0m[49m  [0m[49m  [0m[7m  [0m
[7m  [0m[7m  [0m[7m  [0m[7m  [0m[7m  [0m[7m  [0m[7m  [0m[7m  [0m[7m  [0m[7m  [0m[7m  [0m[49m  [0m[49m  [0m[7m  [0m[49m  [0m[7m  [0m[7m  [0m[49m  [0m[7m  [0m[7m  [0m[7m  [0m[7m  [0m[7m  [0m[7m  [0m[7m  [0m[7m  [0m[7m  [0m
[7m  [0m[49m  [0m[49m  [0m[7m  [0m[7m  [0m[49m  [0m[49m  [0m[49m  [0m[7m  [0m[7m  [0m[7m  [0m[49m  [0m[7m  [0m[49m  [0m[7m  [0m[7m  [0m[49m  [0m[49m  [0m[7m  [0m[7m  [0m[49m  [0m[7m  [0m[49m  [0m[49m  [0m[49m  [0m[49m  [0m[7m  [0m
[7m  [0m[7m  [0m[7m  [0m[7m  [0m[49m  [0m[49m  [0m[7m  [0m[7m  [0m[7m  [0m[7m  [0m[7m  [0m[7m  [0m[7m  [0m[7m  [0m[7m  [0m[49m  [0m[49m  [0m[7m  [0m[7m  [0m[7m  [0m[49m  [0m[49m  [0m[49m  [0m[7m  [0m[7m  [0m[7m  [0m[7m  [0m
[7m  [0m[7m  [0m[49m  [0m[49m  [0m[49m  [0m[7m  [0m[49m  [0m[49m  [0m[49m  [0m[7m  [0m[49m  [0m[49m  [0m[7m  [0m[7m  [0m[7m  [0m[49m  [0m[49m  [0m[49m  [0m[7m  [0m[49m  [0m[7m  [0m[49m  [0m[7m  [0m[49m  [0m[7m  [0m[7m  [0m[7m  [0m
[7m  [0m[49m  [0m[7m  [0m[49m  [0m[7m  [0m[49m  [0m[49m  [0m[7m  [0m[7m  [0m[7m  [0m[49m  [0m[7m  [0m[7m  [0m[49m  [0m[49m  [0m[7m  [0m[49m  [0m[49m  [0m[7m  [0m[7m  [0m[7m  [0m[7m  [0m[7m  [0m[49m  [0m[49m  [0m[49m  [0m[7m  [0m
[7m  [0m[49m  [0m[7m  [0m[7m  [0m[7m  [0m[49m  [0m[7m  [0m[49m  [0m[49m  [0m[7m  [0m[7m  [0m[7m  [0m[49m  [0m[7m  [0m[7m  [0m[7m  [0m[7m  [0m[49m  [0m[7m  [0m[49m  [0m[49m  [0m[7m  [0m[7m  [0m[7m  [0m[7m  [0m[7m  [0m[7m  [0m
[7m  [0m[49m  [0m[7m  [0m[49m  [0m[49m  [0m[7m  [0m[7m  [0m[7m  [0m[7m  [0m[7m  [0m[7m  [0m[49m  [0m[7m  [0m[49m  [0m[49m  [0m[49m  [0m[49m  [0m[7m  [0m[49m  [0m[7m  [0m[49m  [0m[7m  [0m[49m  [0m[7m  [0m[7m  [0m[7m  [0m[7m  [0m
[7m  [0m[7m  [0m[7m  [0m[49m  [0m[49m  [0m[49m  [0m[7m  [0m[49m  [0m[49m  [0m[7m  [0m[49m  [0m[7m  [0m[49m  [0m[49m  [0m[7m  [0m[49m  [0m[49m  [0m[49m  [0m[7m  [0m[49m  [0m[7m  [0m[7m  [0m[49m  [0m[7m  [0m[49m  [0m[49m  [0m[7m  [0m
[7m  [0m[7m  [0m[7m  [0m[7m  [0m[7m  [0m[49m  [0m[49m  [0m[7m  [0m[7m  [0m[49m  [0m[7m  [0m[7m  [0m[49m  [0m[7m  [0m[49m  [0m[7m  [0m[49m  [0m[7m  [0m[49m  [0m[7m  [0m[49m  [0m[49m  [0m[49m  [0m[49m  [0m[7m  [0m[7m  [0m[7m  [0m
[7m  [0m[49m  [0m[49m  [0m[49m  [0m[7m  [0m[7m  [0m[49m  [0m[49m  [0m[49m  [0m[7m  [0m[49m  [0m[49m  [0m[7m  [0m[49m  [0m[7m  [0m[7m  [0m[49m  [0m[49m  [0m[49m  [0m[49m  [0m[49m  [0m[49m  [0m[49m  [0m[49m  [0m[7m  [0m[49m  [0m[7m  [0m
[7m  [0m[7m  [0m[7m  [0m[7m  [0m[7m  [0m[7m  [0m[7m  [0m[7m  [0m[7m  [0m[49m  [0m[7m  [0m[49m  [0m[7m  [0m[7m  [0m[49m  [0m[49m  [0m[49m  [0m[49m  [0m[7m  [0m[7m  [0m[7m  [0m[49m  [0m[49m  [0m[49m  [0m[49m  [0m[7m  [0m[7m  [0m
[7m  [0m[49m  [0m[49m  [0m[49m  [0m[49m  [0m[49m  [0m[49m  [0m[49m  [0m[7m  [0m[7m  [0m[7m  [0m[7m  [0m[7m  [0m[7m  [0m[7m  [0m[7m  [0m[49m  [0m[49m  [0m[7m  [0m[49m  [0m[7m  [0m[49m  [0m[7m  [0m[49m  [0m[49m  [0m[49m  [0m[7m  [0m
[7m  [0m[49m  [0m[7m  [0m[7m  [0m[7m  [0m[7m  [0m[7m  [0m[49m  [0m[7m  [0m[49m  [0m[7m  [0m[7m  [0m[7m  [0m[49m  [0m[7m  [0m[7m  [0m[7m  [0m[49m  [0m[7m  [0m[7m  [0m[7m  [0m[49m  [0m[7m  [0m[7m  [0m[7m  [0m[49m  [0m[7m  [0m
[7m  [0m[49m  [0m[7m  [0m[49m  [0m[49m  [0m[49m  [0m[7m  [0m[49m  [0m[7m  [0m[49m  [0m[7m  [0m[49m  [0m[49m  [0m[7m  [0m[49m  [0m[49m  [0m[7m  [0m[49m  [0m[49m  [0m[49m  [0m[49m  [0m[49m  [0m[49m  [0m[7m  [0m[49m  [0m[7m  [0m[7m  [0m
[7m  [0m[49m  [0m[7m  [0m[49m  [0m[49m  [0m[49m  [0m[7m  [0m[49m  [0m[7m  [0m[7m  [0m[7m  [0m[49m  [0m[7m  [0m[49m  [0m[7m  [0m[49m  [0m[49m  [0m[7m  [0m[7m  [0m[49m  [0m[49m  [0m[49m  [0m[7m  [0m[7m  [0m[7m  [0m[49m  [0m[7m  [0m
[7m  [0m[49m  [0m[7m  [0m[49m  [0m[49m  [0m[49m  [0m[7m  [0m[49m  [0m[7m  [0m[7m  [0m[7m  [0m[7m  [0m[49m  [0m[49m  [0m[49m  [0m[49m  [0m[7m  [0m[49m  [0m[49m  [0m[7m  [0m[7m  [0m[7m  [0m[7m  [0m[49m  [0m[49m  [0m[7m  [0m[7m  [0m
[7m  [0m[49m  [0m[7m  [0m[7m  [0m[7m  [0m[7m  [0m[7m  [0m[49m  [0m[7m  [0m[49m  [0m[7m  [0m[7m  [0m[49m  [0m[7m  [0m[49m  [0m[7m  [0m[49m  [0m[7m  [0m[7m  [0m[49m  [0m[49m  [0m[7m  [0m[7m  [0m[7m  [0m[49m  [0m[49m  [0m[7m  [0m
[7m  [0m[49m  [0m[49m  [0m[49m  [0m[49m  [0m[49m  [0m[49m  [0m[49m  [0m[7m  [0m[49m  [0m[7m  [0m[49m  [0m[7m  [0m[49m  [0m[49m  [0m[7m  [0m[49m  [0m[49m  [0m[7m  [0m[7m  [0m[49m  [0m[7m  [0m[7m  [0m[7m  [0m[7m  [0m[49m  [0m[7m  [0m
[7m  [0m[7m  [0m[7m  [0m[7m  [0m[7m  [0m[7m  [0m[7m  [0m[7m  [0m[7m  [0m[7m  [0m[7m  [0m[7m  [0m[7m  [0m[7m  [0m[7m  [0m[7m  [0m[7m  [0m[7m  [0m[7m  [0m[7m  [0m[7m  [0m[7m  [0m[7m  [0m[7m  [0m[7m  [0m[7m  [0m[7m  [0m

be64c207a9ba28.lhr.life tunneled with tls termination, https://be64c207a9ba28.lhr.life
create an account and add your key for a longer lasting domain name. see https://localhost.run/docs/forever-free/ for more information.
Open your tunnel address on your mobile with this QR:

[7m  [0m[7m  [0m[7m  [0m[7m  [0m[7m  [0m[7m  [0m[7m  [0m[7m  [0m[7m  [0m[7m  [0m[7m  [0m[7m  [0m[7m  [0m[7m  [0m[7m  [0m[7m  [0m[7m  [0m[7m  [0m[7m  [0m[7m  [0m[7m  [0m[7m  [0m[7m  [0m[7m  [0m[7m  [0m[7m  [0m[7m  [0m
[7m  [0m[49m  [0m[49m  [0m[49m  [0m[49m  [0m[49m  [0m[49m  [0m[49m  [0m[7m  [0m[49m  [0m[49m  [0m[7m  [0m[7m  [0m[7m  [0m[49m  [0m[49m  [0m[49m  [0m[7m  [0m[7m  [0m[49m  [0m[49m  [0m[49m  [0m[49m  [0m[49m  [0m[49m  [0m[49m  [0m[7m  [0m
[7m  [0m[49m  [0m[7m  [0m[7m  [0m[7m  [0m[7m  [0m[7m  [0m[49m  [0m[7m  [0m[7m  [0m[7m  [0m[7m  [0m[7m  [0m[7m  [0m[7m  [0m[49m  [0m[7m  [0m[49m  [0m[7m  [0m[49m  [0m[7m  [0m[7m  [0m[7m  [0m[7m  [0m[7m  [0m[49m  [0m[7m  [0m
[7m  [0m[49m  [0m[7m  [0m[49m  [0m[49m  [0m[49m  [0m[7m  [0m[49m  [0m[7m  [0m[49m  [0m[7m  [0m[7m  [0m[49m  [0m[49m  [0m[7m  [0m[7m  [0m[49m  [0m[49m  [0m[7m  [0m[49m  [0m[7m  [0m[49m  [0m[49m  [0m[49m  [0m[7m  [0m[49m  [0m[7m  [0m
[7m  [0m[49m  [0m[7m  [0m[49m  [0m[49m  [0m[49m  [0m[7m  [0m[49m  [0m[7m  [0m[49m  [0m[49m  [0m[7m  [0m[49m  [0m[7m  [0m[49m  [0m[49m  [0m[7m  [0m[49m  [0m[7m  [0m[49m  [0m[7m  [0m[49m  [0m[49m  [0m[49m  [0m[7m  [0m[49m  [0m[7m  [0m
[7m  [0m[49m  [0m[7m  [0m[49m  [0m[49m  [0m[49m  [0m[7m  [0m[49m  [0m[7m  [0m[49m  [0m[49m  [0m[49m  [0m[49m  [0m[7m  [0m[49m  [0m[49m  [0m[49m  [0m[7m  [0m[7m  [0m[49m  [0m[7m  [0m[49m  [0m[49m  [0m[49m  [0m[7m  [0m[49m  [0m[7m  [0m
[7m  [0m[49m  [0m[7m  [0m[7m  [0m[7m  [0m[7m  [0m[7m  [0m[49m  [0m[7m  [0m[7m  [0m[49m  [0m[7m  [0m[7m  [0m[49m  [0m[7m  [0m[49m  [0m[49m  [0m[7m  [0m[7m  [0m[49m  [0m[7m  [0m[7m  [0m[7m  [0m[7m  [0m[7m  [0m[49m  [0m[7m  [0m
[7m  [0m[49m  [0m[49m  [0m[49m  [0m[49m  [0m[49m  [0m[49m  [0m[49m  [0m[7m  [0m[49m  [0m[7m  [0m[49m  [0m[7m  [0m[49m  [0m[7m  [0m[49m  [0m[7m  [0m[49m  [0m[7m  [0m[49m  [0m[49m  [0m[49m  [0m[49m  [0m[49m  [0m[49m  [0m[49m  [0m[7m  [0m
[7m  [0m[7m  [0m[7m  [0m[7m  [0m[7m  [0m[7m  [0m[7m  [0m[7m  [0m[7m  [0m[7m  [0m[49m  [0m[7m  [0m[49m  [0m[7m  [0m[49m  [0m[49m  [0m[49m  [0m[7m  [0m[7m  [0m[7m  [0m[7m  [0m[7m  [0m[7m  [0m[7m  [0m[7m  [0m[7m  [0m[7m  [0m
[7m  [0m[49m  [0m[49m  [0m[49m  [0m[49m  [0m[7m  [0m[7m  [0m[49m  [0m[7m  [0m[49m  [0m[7m  [0m[7m  [0m[7m  [0m[7m  [0m[7m  [0m[49m  [0m[49m  [0m[7m  [0m[49m  [0m[7m  [0m[7m  [0m[49m  [0m[49m  [0m[49m  [0m[7m  [0m[49m  [0m[7m  [0m
[7m  [0m[7m  [0m[49m  [0m[7m  [0m[49m  [0m[49m  [0m[7m  [0m[7m  [0m[7m  [0m[7m  [0m[49m  [0m[7m  [0m[7m  [0m[7m  [0m[49m  [0m[7m  [0m[7m  [0m[7m  [0m[49m  [0m[7m  [0m[49m  [0m[7m  [0m[7m  [0m[7m  [0m[7m  [0m[7m  [0m[7m  [0m
[7m  [0m[49m  [0m[7m  [0m[49m  [0m[7m  [0m[49m  [0m[7m  [0m[49m  [0m[7m  [0m[7m  [0m[7m  [0m[7m  [0m[7m  [0m[7m  [0m[7m  [0m[7m  [0m[49m  [0m[7m  [0m[49m  [0m[49m  [0m[7m  [0m[49m  [0m[49m  [0m[7m  [0m[7m  [0m[7m  [0m[7m  [0m
[7m  [0m[49m  [0m[49m  [0m[7m  [0m[49m  [0m[49m  [0m[7m  [0m[7m  [0m[49m  [0m[49m  [0m[7m  [0m[7m  [0m[49m  [0m[49m  [0m[7m  [0m[7m  [0m[7m  [0m[49m  [0m[7m  [0m[7m  [0m[49m  [0m[49m  [0m[49m  [0m[49m  [0m[7m  [0m[49m  [0m[7m  [0m
[7m  [0m[7m  [0m[7m  [0m[7m  [0m[7m  [0m[49m  [0m[49m  [0m[49m  [0m[49m  [0m[7m  [0m[49m  [0m[7m  [0m[49m  [0m[7m  [0m[49m  [0m[49m  [0m[7m  [0m[49m  [0m[7m  [0m[49m  [0m[7m  [0m[7m  [0m[49m  [0m[7m  [0m[7m  [0m[7m  [0m[7m  [0m
[7m  [0m[7m  [0m[49m  [0m[49m  [0m[49m  [0m[7m  [0m[7m  [0m[7m  [0m[49m  [0m[7m  [0m[7m  [0m[49m  [0m[49m  [0m[7m  [0m[7m  [0m[49m  [0m[7m  [0m[7m  [0m[49m  [0m[7m  [0m[49m  [0m[49m  [0m[49m  [0m[7m  [0m[49m  [0m[49m  [0m[7m  [0m
[7m  [0m[7m  [0m[49m  [0m[7m  [0m[49m  [0m[49m  [0m[49m  [0m[49m  [0m[7m  [0m[7m  [0m[49m  [0m[49m  [0m[7m  [0m[49m  [0m[49m  [0m[49m  [0m[7m  [0m[49m  [0m[7m  [0m[7m  [0m[49m  [0m[49m  [0m[7m  [0m[7m  [0m[7m  [0m[49m  [0m[7m  [0m
[7m  [0m[49m  [0m[7m  [0m[49m  [0m[49m  [0m[7m  [0m[7m  [0m[7m  [0m[49m  [0m[49m  [0m[7m  [0m[7m  [0m[7m  [0m[49m  [0m[49m  [0m[7m  [0m[7m  [0m[7m  [0m[49m  [0m[7m  [0m[7m  [0m[7m  [0m[49m  [0m[7m  [0m[49m  [0m[49m  [0m[7m  [0m
[7m  [0m[7m  [0m[7m  [0m[49m  [0m[49m  [0m[7m  [0m[49m  [0m[49m  [0m[7m  [0m[7m  [0m[49m  [0m[49m  [0m[49m  [0m[7m  [0m[49m  [0m[7m  [0m[7m  [0m[49m  [0m[49m  [0m[49m  [0m[49m  [0m[49m  [0m[49m  [0m[49m  [0m[49m  [0m[7m  [0m[7m  [0m
[7m  [0m[7m  [0m[7m  [0m[7m  [0m[7m  [0m[7m  [0m[7m  [0m[7m  [0m[7m  [0m[49m  [0m[7m  [0m[7m  [0m[7m  [0m[49m  [0m[49m  [0m[7m  [0m[49m  [0m[49m  [0m[7m  [0m[7m  [0m[7m  [0m[49m  [0m[49m  [0m[7m  [0m[49m  [0m[49m  [0m[7m  [0m
[7m  [0m[49m  [0m[49m  [0m[49m  [0m[49m  [0m[49m  [0m[49m  [0m[49m  [0m[7m  [0m[7m  [0m[49m  [0m[7m  [0m[49m  [0m[49m  [0m[7m  [0m[7m  [0m[7m  [0m[49m  [0m[7m  [0m[49m  [0m[7m  [0m[49m  [0m[7m  [0m[7m  [0m[7m  [0m[7m  [0m[7m  [0m
[7m  [0m[49m  [0m[7m  [0m[7m  [0m[7m  [0m[7m  [0m[7m  [0m[49m  [0m[7m  [0m[7m  [0m[7m  [0m[49m  [0m[7m  [0m[49m  [0m[7m  [0m[49m  [0m[49m  [0m[49m  [0m[7m  [0m[7m  [0m[7m  [0m[49m  [0m[49m  [0m[49m  [0m[7m  [0m[49m  [0m[7m  [0m
[7m  [0m[49m  [0m[7m  [0m[49m  [0m[49m  [0m[49m  [0m[7m  [0m[49m  [0m[7m  [0m[7m  [0m[49m  [0m[49m  [0m[49m  [0m[49m  [0m[49m  [0m[7m  [0m[49m  [0m[49m  [0m[49m  [0m[49m  [0m[49m  [0m[49m  [0m[49m  [0m[49m  [0m[49m  [0m[49m  [0m[7m  [0m
[7m  [0m[49m  [0m[7m  [0m[49m  [0m[49m  [0m[49m  [0m[7m  [0m[49m  [0m[7m  [0m[49m  [0m[7m  [0m[7m  [0m[7m  [0m[49m  [0m[49m  [0m[7m  [0m[7m  [0m[49m  [0m[7m  [0m[7m  [0m[7m  [0m[49m  [0m[49m  [0m[7m  [0m[7m  [0m[49m  [0m[7m  [0m
[7m  [0m[49m  [0m[7m  [0m[49m  [0m[49m  [0m[49m  [0m[7m  [0m[49m  [0m[7m  [0m[49m  [0m[49m  [0m[49m  [0m[49m  [0m[49m  [0m[49m  [0m[7m  [0m[7m  [0m[7m  [0m[7m  [0m[7m  [0m[7m  [0m[49m  [0m[49m  [0m[7m  [0m[49m  [0m[7m  [0m[7m  [0m
[7m  [0m[49m  [0m[7m  [0m[7m  [0m[7m  [0m[7m  [0m[7m  [0m[49m  [0m[7m  [0m[49m  [0m[49m  [0m[49m  [0m[7m  [0m[7m  [0m[7m  [0m[7m  [0m[49m  [0m[7m  [0m[49m  [0m[49m  [0m[7m  [0m[7m  [0m[49m  [0m[7m  [0m[7m  [0m[49m  [0m[7m  [0m
[7m  [0m[49m  [0m[49m  [0m[49m  [0m[49m  [0m[49m  [0m[49m  [0m[49m  [0m[7m  [0m[49m  [0m[49m  [0m[7m  [0m[7m  [0m[49m  [0m[7m  [0m[49m  [0m[49m  [0m[49m  [0m[7m  [0m[49m  [0m[49m  [0m[49m  [0m[7m  [0m[49m  [0m[7m  [0m[49m  [0m[7m  [0m
[7m  [0m[7m  [0m[7m  [0m[7m  [0m[7m  [0m[7m  [0m[7m  [0m[7m  [0m[7m  [0m[7m  [0m[7m  [0m[7m  [0m[7m  [0m[7m  [0m[7m  [0m[7m  [0m[7m  [0m[7m  [0m[7m  [0m[7m  [0m[7m  [0m[7m  [0m[7m  [0m[7m  [0m[7m  [0m[7m  [0m[7m  [0m

749387cd5fc0a8.lhr.life tunneled with tls termination, https://749387cd5fc0a8.lhr.life
create an account and add your key for a longer lasting domain name. see https://localhost.run/docs/forever-free/ for more information.
Open your tunnel address on your mobile with this QR:

[7m  [0m[7m  [0m[7m  [0m[7m  [0m[7m  [0m[7m  [0m[7m  [0m[7m  [0m[7m  [0m[7m  [0m[7m  [0m[7m  [0m[7m  [0m[7m  [0m[7m  [0m[7m  [0m[7m  [0m[7m  [0m[7m  [0m[7m  [0m[7m  [0m[7m  [0m[7m  [0m[7m  [0m[7m  [0m[7m  [0m[7m  [0m
[7m  [0m[49m  [0m[49m  [0m[49m  [0m[49m  [0m[49m  [0m[49m  [0m[49m  [0m[7m  [0m[49m  [0m[49m  [0m[7m  [0m[7m  [0m[7m  [0m[49m  [0m[49m  [0m[49m  [0m[7m  [0m[7m  [0m[49m  [0m[49m  [0m[49m  [0m[49m  [0m[49m  [0m[49m  [0m[49m  [0m[7m  [0m
[7m  [0m[49m  [0m[7m  [0m[7m  [0m[7m  [0m[7m  [0m[7m  [0m[49m  [0m[7m  [0m[7m  [0m[7m  [0m[7m  [0m[7m  [0m[7m  [0m[7m  [0m[49m  [0m[7m  [0m[49m  [0m[7m  [0m[49m  [0m[7m  [0m[7m  [0m[7m  [0m[7m  [0m[7m  [0m[49m  [0m[7m  [0m
[7m  [0m[49m  [0m[7m  [0m[49m  [0m[49m  [0m[49m  [0m[7m  [0m[49m  [0m[7m  [0m[49m  [0m[7m  [0m[7m  [0m[49m  [0m[49m  [0m[7m  [0m[7m  [0m[49m  [0m[49m  [0m[7m  [0m[49m  [0m[7m  [0m[49m  [0m[49m  [0m[49m  [0m[7m  [0m[49m  [0m[7m  [0m
[7m  [0m[49m  [0m[7m  [0m[49m  [0m[49m  [0m[49m  [0m[7m  [0m[49m  [0m[7m  [0m[49m  [0m[49m  [0m[7m  [0m[49m  [0m[7m  [0m[49m  [0m[49m  [0m[7m  [0m[49m  [0m[7m  [0m[49m  [0m[7m  [0m[49m  [0m[49m  [0m[49m  [0m[7m  [0m[49m  [0m[7m  [0m
[7m  [0m[49m  [0m[7m  [0m[49m  [0m[49m  [0m[49m  [0m[7m  [0m[49m  [0m[7m  [0m[49m  [0m[49m  [0m[49m  [0m[49m  [0m[7m  [0m[49m  [0m[49m  [0m[49m  [0m[7m  [0m[7m  [0m[49m  [0m[7m  [0m[49m  [0m[49m  [0m[49m  [0m[7m  [0m[49m  [0m[7m  [0m
[7m  [0m[49m  [0m[7m  [0m[7m  [0m[7m  [0m[7m  [0m[7m  [0m[49m  [0m[7m  [0m[7m  [0m[49m  [0m[7m  [0m[7m  [0m[49m  [0m[7m  [0m[49m  [0m[49m  [0m[7m  [0m[7m  [0m[49m  [0m[7m  [0m[7m  [0m[7m  [0m[7m  [0m[7m  [0m[49m  [0m[7m  [0m
[7m  [0m[49m  [0m[49m  [0m[49m  [0m[49m  [0m[49m  [0m[49m  [0m[49m  [0m[7m  [0m[49m  [0m[7m  [0m[49m  [0m[7m  [0m[49m  [0m[7m  [0m[49m  [0m[7m  [0m[49m  [0m[7m  [0m[49m  [0m[49m  [0m[49m  [0m[49m  [0m[49m  [0m[49m  [0m[49m  [0m[7m  [0m
[7m  [0m[7m  [0m[7m  [0m[7m  [0m[7m  [0m[7m  [0m[7m  [0m[7m  [0m[7m  [0m[7m  [0m[49m  [0m[7m  [0m[49m  [0m[7m  [0m[49m  [0m[49m  [0m[49m  [0m[7m  [0m[7m  [0m[7m  [0m[7m  [0m[7m  [0m[7m  [0m[7m  [0m[7m  [0m[7m  [0m[7m  [0m
[7m  [0m[49m  [0m[49m  [0m[49m  [0m[49m  [0m[7m  [0m[7m  [0m[49m  [0m[7m  [0m[49m  [0m[7m  [0m[7m  [0m[7m  [0m[7m  [0m[7m  [0m[49m  [0m[49m  [0m[7m  [0m[49m  [0m[7m  [0m[7m  [0m[49m  [0m[49m  [0m[49m  [0m[7m  [0m[49m  [0m[7m  [0m
[7m  [0m[49m  [0m[49m  [0m[7m  [0m[49m  [0m[7m  [0m[7m  [0m[7m  [0m[49m  [0m[49m  [0m[49m  [0m[7m  [0m[7m  [0m[7m  [0m[49m  [0m[7m  [0m[7m  [0m[7m  [0m[49m  [0m[7m  [0m[7m  [0m[49m  [0m[7m  [0m[7m  [0m[7m  [0m[7m  [0m[7m  [0m
[7m  [0m[49m  [0m[49m  [0m[7m  [0m[7m  [0m[7m  [0m[49m  [0m[49m  [0m[7m  [0m[49m  [0m[7m  [0m[7m  [0m[7m  [0m[7m  [0m[7m  [0m[7m  [0m[49m  [0m[7m  [0m[7m  [0m[49m  [0m[49m  [0m[49m  [0m[49m  [0m[7m  [0m[7m  [0m[7m  [0m[7m  [0m
[7m  [0m[7m  [0m[7m  [0m[49m  [0m[49m  [0m[49m  [0m[7m  [0m[7m  [0m[7m  [0m[7m  [0m[7m  [0m[7m  [0m[49m  [0m[49m  [0m[7m  [0m[7m  [0m[49m  [0m[49m  [0m[49m  [0m[7m  [0m[7m  [0m[7m  [0m[49m  [0m[49m  [0m[7m  [0m[49m  [0m[7m  [0m
[7m  [0m[49m  [0m[7m  [0m[7m  [0m[7m  [0m[49m  [0m[49m  [0m[49m  [0m[7m  [0m[49m  [0m[49m  [0m[7m  [0m[49m  [0m[7m  [0m[49m  [0m[49m  [0m[49m  [0m[49m  [0m[7m  [0m[49m  [0m[7m  [0m[7m  [0m[49m  [0m[7m  [0m[7m  [0m[7m  [0m[7m  [0m
[7m  [0m[7m  [0m[49m  [0m[7m  [0m[7m  [0m[49m  [0m[49m  [0m[7m  [0m[49m  [0m[7m  [0m[7m  [0m[49m  [0m[49m  [0m[7m  [0m[7m  [0m[49m  [0m[49m  [0m[49m  [0m[7m  [0m[7m  [0m[7m  [0m[49m  [0m[49m  [0m[7m  [0m[49m  [0m[49m  [0m[7m  [0m
[7m  [0m[7m  [0m[49m  [0m[49m  [0m[7m  [0m[7m  [0m[7m  [0m[49m  [0m[49m  [0m[7m  [0m[49m  [0m[7m  [0m[7m  [0m[49m  [0m[49m  [0m[49m  [0m[7m  [0m[49m  [0m[49m  [0m[7m  [0m[7m  [0m[49m  [0m[7m  [0m[7m  [0m[7m  [0m[49m  [0m[7m  [0m
[7m  [0m[49m  [0m[7m  [0m[7m  [0m[49m  [0m[7m  [0m[7m  [0m[7m  [0m[7m  [0m[7m  [0m[7m  [0m[7m  [0m[7m  [0m[49m  [0m[49m  [0m[7m  [0m[49m  [0m[7m  [0m[7m  [0m[49m  [0m[7m  [0m[7m  [0m[49m  [0m[7m  [0m[49m  [0m[49m  [0m[7m  [0m
[7m  [0m[7m  [0m[7m  [0m[7m  [0m[49m  [0m[49m  [0m[7m  [0m[49m  [0m[49m  [0m[7m  [0m[49m  [0m[49m  [0m[49m  [0m[7m  [0m[49m  [0m[7m  [0m[49m  [0m[49m  [0m[49m  [0m[49m  [0m[49m  [0m[49m  [0m[49m  [0m[49m  [0m[49m  [0m[7m  [0m[7m  [0m
[7m  [0m[7m  [0m[7m  [0m[7m  [0m[7m  [0m[7m  [0m[7m  [0m[7m  [0m[7m  [0m[49m  [0m[49m  [0m[7m  [0m[7m  [0m[49m  [0m[49m  [0m[7m  [0m[49m  [0m[49m  [0m[7m  [0m[7m  [0m[7m  [0m[49m  [0m[49m  [0m[7m  [0m[49m  [0m[49m  [0m[7m  [0m
[7m  [0m[49m  [0m[49m  [0m[49m  [0m[49m  [0m[49m  [0m[49m  [0m[49m  [0m[7m  [0m[7m  [0m[49m  [0m[49m  [0m[49m  [0m[49m  [0m[7m  [0m[7m  [0m[7m  [0m[49m  [0m[7m  [0m[49m  [0m[7m  [0m[49m  [0m[7m  [0m[7m  [0m[7m  [0m[7m  [0m[7m  [0m
[7m  [0m[49m  [0m[7m  [0m[7m  [0m[7m  [0m[7m  [0m[7m  [0m[49m  [0m[7m  [0m[7m  [0m[7m  [0m[7m  [0m[7m  [0m[49m  [0m[7m  [0m[49m  [0m[7m  [0m[49m  [0m[7m  [0m[7m  [0m[7m  [0m[49m  [0m[49m  [0m[49m  [0m[7m  [0m[49m  [0m[7m  [0m
[7m  [0m[49m  [0m[7m  [0m[49m  [0m[49m  [0m[49m  [0m[7m  [0m[49m  [0m[7m  [0m[7m  [0m[7m  [0m[49m  [0m[49m  [0m[49m  [0m[49m  [0m[7m  [0m[7m  [0m[49m  [0m[49m  [0m[49m  [0m[49m  [0m[49m  [0m[49m  [0m[49m  [0m[49m  [0m[49m  [0m[7m  [0m
[7m  [0m[49m  [0m[7m  [0m[49m  [0m[49m  [0m[49m  [0m[7m  [0m[49m  [0m[7m  [0m[49m  [0m[7m  [0m[7m  [0m[7m  [0m[49m  [0m[49m  [0m[7m  [0m[49m  [0m[7m  [0m[7m  [0m[7m  [0m[49m  [0m[49m  [0m[49m  [0m[7m  [0m[7m  [0m[49m  [0m[7m  [0m
[7m  [0m[49m  [0m[7m  [0m[49m  [0m[49m  [0m[49m  [0m[7m  [0m[49m  [0m[7m  [0m[49m  [0m[49m  [0m[7m  [0m[49m  [0m[49m  [0m[49m  [0m[7m  [0m[49m  [0m[7m  [0m[49m  [0m[7m  [0m[7m  [0m[49m  [0m[49m  [0m[7m  [0m[49m  [0m[7m  [0m[7m  [0m
[7m  [0m[49m  [0m[7m  [0m[7m  [0m[7m  [0m[7m  [0m[7m  [0m[49m  [0m[7m  [0m[49m  [0m[49m  [0m[49m  [0m[7m  [0m[7m  [0m[7m  [0m[7m  [0m[7m  [0m[49m  [0m[49m  [0m[49m  [0m[7m  [0m[49m  [0m[7m  [0m[49m  [0m[7m  [0m[49m  [0m[7m  [0m
[7m  [0m[49m  [0m[49m  [0m[49m  [0m[49m  [0m[49m  [0m[49m  [0m[49m  [0m[7m  [0m[49m  [0m[7m  [0m[7m  [0m[7m  [0m[49m  [0m[7m  [0m[49m  [0m[49m  [0m[7m  [0m[49m  [0m[7m  [0m[49m  [0m[49m  [0m[7m  [0m[49m  [0m[7m  [0m[49m  [0m[7m  [0m
[7m  [0m[7m  [0m[7m  [0m[7m  [0m[7m  [0m[7m  [0m[7m  [0m[7m  [0m[7m  [0m[7m  [0m[7m  [0m[7m  [0m[7m  [0m[7m  [0m[7m  [0m[7m  [0m[7m  [0m[7m  [0m[7m  [0m[7m  [0m[7m  [0m[7m  [0m[7m  [0m[7m  [0m[7m  [0m[7m  [0m[7m  [0m

cbbc73011d598a.lhr.life tunneled with tls termination, https://cbbc73011d598a.lhr.life
create an account and add your key for a longer lasting domain name. see https://localhost.run/docs/forever-free/ for more information.
Open your tunnel address on your mobile with this QR:

[7m  [0m[7m  [0m[7m  [0m[7m  [0m[7m  [0m[7m  [0m[7m  [0m[7m  [0m[7m  [0m[7m  [0m[7m  [0m[7m  [0m[7m  [0m[7m  [0m[7m  [0m[7m  [0m[7m  [0m[7m  [0m[7m  [0m[7m  [0m[7m  [0m[7m  [0m[7m  [0m[7m  [0m[7m  [0m[7m  [0m[7m  [0m
[7m  [0m[49m  [0m[49m  [0m[49m  [0m[49m  [0m[49m  [0m[49m  [0m[49m  [0m[7m  [0m[49m  [0m[7m  [0m[7m  [0m[7m  [0m[7m  [0m[7m  [0m[7m  [0m[7m  [0m[7m  [0m[7m  [0m[49m  [0m[49m  [0m[49m  [0m[49m  [0m[49m  [0m[49m  [0m[49m  [0m[7m  [0m
[7m  [0m[49m  [0m[7m  [0m[7m  [0m[7m  [0m[7m  [0m[7m  [0m[49m  [0m[7m  [0m[49m  [0m[7m  [0m[7m  [0m[49m  [0m[49m  [0m[49m  [0m[49m  [0m[7m  [0m[49m  [0m[7m  [0m[49m  [0m[7m  [0m[7m  [0m[7m  [0m[7m  [0m[7m  [0m[49m  [0m[7m  [0m
[7m  [0m[49m  [0m[7m  [0m[49m  [0m[49m  [0m[49m  [0m[7m  [0m[49m  [0m[7m  [0m[49m  [0m[49m  [0m[7m  [0m[7m  [0m[49m  [0m[49m  [0m[7m  [0m[7m  [0m[49m  [0m[7m  [0m[49m  [0m[7m  [0m[49m  [0m[49m  [0m[49m  [0m[7m  [0m[49m  [0m[7m  [0m
[7m  [0m[49m  [0m[7m  [0m[49m  [0m[49m  [0m[49m  [0m[7m  [0m[49m  [0m[7m  [0m[49m  [0m[49m  [0m[49m  [0m[7m  [0m[49m  [0m[49m  [0m[49m  [0m[7m  [0m[7m  [0m[7m  [0m[49m  [0m[7m  [0m[49m  [0m[49m  [0m[49m  [0m[7m  [0m[49m  [0m[7m  [0m
[7m  [0m[49m  [0m[7m  [0m[49m  [0m[49m  [0m[49m  [0m[7m  [0m[49m  [0m[7m  [0m[7m  [0m[49m  [0m[49m  [0m[7m  [0m[49m  [0m[7m  [0m[49m  [0m[49m  [0m[7m  [0m[7m  [0m[49m  [0m[7m  [0m[49m  [0m[49m  [0m[49m  [0m[7m  [0m[49m  [0m[7m  [0m
[7m  [0m[49m  [0m[7m  [0m[7m  [0m[7m  [0m[7m  [0m[7m  [0m[49m  [0m[7m  [0m[49m  [0m[49m  [0m[49m  [0m[7m  [0m[7m  [0m[7m  [0m[7m  [0m[49m  [0m[49m  [0m[7m  [0m[49m  [0m[7m  [0m[7m  [0m[7m  [0m[7m  [0m[7m  [0m[49m  [0m[7m  [0m
[7m  [0m[49m  [0m[49m  [0m[49m  [0m[49m  [0m[49m  [0m[49m  [0m[49m  [0m[7m  [0m[49m  [0m[7m  [0m[49m  [0m[7m  [0m[49m  [0m[7m  [0m[49m  [0m[7m  [0m[49m  [0m[7m  [0m[49m  [0m[49m  [0m[49m  [0m[49m  [0m[49m  [0m[49m  [0m[49m  [0m[7m  [0m
[7m  [0m[7m  [0m[7m  [0m[7m  [0m[7m  [0m[7m  [0m[7m  [0m[7m  [0m[7m  [0m[7m  [0m[7m  [0m[49m  [0m[49m  [0m[7m  [0m[49m  [0m[7m  [0m[7m  [0m[49m  [0m[7m  [0m[7m  [0m[7m  [0m[7m  [0m[7m  [0m[7m  [0m[7m  [0m[7m  [0m[7m  [0m
[7m  [0m[49m  [0m[49m  [0m[7m  [0m[7m  [0m[49m  [0m[49m  [0m[49m  [0m[7m  [0m[7m  [0m[7m  [0m[49m  [0m[7m  [0m[49m  [0m[7m  [0m[7m  [0m[49m  [0m[49m  [0m[7m  [0m[7m  [0m[49m  [0m[7m  [0m[49m  [0m[49m  [0m[49m  [0m[49m  [0m[7m  [0m
[7m  [0m[49m  [0m[7m  [0m[49m  [0m[49m  [0m[49m  [0m[49m  [0m[7m  [0m[7m  [0m[49m  [0m[7m  [0m[7m  [0m[7m  [0m[7m  [0m[7m  [0m[49m  [0m[49m  [0m[7m  [0m[49m  [0m[7m  [0m[7m  [0m[7m  [0m[49m  [0m[7m  [0m[7m  [0m[7m  [0m[7m  [0m
[7m  [0m[49m  [0m[7m  [0m[7m  [0m[49m  [0m[49m  [0m[7m  [0m[49m  [0m[7m  [0m[7m  [0m[49m  [0m[49m  [0m[7m  [0m[7m  [0m[7m  [0m[49m  [0m[7m  [0m[49m  [0m[49m  [0m[49m  [0m[7m  [0m[7m  [0m[7m  [0m[49m  [0m[7m  [0m[7m  [0m[7m  [0m
[7m  [0m[49m  [0m[49m  [0m[49m  [0m[49m  [0m[7m  [0m[49m  [0m[7m  [0m[7m  [0m[7m  [0m[49m  [0m[7m  [0m[7m  [0m[49m  [0m[49m  [0m[7m  [0m[49m  [0m[7m  [0m[49m  [0m[7m  [0m[49m  [0m[7m  [0m[7m  [0m[49m  [0m[49m  [0m[49m  [0m[7m  [0m
[7m  [0m[7m  [0m[49m  [0m[7m  [0m[7m  [0m[7m  [0m[7m  [0m[49m  [0m[49m  [0m[7m  [0m[7m  [0m[7m  [0m[49m  [0m[7m  [0m[7m  [0m[7m  [0m[49m  [0m[49m  [0m[7m  [0m[49m  [0m[49m  [0m[7m  [0m[7m  [0m[7m  [0m[7m  [0m[7m  [0m[7m  [0m
[7m  [0m[49m  [0m[7m  [0m[49m  [0m[49m  [0m[7m  [0m[49m  [0m[7m  [0m[7m  [0m[7m  [0m[49m  [0m[49m  [0m[7m  [0m[49m  [0m[49m  [0m[49m  [0m[7m  [0m[49m  [0m[7m  [0m[49m  [0m[7m  [0m[49m  [0m[49m  [0m[7m  [0m[7m  [0m[7m  [0m[7m  [0m
[7m  [0m[7m  [0m[7m  [0m[49m  [0m[49m  [0m[7m  [0m[49m  [0m[49m  [0m[49m  [0m[49m  [0m[49m  [0m[7m  [0m[49m  [0m[49m  [0m[7m  [0m[49m  [0m[49m  [0m[49m  [0m[49m  [0m[7m  [0m[49m  [0m[49m  [0m[49m  [0m[7m  [0m[49m  [0m[49m  [0m[7m  [0m
[7m  [0m[7m  [0m[7m  [0m[49m  [0m[49m  [0m[49m  [0m[49m  [0m[7m  [0m[49m  [0m[49m  [0m[49m  [0m[7m  [0m[49m  [0m[7m  [0m[49m  [0m[7m  [0m[49m  [0m[7m  [0m[49m  [0m[7m  [0m[49m  [0m[49m  [0m[49m  [0m[49m  [0m[7m  [0m[7m  [0m[7m  [0m
[7m  [0m[49m  [0m[49m  [0m[7m  [0m[7m  [0m[7m  [0m[7m  [0m[49m  [0m[49m  [0m[49m  [0m[49m  [0m[7m  [0m[7m  [0m[49m  [0m[7m  [0m[7m  [0m[7m  [0m[49m  [0m[49m  [0m[49m  [0m[49m  [0m[49m  [0m[49m  [0m[49m  [0m[7m  [0m[49m  [0m[7m  [0m
[7m  [0m[7m  [0m[7m  [0m[7m  [0m[7m  [0m[7m  [0m[7m  [0m[7m  [0m[7m  [0m[49m  [0m[49m  [0m[49m  [0m[7m  [0m[7m  [0m[49m  [0m[49m  [0m[49m  [0m[49m  [0m[7m  [0m[7m  [0m[7m  [0m[49m  [0m[49m  [0m[49m  [0m[49m  [0m[7m  [0m[7m  [0m
[7m  [0m[49m  [0m[49m  [0m[49m  [0m[49m  [0m[49m  [0m[49m  [0m[49m  [0m[7m  [0m[7m  [0m[49m  [0m[49m  [0m[7m  [0m[7m  [0m[7m  [0m[7m  [0m[49m  [0m[49m  [0m[7m  [0m[49m  [0m[7m  [0m[49m  [0m[7m  [0m[49m  [0m[49m  [0m[49m  [0m[7m  [0m
[7m  [0m[49m  [0m[7m  [0m[7m  [0m[7m  [0m[7m  [0m[7m  [0m[49m  [0m[7m  [0m[49m  [0m[7m  [0m[7m  [0m[7m  [0m[49m  [0m[7m  [0m[7m  [0m[7m  [0m[49m  [0m[7m  [0m[7m  [0m[7m  [0m[49m  [0m[7m  [0m[7m  [0m[7m  [0m[49m  [0m[7m  [0m
[7m  [0m[49m  [0m[7m  [0m[49m  [0m[49m  [0m[49m  [0m[7m  [0m[49m  [0m[7m  [0m[49m  [0m[7m  [0m[49m  [0m[49m  [0m[7m  [0m[49m  [0m[49m  [0m[49m  [0m[49m  [0m[49m  [0m[49m  [0m[49m  [0m[49m  [0m[49m  [0m[7m  [0m[49m  [0m[7m  [0m[7m  [0m
[7m  [0m[49m  [0m[7m  [0m[49m  [0m[49m  [0m[49m  [0m[7m  [0m[49m  [0m[7m  [0m[7m  [0m[49m  [0m[49m  [0m[7m  [0m[49m  [0m[7m  [0m[49m  [0m[49m  [0m[7m  [0m[7m  [0m[7m  [0m[7m  [0m[7m  [0m[7m  [0m[7m  [0m[7m  [0m[49m  [0m[7m  [0m
[7m  [0m[49m  [0m[7m  [0m[49m  [0m[49m  [0m[49m  [0m[7m  [0m[49m  [0m[7m  [0m[7m  [0m[7m  [0m[49m  [0m[49m  [0m[49m  [0m[49m  [0m[49m  [0m[49m  [0m[49m  [0m[49m  [0m[7m  [0m[7m  [0m[7m  [0m[49m  [0m[7m  [0m[49m  [0m[7m  [0m[7m  [0m
[7m  [0m[49m  [0m[7m  [0m[7m  [0m[7m  [0m[7m  [0m[7m  [0m[49m  [0m[7m  [0m[49m  [0m[7m  [0m[7m  [0m[49m  [0m[7m  [0m[49m  [0m[7m  [0m[49m  [0m[7m  [0m[49m  [0m[7m  [0m[49m  [0m[49m  [0m[49m  [0m[49m  [0m[49m  [0m[49m  [0m[7m  [0m
[7m  [0m[49m  [0m[49m  [0m[49m  [0m[49m  [0m[49m  [0m[49m  [0m[49m  [0m[7m  [0m[49m  [0m[49m  [0m[7m  [0m[7m  [0m[49m  [0m[49m  [0m[7m  [0m[7m  [0m[49m  [0m[49m  [0m[7m  [0m[7m  [0m[49m  [0m[7m  [0m[49m  [0m[7m  [0m[49m  [0m[7m  [0m
[7m  [0m[7m  [0m[7m  [0m[7m  [0m[7m  [0m[7m  [0m[7m  [0m[7m  [0m[7m  [0m[7m  [0m[7m  [0m[7m  [0m[7m  [0m[7m  [0m[7m  [0m[7m  [0m[7m  [0m[7m  [0m[7m  [0m[7m  [0m[7m  [0m[7m  [0m[7m  [0m[7m  [0m[7m  [0m[7m  [0m[7m  [0m

b41ebf923e7924.lhr.life tunneled with tls termination, https://b41ebf923e7924.lhr.life
create an account and add your key for a longer lasting domain name. see https://localhost.run/docs/forever-free/ for more information.
Open your tunnel address on your mobile with this QR:

[7m  [0m[7m  [0m[7m  [0m[7m  [0m[7m  [0m[7m  [0m[7m  [0m[7m  [0m[7m  [0m[7m  [0m[7m  [0m[7m  [0m[7m  [0m[7m  [0m[7m  [0m[7m  [0m[7m  [0m[7m  [0m[7m  [0m[7m  [0m[7m  [0m[7m  [0m[7m  [0m[7m  [0m[7m  [0m[7m  [0m[7m  [0m
[7m  [0m[49m  [0m[49m  [0m[49m  [0m[49m  [0m[49m  [0m[49m  [0m[49m  [0m[7m  [0m[7m  [0m[7m  [0m[49m  [0m[7m  [0m[7m  [0m[49m  [0m[7m  [0m[7m  [0m[49m  [0m[7m  [0m[49m  [0m[49m  [0m[49m  [0m[49m  [0m[49m  [0m[49m  [0m[49m  [0m[7m  [0m
[7m  [0m[49m  [0m[7m  [0m[7m  [0m[7m  [0m[7m  [0m[7m  [0m[49m  [0m[7m  [0m[7m  [0m[49m  [0m[7m  [0m[7m  [0m[7m  [0m[49m  [0m[7m  [0m[49m  [0m[49m  [0m[7m  [0m[49m  [0m[7m  [0m[7m  [0m[7m  [0m[7m  [0m[7m  [0m[49m  [0m[7m  [0m
[7m  [0m[49m  [0m[7m  [0m[49m  [0m[49m  [0m[49m  [0m[7m  [0m[49m  [0m[7m  [0m[49m  [0m[7m  [0m[7m  [0m[49m  [0m[7m  [0m[49m  [0m[49m  [0m[49m  [0m[49m  [0m[7m  [0m[49m  [0m[7m  [0m[49m  [0m[49m  [0m[49m  [0m[7m  [0m[49m  [0m[7m  [0m
[7m  [0m[49m  [0m[7m  [0m[49m  [0m[49m  [0m[49m  [0m[7m  [0m[49m  [0m[7m  [0m[7m  [0m[49m  [0m[7m  [0m[7m  [0m[49m  [0m[7m  [0m[49m  [0m[7m  [0m[49m  [0m[7m  [0m[49m  [0m[7m  [0m[49m  [0m[49m  [0m[49m  [0m[7m  [0m[49m  [0m[7m  [0m
[7m  [0m[49m  [0m[7m  [0m[49m  [0m[49m  [0m[49m  [0m[7m  [0m[49m  [0m[7m  [0m[7m  [0m[49m  [0m[7m  [0m[7m  [0m[49m  [0m[49m  [0m[49m  [0m[49m  [0m[49m  [0m[7m  [0m[49m  [0m[7m  [0m[49m  [0m[49m  [0m[49m  [0m[7m  [0m[49m  [0m[7m  [0m
[7m  [0m[49m  [0m[7m  [0m[7m  [0m[7m  [0m[7m  [0m[7m  [0m[49m  [0m[7m  [0m[7m  [0m[7m  [0m[49m  [0m[49m  [0m[49m  [0m[7m  [0m[49m  [0m[7m  [0m[49m  [0m[7m  [0m[49m  [0m[7m  [0m[7m  [0m[7m  [0m[7m  [0m[7m  [0m[49m  [0m[7m  [0m
[7m  [0m[49m  [0m[49m  [0m[49m  [0m[49m  [0m[49m  [0m[49m  [0m[49m  [0m[7m  [0m[49m  [0m[7m  [0m[49m  [0m[7m  [0m[49m  [0m[7m  [0m[49m  [0m[7m  [0m[49m  [0m[7m  [0m[49m  [0m[49m  [0m[49m  [0m[49m  [0m[49m  [0m[49m  [0m[49m  [0m[7m  [0m
[7m  [0m[7m  [0m[7m  [0m[7m  [0m[7m  [0m[7m  [0m[7m  [0m[7m  [0m[7m  [0m[49m  [0m[7m  [0m[7m  [0m[49m  [0m[7m  [0m[7m  [0m[7m  [0m[7m  [0m[7m  [0m[7m  [0m[7m  [0m[7m  [0m[7m  [0m[7m  [0m[7m  [0m[7m  [0m[7m  [0m[7m  [0m
[7m  [0m[49m  [0m[49m  [0m[49m  [0m[7m  [0m[49m  [0m[49m  [0m[49m  [0m[49m  [0m[49m  [0m[7m  [0m[7m  [0m[7m  [0m[49m  [0m[49m  [0m[7m  [0m[49m  [0m[7m  [0m[49m  [0m[49m  [0m[7m  [0m[7m  [0m[7m  [0m[49m  [0m[7m  [0m[7m  [0m[7m  [0m
[7m  [0m[49m  [0m[7m  [0m[7m  [0m[7m  [0m[7m  [0m[49m  [0m[7m  [0m[7m  [0m[7m  [0m[49m  [0m[7m  [0m[49m  [0m[49m  [0m[7m  [0m[7m  [0m[7m  [0m[7m  [0m[7m  [0m[49m  [0m[7m  [0m[49m  [0m[7m  [0m[7m  [0m[49m  [0m[49m  [0m[7m  [0m
[7m  [0m[49m  [0m[49m  [0m[49m  [0m[49m  [0m[49m  [0m[49m  [0m[49m  [0m[7m  [0m[49m  [0m[7m  [0m[49m  [0m[49m  [0m[49m  [0m[7m  [0m[7m  [0m[49m  [0m[7m  [0m[7m  [0m[7m  [0m[49m  [0m[7m  [0m[49m  [0m[49m  [0m[49m  [0m[49m  [0m[7m  [0m
[7m  [0m[7m  [0m[49m  [0m[49m  [0m[7m  [0m[7m  [0m[49m  [0m[7m  [0m[49m  [0m[7m  [0m[49m  [0m[49m  [0m[7m  [0m[49m  [0m[7m  [0m[7m  [0m[7m  [0m[49m  [0m[49m  [0m[7m  [0m[7m  [0m[7m  [0m[7m  [0m[7m  [0m[49m  [0m[49m  [0m[7m  [0m
[7m  [0m[49m  [0m[49m  [0m[7m  [0m[7m  [0m[7m  [0m[49m  [0m[49m  [0m[49m  [0m[7m  [0m[7m  [0m[49m  [0m[49m  [0m[7m  [0m[49m  [0m[7m  [0m[7m  [0m[7m  [0m[49m  [0m[7m  [0m[7m  [0m[7m  [0m[7m  [0m[49m  [0m[7m  [0m[7m  [0m[7m  [0m
[7m  [0m[7m  [0m[49m  [0m[7m  [0m[49m  [0m[7m  [0m[49m  [0m[7m  [0m[49m  [0m[7m  [0m[7m  [0m[49m  [0m[49m  [0m[7m  [0m[49m  [0m[7m  [0m[49m  [0m[7m  [0m[49m  [0m[7m  [0m[7m  [0m[7m  [0m[7m  [0m[7m  [0m[49m  [0m[49m  [0m[7m  [0m
[7m  [0m[49m  [0m[7m  [0m[49m  [0m[7m  [0m[49m  [0m[7m  [0m[49m  [0m[49m  [0m[7m  [0m[49m  [0m[49m  [0m[7m  [0m[7m  [0m[7m  [0m[7m  [0m[7m  [0m[49m  [0m[7m  [0m[7m  [0m[49m  [0m[7m  [0m[7m  [0m[7m  [0m[7m  [0m[7m  [0m[7m  [0m
[7m  [0m[7m  [0m[49m  [0m[7m  [0m[7m  [0m[49m  [0m[49m  [0m[7m  [0m[7m  [0m[49m  [0m[7m  [0m[49m  [0m[49m  [0m[7m  [0m[7m  [0m[7m  [0m[49m  [0m[7m  [0m[7m  [0m[49m  [0m[7m  [0m[7m  [0m[49m  [0m[7m  [0m[7m  [0m[7m  [0m[7m  [0m
[7m  [0m[49m  [0m[7m  [0m[49m  [0m[7m  [0m[7m  [0m[7m  [0m[49m  [0m[7m  [0m[7m  [0m[7m  [0m[7m  [0m[7m  [0m[49m  [0m[49m  [0m[7m  [0m[49m  [0m[49m  [0m[49m  [0m[49m  [0m[49m  [0m[49m  [0m[49m  [0m[7m  [0m[7m  [0m[49m  [0m[7m  [0m
[7m  [0m[7m  [0m[7m  [0m[7m  [0m[7m  [0m[7m  [0m[7m  [0m[7m  [0m[7m  [0m[49m  [0m[7m  [0m[7m  [0m[49m  [0m[49m  [0m[49m  [0m[7m  [0m[49m  [0m[49m  [0m[7m  [0m[7m  [0m[7m  [0m[49m  [0m[7m  [0m[49m  [0m[7m  [0m[49m  [0m[7m  [0m
[7m  [0m[49m  [0m[49m  [0m[49m  [0m[49m  [0m[49m  [0m[49m  [0m[49m  [0m[7m  [0m[49m  [0m[7m  [0m[49m  [0m[49m  [0m[49m  [0m[7m  [0m[49m  [0m[7m  [0m[49m  [0m[7m  [0m[49m  [0m[7m  [0m[49m  [0m[49m  [0m[49m  [0m[7m  [0m[7m  [0m[7m  [0m
[7m  [0m[49m  [0m[7m  [0m[7m  [0m[7m  [0m[7m  [0m[7m  [0m[49m  [0m[7m  [0m[49m  [0m[49m  [0m[7m  [0m[7m  [0m[49m  [0m[49m  [0m[7m  [0m[49m  [0m[49m  [0m[7m  [0m[7m  [0m[7m  [0m[49m  [0m[7m  [0m[49m  [0m[7m  [0m[49m  [0m[7m  [0m
[7m  [0m[49m  [0m[7m  [0m[49m  [0m[49m  [0m[49m  [0m[7m  [0m[49m  [0m[7m  [0m[49m  [0m[49m  [0m[7m  [0m[49m  [0m[7m  [0m[7m  [0m[49m  [0m[49m  [0m[49m  [0m[49m  [0m[49m  [0m[49m  [0m[49m  [0m[49m  [0m[49m  [0m[49m  [0m[7m  [0m[7m  [0m
[7m  [0m[49m  [0m[7m  [0m[49m  [0m[49m  [0m[49m  [0m[7m  [0m[49m  [0m[7m  [0m[7m  [0m[49m  [0m[7m  [0m[49m  [0m[7m  [0m[7m  [0m[7m  [0m[49m  [0m[49m  [0m[49m  [0m[49m  [0m[49m  [0m[7m  [0m[49m  [0m[7m  [0m[49m  [0m[7m  [0m[7m  [0m
[7m  [0m[49m  [0m[7m  [0m[49m  [0m[49m  [0m[49m  [0m[7m  [0m[49m  [0m[7m  [0m[49m  [0m[49m  [0m[49m  [0m[7m  [0m[7m  [0m[49m  [0m[7m  [0m[7m  [0m[49m  [0m[7m  [0m[49m  [0m[7m  [0m[49m  [0m[49m  [0m[49m  [0m[7m  [0m[49m  [0m[7m  [0m
[7m  [0m[49m  [0m[7m  [0m[7m  [0m[7m  [0m[7m  [0m[7m  [0m[49m  [0m[7m  [0m[49m  [0m[49m  [0m[49m  [0m[49m  [0m[7m  [0m[7m  [0m[7m  [0m[7m  [0m[7m  [0m[49m  [0m[49m  [0m[7m  [0m[49m  [0m[7m  [0m[49m  [0m[49m  [0m[49m  [0m[7m  [0m
[7m  [0m[49m  [0m[49m  [0m[49m  [0m[49m  [0m[49m  [0m[49m  [0m[49m  [0m[7m  [0m[49m  [0m[49m  [0m[49m  [0m[7m  [0m[49m  [0m[7m  [0m[7m  [0m[49m  [0m[49m  [0m[49m  [0m[49m  [0m[7m  [0m[49m  [0m[49m  [0m[7m  [0m[7m  [0m[49m  [0m[7m  [0m
[7m  [0m[7m  [0m[7m  [0m[7m  [0m[7m  [0m[7m  [0m[7m  [0m[7m  [0m[7m  [0m[7m  [0m[7m  [0m[7m  [0m[7m  [0m[7m  [0m[7m  [0m[7m  [0m[7m  [0m[7m  [0m[7m  [0m[7m  [0m[7m  [0m[7m  [0m[7m  [0m[7m  [0m[7m  [0m[7m  [0m[7m  [0m

07c5fa041a8e20.lhr.life tunneled with tls termination, https://07c5fa041a8e20.lhr.life
create an account and add your key for a longer lasting domain name. see https://localhost.run/docs/forever-free/ for more information.
Open your tunnel address on your mobile with this QR:

[7m  [0m[7m  [0m[7m  [0m[7m  [0m[7m  [0m[7m  [0m[7m  [0m[7m  [0m[7m  [0m[7m  [0m[7m  [0m[7m  [0m[7m  [0m[7m  [0m[7m  [0m[7m  [0m[7m  [0m[7m  [0m[7m  [0m[7m  [0m[7m  [0m[7m  [0m[7m  [0m[7m  [0m[7m  [0m[7m  [0m[7m  [0m
[7m  [0m[49m  [0m[49m  [0m[49m  [0m[49m  [0m[49m  [0m[49m  [0m[49m  [0m[7m  [0m[49m  [0m[49m  [0m[7m  [0m[7m  [0m[7m  [0m[49m  [0m[49m  [0m[49m  [0m[7m  [0m[7m  [0m[49m  [0m[49m  [0m[49m  [0m[49m  [0m[49m  [0m[49m  [0m[49m  [0m[7m  [0m
[7m  [0m[49m  [0m[7m  [0m[7m  [0m[7m  [0m[7m  [0m[7m  [0m[49m  [0m[7m  [0m[7m  [0m[7m  [0m[7m  [0m[7m  [0m[7m  [0m[7m  [0m[49m  [0m[7m  [0m[49m  [0m[7m  [0m[49m  [0m[7m  [0m[7m  [0m[7m  [0m[7m  [0m[7m  [0m[49m  [0m[7m  [0m
[7m  [0m[49m  [0m[7m  [0m[49m  [0m[49m  [0m[49m  [0m[7m  [0m[49m  [0m[7m  [0m[49m  [0m[7m  [0m[7m  [0m[49m  [0m[49m  [0m[7m  [0m[7m  [0m[49m  [0m[49m  [0m[7m  [0m[49m  [0m[7m  [0m[49m  [0m[49m  [0m[49m  [0m[7m  [0m[49m  [0m[7m  [0m
[7m  [0m[49m  [0m[7m  [0m[49m  [0m[49m  [0m[49m  [0m[7m  [0m[49m  [0m[7m  [0m[49m  [0m[49m  [0m[7m  [0m[49m  [0m[7m  [0m[49m  [0m[49m  [0m[7m  [0m[49m  [0m[7m  [0m[49m  [0m[7m  [0m[49m  [0m[49m  [0m[49m  [0m[7m  [0m[49m  [0m[7m  [0m
[7m  [0m[49m  [0m[7m  [0m[49m  [0m[49m  [0m[49m  [0m[7m  [0m[49m  [0m[7m  [0m[49m  [0m[49m  [0m[49m  [0m[49m  [0m[7m  [0m[49m  [0m[49m  [0m[49m  [0m[7m  [0m[7m  [0m[49m  [0m[7m  [0m[49m  [0m[49m  [0m[49m  [0m[7m  [0m[49m  [0m[7m  [0m
[7m  [0m[49m  [0m[7m  [0m[7m  [0m[7m  [0m[7m  [0m[7m  [0m[49m  [0m[7m  [0m[7m  [0m[49m  [0m[7m  [0m[7m  [0m[49m  [0m[7m  [0m[49m  [0m[49m  [0m[7m  [0m[7m  [0m[49m  [0m[7m  [0m[7m  [0m[7m  [0m[7m  [0m[7m  [0m[49m  [0m[7m  [0m
[7m  [0m[49m  [0m[49m  [0m[49m  [0m[49m  [0m[49m  [0m[49m  [0m[49m  [0m[7m  [0m[49m  [0m[7m  [0m[49m  [0m[7m  [0m[49m  [0m[7m  [0m[49m  [0m[7m  [0m[49m  [0m[7m  [0m[49m  [0m[49m  [0m[49m  [0m[49m  [0m[49m  [0m[49m  [0m[49m  [0m[7m  [0m
[7m  [0m[7m  [0m[7m  [0m[7m  [0m[7m  [0m[7m  [0m[7m  [0m[7m  [0m[7m  [0m[7m  [0m[49m  [0m[7m  [0m[49m  [0m[7m  [0m[49m  [0m[49m  [0m[49m  [0m[7m  [0m[7m  [0m[7m  [0m[7m  [0m[7m  [0m[7m  [0m[7m  [0m[7m  [0m[7m  [0m[7m  [0m
[7m  [0m[49m  [0m[49m  [0m[49m  [0m[49m  [0m[7m  [0m[7m  [0m[49m  [0m[7m  [0m[49m  [0m[7m  [0m[7m  [0m[7m  [0m[7m  [0m[7m  [0m[49m  [0m[49m  [0m[7m  [0m[49m  [0m[7m  [0m[7m  [0m[49m  [0m[49m  [0m[49m  [0m[7m  [0m[49m  [0m[7m  [0m
[7m  [0m[49m  [0m[49m  [0m[7m  [0m[49m  [0m[49m  [0m[7m  [0m[7m  [0m[49m  [0m[49m  [0m[49m  [0m[7m  [0m[7m  [0m[7m  [0m[49m  [0m[7m  [0m[7m  [0m[7m  [0m[49m  [0m[7m  [0m[7m  [0m[49m  [0m[7m  [0m[7m  [0m[7m  [0m[7m  [0m[7m  [0m
[7m  [0m[49m  [0m[49m  [0m[7m  [0m[7m  [0m[49m  [0m[7m  [0m[49m  [0m[7m  [0m[7m  [0m[7m  [0m[7m  [0m[7m  [0m[7m  [0m[7m  [0m[7m  [0m[49m  [0m[7m  [0m[7m  [0m[7m  [0m[7m  [0m[7m  [0m[49m  [0m[7m  [0m[7m  [0m[7m  [0m[7m  [0m
[7m  [0m[7m  [0m[49m  [0m[7m  [0m[7m  [0m[7m  [0m[49m  [0m[7m  [0m[49m  [0m[7m  [0m[7m  [0m[7m  [0m[49m  [0m[49m  [0m[7m  [0m[7m  [0m[49m  [0m[7m  [0m[7m  [0m[7m  [0m[49m  [0m[49m  [0m[49m  [0m[49m  [0m[7m  [0m[49m  [0m[7m  [0m
[7m  [0m[49m  [0m[49m  [0m[49m  [0m[7m  [0m[49m  [0m[49m  [0m[49m  [0m[7m  [0m[49m  [0m[49m  [0m[7m  [0m[49m  [0m[7m  [0m[49m  [0m[49m  [0m[49m  [0m[49m  [0m[7m  [0m[49m  [0m[7m  [0m[49m  [0m[49m  [0m[7m  [0m[7m  [0m[7m  [0m[7m  [0m
[7m  [0m[7m  [0m[7m  [0m[49m  [0m[49m  [0m[49m  [0m[7m  [0m[7m  [0m[7m  [0m[7m  [0m[7m  [0m[49m  [0m[49m  [0m[7m  [0m[7m  [0m[49m  [0m[7m  [0m[7m  [0m[49m  [0m[7m  [0m[7m  [0m[49m  [0m[49m  [0m[7m  [0m[49m  [0m[49m  [0m[7m  [0m
[7m  [0m[7m  [0m[49m  [0m[7m  [0m[7m  [0m[7m  [0m[7m  [0m[49m  [0m[49m  [0m[49m  [0m[7m  [0m[49m  [0m[7m  [0m[49m  [0m[49m  [0m[49m  [0m[7m  [0m[49m  [0m[7m  [0m[7m  [0m[49m  [0m[7m  [0m[7m  [0m[7m  [0m[7m  [0m[49m  [0m[7m  [0m
[7m  [0m[49m  [0m[7m  [0m[7m  [0m[7m  [0m[49m  [0m[7m  [0m[7m  [0m[49m  [0m[7m  [0m[49m  [0m[7m  [0m[7m  [0m[49m  [0m[49m  [0m[7m  [0m[49m  [0m[49m  [0m[7m  [0m[7m  [0m[49m  [0m[7m  [0m[49m  [0m[7m  [0m[49m  [0m[49m  [0m[7m  [0m
[7m  [0m[7m  [0m[7m  [0m[49m  [0m[49m  [0m[49m  [0m[7m  [0m[49m  [0m[7m  [0m[49m  [0m[7m  [0m[49m  [0m[49m  [0m[7m  [0m[49m  [0m[7m  [0m[49m  [0m[49m  [0m[49m  [0m[49m  [0m[49m  [0m[49m  [0m[49m  [0m[49m  [0m[49m  [0m[7m  [0m[7m  [0m
[7m  [0m[7m  [0m[7m  [0m[7m  [0m[7m  [0m[7m  [0m[7m  [0m[7m  [0m[7m  [0m[49m  [0m[7m  [0m[49m  [0m[7m  [0m[49m  [0m[49m  [0m[7m  [0m[7m  [0m[49m  [0m[7m  [0m[7m  [0m[7m  [0m[49m  [0m[49m  [0m[7m  [0m[49m  [0m[49m  [0m[7m  [0m
[7m  [0m[49m  [0m[49m  [0m[49m  [0m[49m  [0m[49m  [0m[49m  [0m[49m  [0m[7m  [0m[7m  [0m[49m  [0m[49m  [0m[49m  [0m[49m  [0m[7m  [0m[7m  [0m[7m  [0m[49m  [0m[7m  [0m[49m  [0m[7m  [0m[49m  [0m[7m  [0m[7m  [0m[7m  [0m[7m  [0m[7m  [0m
[7m  [0m[49m  [0m[7m  [0m[7m  [0m[7m  [0m[7m  [0m[7m  [0m[49m  [0m[7m  [0m[7m  [0m[49m  [0m[49m  [0m[7m  [0m[49m  [0m[7m  [0m[49m  [0m[49m  [0m[49m  [0m[7m  [0m[7m  [0m[7m  [0m[49m  [0m[49m  [0m[49m  [0m[7m  [0m[49m  [0m[7m  [0m
[7m  [0m[49m  [0m[7m  [0m[49m  [0m[49m  [0m[49m  [0m[7m  [0m[49m  [0m[7m  [0m[7m  [0m[49m  [0m[7m  [0m[49m  [0m[49m  [0m[49m  [0m[7m  [0m[49m  [0m[49m  [0m[49m  [0m[49m  [0m[49m  [0m[49m  [0m[49m  [0m[49m  [0m[49m  [0m[49m  [0m[7m  [0m
[7m  [0m[49m  [0m[7m  [0m[49m  [0m[49m  [0m[49m  [0m[7m  [0m[49m  [0m[7m  [0m[49m  [0m[49m  [0m[49m  [0m[7m  [0m[49m  [0m[49m  [0m[7m  [0m[49m  [0m[49m  [0m[7m  [0m[49m  [0m[7m  [0m[7m  [0m[49m  [0m[7m  [0m[7m  [0m[49m  [0m[7m  [0m
[7m  [0m[49m  [0m[7m  [0m[49m  [0m[49m  [0m[49m  [0m[7m  [0m[49m  [0m[7m  [0m[49m  [0m[7m  [0m[49m  [0m[49m  [0m[49m  [0m[49m  [0m[7m  [0m[7m  [0m[7m  [0m[49m  [0m[7m  [0m[49m  [0m[49m  [0m[7m  [0m[7m  [0m[49m  [0m[7m  [0m[7m  [0m
[7m  [0m[49m  [0m[7m  [0m[7m  [0m[7m  [0m[7m  [0m[7m  [0m[49m  [0m[7m  [0m[49m  [0m[7m  [0m[7m  [0m[7m  [0m[7m  [0m[7m  [0m[7m  [0m[49m  [0m[7m  [0m[7m  [0m[7m  [0m[7m  [0m[49m  [0m[7m  [0m[49m  [0m[7m  [0m[49m  [0m[7m  [0m
[7m  [0m[49m  [0m[49m  [0m[49m  [0m[49m  [0m[49m  [0m[49m  [0m[49m  [0m[7m  [0m[49m  [0m[49m  [0m[49m  [0m[7m  [0m[49m  [0m[7m  [0m[49m  [0m[7m  [0m[7m  [0m[49m  [0m[7m  [0m[49m  [0m[7m  [0m[49m  [0m[7m  [0m[7m  [0m[49m  [0m[7m  [0m
[7m  [0m[7m  [0m[7m  [0m[7m  [0m[7m  [0m[7m  [0m[7m  [0m[7m  [0m[7m  [0m[7m  [0m[7m  [0m[7m  [0m[7m  [0m[7m  [0m[7m  [0m[7m  [0m[7m  [0m[7m  [0m[7m  [0m[7m  [0m[7m  [0m[7m  [0m[7m  [0m[7m  [0m[7m  [0m[7m  [0m[7m  [0m

4a343041b67b2b.lhr.life tunneled with tls termination, https://4a343041b67b2b.lhr.life
create an account and add your key for a longer lasting domain name. see https://localhost.run/docs/forever-free/ for more information.
Open your tunnel address on your mobile with this QR:

[7m  [0m[7m  [0m[7m  [0m[7m  [0m[7m  [0m[7m  [0m[7m  [0m[7m  [0m[7m  [0m[7m  [0m[7m  [0m[7m  [0m[7m  [0m[7m  [0m[7m  [0m[7m  [0m[7m  [0m[7m  [0m[7m  [0m[7m  [0m[7m  [0m[7m  [0m[7m  [0m[7m  [0m[7m  [0m[7m  [0m[7m  [0m
[7m  [0m[49m  [0m[49m  [0m[49m  [0m[49m  [0m[49m  [0m[49m  [0m[49m  [0m[7m  [0m[7m  [0m[7m  [0m[49m  [0m[7m  [0m[7m  [0m[49m  [0m[7m  [0m[7m  [0m[49m  [0m[7m  [0m[49m  [0m[49m  [0m[49m  [0m[49m  [0m[49m  [0m[49m  [0m[49m  [0m[7m  [0m
[7m  [0m[49m  [0m[7m  [0m[7m  [0m[7m  [0m[7m  [0m[7m  [0m[49m  [0m[7m  [0m[49m  [0m[49m  [0m[49m  [0m[7m  [0m[7m  [0m[7m  [0m[7m  [0m[49m  [0m[7m  [0m[7m  [0m[49m  [0m[7m  [0m[7m  [0m[7m  [0m[7m  [0m[7m  [0m[49m  [0m[7m  [0m
[7m  [0m[49m  [0m[7m  [0m[49m  [0m[49m  [0m[49m  [0m[7m  [0m[49m  [0m[7m  [0m[49m  [0m[7m  [0m[7m  [0m[7m  [0m[7m  [0m[49m  [0m[7m  [0m[49m  [0m[49m  [0m[7m  [0m[49m  [0m[7m  [0m[49m  [0m[49m  [0m[49m  [0m[7m  [0m[49m  [0m[7m  [0m
[7m  [0m[49m  [0m[7m  [0m[49m  [0m[49m  [0m[49m  [0m[7m  [0m[49m  [0m[7m  [0m[7m  [0m[49m  [0m[7m  [0m[7m  [0m[49m  [0m[7m  [0m[49m  [0m[7m  [0m[49m  [0m[7m  [0m[49m  [0m[7m  [0m[49m  [0m[49m  [0m[49m  [0m[7m  [0m[49m  [0m[7m  [0m
[7m  [0m[49m  [0m[7m  [0m[49m  [0m[49m  [0m[49m  [0m[7m  [0m[49m  [0m[7m  [0m[49m  [0m[49m  [0m[49m  [0m[7m  [0m[49m  [0m[7m  [0m[49m  [0m[49m  [0m[7m  [0m[7m  [0m[49m  [0m[7m  [0m[49m  [0m[49m  [0m[49m  [0m[7m  [0m[49m  [0m[7m  [0m
[7m  [0m[49m  [0m[7m  [0m[7m  [0m[7m  [0m[7m  [0m[7m  [0m[49m  [0m[7m  [0m[49m  [0m[7m  [0m[49m  [0m[7m  [0m[49m  [0m[7m  [0m[7m  [0m[7m  [0m[49m  [0m[7m  [0m[49m  [0m[7m  [0m[7m  [0m[7m  [0m[7m  [0m[7m  [0m[49m  [0m[7m  [0m
[7m  [0m[49m  [0m[49m  [0m[49m  [0m[49m  [0m[49m  [0m[49m  [0m[49m  [0m[7m  [0m[49m  [0m[7m  [0m[49m  [0m[7m  [0m[49m  [0m[7m  [0m[49m  [0m[7m  [0m[49m  [0m[7m  [0m[49m  [0m[49m  [0m[49m  [0m[49m  [0m[49m  [0m[49m  [0m[49m  [0m[7m  [0m
[7m  [0m[7m  [0m[7m  [0m[7m  [0m[7m  [0m[7m  [0m[7m  [0m[7m  [0m[7m  [0m[49m  [0m[7m  [0m[49m  [0m[49m  [0m[7m  [0m[49m  [0m[7m  [0m[7m  [0m[49m  [0m[7m  [0m[7m  [0m[7m  [0m[7m  [0m[7m  [0m[7m  [0m[7m  [0m[7m  [0m[7m  [0m
[7m  [0m[49m  [0m[49m  [0m[7m  [0m[49m  [0m[7m  [0m[7m  [0m[49m  [0m[49m  [0m[7m  [0m[7m  [0m[7m  [0m[49m  [0m[49m  [0m[49m  [0m[49m  [0m[49m  [0m[7m  [0m[7m  [0m[49m  [0m[49m  [0m[49m  [0m[7m  [0m[49m  [0m[49m  [0m[7m  [0m[7m  [0m
[7m  [0m[49m  [0m[7m  [0m[49m  [0m[7m  [0m[7m  [0m[7m  [0m[7m  [0m[7m  [0m[49m  [0m[49m  [0m[7m  [0m[49m  [0m[49m  [0m[7m  [0m[7m  [0m[7m  [0m[49m  [0m[7m  [0m[7m  [0m[49m  [0m[7m  [0m[7m  [0m[7m  [0m[49m  [0m[49m  [0m[7m  [0m
[7m  [0m[7m  [0m[49m  [0m[7m  [0m[49m  [0m[49m  [0m[49m  [0m[49m  [0m[7m  [0m[49m  [0m[7m  [0m[7m  [0m[49m  [0m[49m  [0m[49m  [0m[7m  [0m[7m  [0m[49m  [0m[49m  [0m[7m  [0m[49m  [0m[7m  [0m[49m  [0m[7m  [0m[49m  [0m[49m  [0m[7m  [0m
[7m  [0m[7m  [0m[7m  [0m[49m  [0m[49m  [0m[7m  [0m[7m  [0m[7m  [0m[7m  [0m[7m  [0m[49m  [0m[49m  [0m[49m  [0m[49m  [0m[7m  [0m[49m  [0m[49m  [0m[7m  [0m[7m  [0m[7m  [0m[49m  [0m[49m  [0m[7m  [0m[7m  [0m[7m  [0m[49m  [0m[7m  [0m
[7m  [0m[7m  [0m[49m  [0m[49m  [0m[49m  [0m[7m  [0m[49m  [0m[49m  [0m[7m  [0m[7m  [0m[7m  [0m[49m  [0m[49m  [0m[7m  [0m[49m  [0m[7m  [0m[49m  [0m[7m  [0m[49m  [0m[49m  [0m[7m  [0m[7m  [0m[7m  [0m[49m  [0m[7m  [0m[7m  [0m[7m  [0m
[7m  [0m[7m  [0m[49m  [0m[7m  [0m[49m  [0m[49m  [0m[49m  [0m[7m  [0m[49m  [0m[7m  [0m[7m  [0m[7m  [0m[49m  [0m[7m  [0m[7m  [0m[7m  [0m[49m  [0m[49m  [0m[7m  [0m[7m  [0m[49m  [0m[7m  [0m[7m  [0m[49m  [0m[49m  [0m[49m  [0m[7m  [0m
[7m  [0m[49m  [0m[7m  [0m[7m  [0m[7m  [0m[49m  [0m[7m  [0m[49m  [0m[7m  [0m[7m  [0m[7m  [0m[49m  [0m[49m  [0m[7m  [0m[7m  [0m[49m  [0m[7m  [0m[49m  [0m[49m  [0m[7m  [0m[49m  [0m[7m  [0m[7m  [0m[7m  [0m[49m  [0m[7m  [0m[7m  [0m
[7m  [0m[7m  [0m[49m  [0m[49m  [0m[49m  [0m[49m  [0m[49m  [0m[7m  [0m[49m  [0m[7m  [0m[7m  [0m[7m  [0m[49m  [0m[7m  [0m[7m  [0m[7m  [0m[49m  [0m[49m  [0m[49m  [0m[49m  [0m[49m  [0m[7m  [0m[49m  [0m[7m  [0m[7m  [0m[7m  [0m[7m  [0m
[7m  [0m[49m  [0m[49m  [0m[7m  [0m[49m  [0m[7m  [0m[49m  [0m[49m  [0m[7m  [0m[49m  [0m[49m  [0m[49m  [0m[7m  [0m[49m  [0m[7m  [0m[7m  [0m[49m  [0m[49m  [0m[49m  [0m[49m  [0m[49m  [0m[49m  [0m[49m  [0m[49m  [0m[7m  [0m[49m  [0m[7m  [0m
[7m  [0m[7m  [0m[7m  [0m[7m  [0m[7m  [0m[7m  [0m[7m  [0m[7m  [0m[7m  [0m[49m  [0m[49m  [0m[49m  [0m[7m  [0m[49m  [0m[49m  [0m[49m  [0m[49m  [0m[49m  [0m[7m  [0m[7m  [0m[7m  [0m[49m  [0m[7m  [0m[49m  [0m[49m  [0m[49m  [0m[7m  [0m
[7m  [0m[49m  [0m[49m  [0m[49m  [0m[49m  [0m[49m  [0m[49m  [0m[49m  [0m[7m  [0m[49m  [0m[7m  [0m[7m  [0m[49m  [0m[49m  [0m[7m  [0m[49m  [0m[7m  [0m[49m  [0m[7m  [0m[49m  [0m[7m  [0m[49m  [0m[49m  [0m[49m  [0m[7m  [0m[7m  [0m[7m  [0m
[7m  [0m[49m  [0m[7m  [0m[7m  [0m[7m  [0m[7m  [0m[7m  [0m[49m  [0m[7m  [0m[7m  [0m[49m  [0m[49m  [0m[7m  [0m[49m  [0m[7m  [0m[7m  [0m[49m  [0m[49m  [0m[7m  [0m[7m  [0m[7m  [0m[49m  [0m[7m  [0m[7m  [0m[7m  [0m[49m  [0m[7m  [0m
[7m  [0m[49m  [0m[7m  [0m[49m  [0m[49m  [0m[49m  [0m[7m  [0m[49m  [0m[7m  [0m[7m  [0m[7m  [0m[49m  [0m[7m  [0m[7m  [0m[7m  [0m[7m  [0m[49m  [0m[49m  [0m[49m  [0m[49m  [0m[49m  [0m[49m  [0m[49m  [0m[49m  [0m[7m  [0m[7m  [0m[7m  [0m
[7m  [0m[49m  [0m[7m  [0m[49m  [0m[49m  [0m[49m  [0m[7m  [0m[49m  [0m[7m  [0m[49m  [0m[7m  [0m[49m  [0m[49m  [0m[7m  [0m[7m  [0m[7m  [0m[49m  [0m[49m  [0m[49m  [0m[49m  [0m[7m  [0m[7m  [0m[49m  [0m[7m  [0m[49m  [0m[7m  [0m[7m  [0m
[7m  [0m[49m  [0m[7m  [0m[49m  [0m[49m  [0m[49m  [0m[7m  [0m[49m  [0m[7m  [0m[7m  [0m[49m  [0m[7m  [0m[7m  [0m[7m  [0m[7m  [0m[7m  [0m[7m  [0m[7m  [0m[49m  [0m[49m  [0m[49m  [0m[49m  [0m[7m  [0m[7m  [0m[7m  [0m[49m  [0m[7m  [0m
[7m  [0m[49m  [0m[7m  [0m[7m  [0m[7m  [0m[7m  [0m[7m  [0m[49m  [0m[7m  [0m[49m  [0m[49m  [0m[7m  [0m[7m  [0m[7m  [0m[7m  [0m[49m  [0m[7m  [0m[7m  [0m[49m  [0m[49m  [0m[49m  [0m[7m  [0m[49m  [0m[49m  [0m[7m  [0m[49m  [0m[7m  [0m
[7m  [0m[49m  [0m[49m  [0m[49m  [0m[49m  [0m[49m  [0m[49m  [0m[49m  [0m[7m  [0m[49m  [0m[7m  [0m[49m  [0m[7m  [0m[49m  [0m[7m  [0m[7m  [0m[49m  [0m[49m  [0m[49m  [0m[7m  [0m[49m  [0m[7m  [0m[49m  [0m[7m  [0m[7m  [0m[49m  [0m[7m  [0m
[7m  [0m[7m  [0m[7m  [0m[7m  [0m[7m  [0m[7m  [0m[7m  [0m[7m  [0m[7m  [0m[7m  [0m[7m  [0m[7m  [0m[7m  [0m[7m  [0m[7m  [0m[7m  [0m[7m  [0m[7m  [0m[7m  [0m[7m  [0m[7m  [0m[7m  [0m[7m  [0m[7m  [0m[7m  [0m[7m  [0m[7m  [0m

fed4cdb59c6a91.lhr.life tunneled with tls termination, https://fed4cdb59c6a91.lhr.life
create an account and add your key for a longer lasting domain name. see https://localhost.run/docs/forever-free/ for more information.
Open your tunnel address on your mobile with this QR:

[7m  [0m[7m  [0m[7m  [0m[7m  [0m[7m  [0m[7m  [0m[7m  [0m[7m  [0m[7m  [0m[7m  [0m[7m  [0m[7m  [0m[7m  [0m[7m  [0m[7m  [0m[7m  [0m[7m  [0m[7m  [0m[7m  [0m[7m  [0m[7m  [0m[7m  [0m[7m  [0m[7m  [0m[7m  [0m[7m  [0m[7m  [0m
[7m  [0m[49m  [0m[49m  [0m[49m  [0m[49m  [0m[49m  [0m[49m  [0m[49m  [0m[7m  [0m[49m  [0m[49m  [0m[7m  [0m[7m  [0m[7m  [0m[49m  [0m[49m  [0m[49m  [0m[7m  [0m[7m  [0m[49m  [0m[49m  [0m[49m  [0m[49m  [0m[49m  [0m[49m  [0m[49m  [0m[7m  [0m
[7m  [0m[49m  [0m[7m  [0m[7m  [0m[7m  [0m[7m  [0m[7m  [0m[49m  [0m[7m  [0m[7m  [0m[7m  [0m[7m  [0m[7m  [0m[7m  [0m[7m  [0m[49m  [0m[7m  [0m[49m  [0m[7m  [0m[49m  [0m[7m  [0m[7m  [0m[7m  [0m[7m  [0m[7m  [0m[49m  [0m[7m  [0m
[7m  [0m[49m  [0m[7m  [0m[49m  [0m[49m  [0m[49m  [0m[7m  [0m[49m  [0m[7m  [0m[49m  [0m[7m  [0m[7m  [0m[49m  [0m[49m  [0m[7m  [0m[7m  [0m[49m  [0m[49m  [0m[7m  [0m[49m  [0m[7m  [0m[49m  [0m[49m  [0m[49m  [0m[7m  [0m[49m  [0m[7m  [0m
[7m  [0m[49m  [0m[7m  [0m[49m  [0m[49m  [0m[49m  [0m[7m  [0m[49m  [0m[7m  [0m[49m  [0m[49m  [0m[7m  [0m[49m  [0m[7m  [0m[49m  [0m[49m  [0m[7m  [0m[49m  [0m[7m  [0m[49m  [0m[7m  [0m[49m  [0m[49m  [0m[49m  [0m[7m  [0m[49m  [0m[7m  [0m
[7m  [0m[49m  [0m[7m  [0m[49m  [0m[49m  [0m[49m  [0m[7m  [0m[49m  [0m[7m  [0m[49m  [0m[49m  [0m[49m  [0m[49m  [0m[7m  [0m[49m  [0m[49m  [0m[49m  [0m[7m  [0m[7m  [0m[49m  [0m[7m  [0m[49m  [0m[49m  [0m[49m  [0m[7m  [0m[49m  [0m[7m  [0m
[7m  [0m[49m  [0m[7m  [0m[7m  [0m[7m  [0m[7m  [0m[7m  [0m[49m  [0m[7m  [0m[7m  [0m[49m  [0m[7m  [0m[7m  [0m[49m  [0m[7m  [0m[49m  [0m[49m  [0m[7m  [0m[7m  [0m[49m  [0m[7m  [0m[7m  [0m[7m  [0m[7m  [0m[7m  [0m[49m  [0m[7m  [0m
[7m  [0m[49m  [0m[49m  [0m[49m  [0m[49m  [0m[49m  [0m[49m  [0m[49m  [0m[7m  [0m[49m  [0m[7m  [0m[49m  [0m[7m  [0m[49m  [0m[7m  [0m[49m  [0m[7m  [0m[49m  [0m[7m  [0m[49m  [0m[49m  [0m[49m  [0m[49m  [0m[49m  [0m[49m  [0m[49m  [0m[7m  [0m
[7m  [0m[7m  [0m[7m  [0m[7m  [0m[7m  [0m[7m  [0m[7m  [0m[7m  [0m[7m  [0m[7m  [0m[49m  [0m[7m  [0m[49m  [0m[7m  [0m[49m  [0m[49m  [0m[49m  [0m[7m  [0m[7m  [0m[7m  [0m[7m  [0m[7m  [0m[7m  [0m[7m  [0m[7m  [0m[7m  [0m[7m  [0m
[7m  [0m[49m  [0m[49m  [0m[49m  [0m[49m  [0m[7m  [0m[7m  [0m[49m  [0m[7m  [0m[49m  [0m[7m  [0m[7m  [0m[7m  [0m[7m  [0m[7m  [0m[49m  [0m[49m  [0m[7m  [0m[49m  [0m[7m  [0m[7m  [0m[49m  [0m[49m  [0m[49m  [0m[7m  [0m[49m  [0m[7m  [0m
[7m  [0m[7m  [0m[7m  [0m[7m  [0m[7m  [0m[49m  [0m[49m  [0m[7m  [0m[7m  [0m[7m  [0m[49m  [0m[7m  [0m[7m  [0m[7m  [0m[49m  [0m[7m  [0m[7m  [0m[7m  [0m[7m  [0m[7m  [0m[7m  [0m[49m  [0m[7m  [0m[7m  [0m[7m  [0m[7m  [0m[7m  [0m
[7m  [0m[7m  [0m[49m  [0m[7m  [0m[7m  [0m[7m  [0m[49m  [0m[49m  [0m[7m  [0m[49m  [0m[7m  [0m[7m  [0m[7m  [0m[7m  [0m[7m  [0m[7m  [0m[49m  [0m[49m  [0m[7m  [0m[7m  [0m[7m  [0m[49m  [0m[49m  [0m[7m  [0m[7m  [0m[7m  [0m[7m  [0m
[7m  [0m[49m  [0m[7m  [0m[7m  [0m[7m  [0m[7m  [0m[49m  [0m[7m  [0m[7m  [0m[7m  [0m[7m  [0m[7m  [0m[49m  [0m[49m  [0m[7m  [0m[7m  [0m[7m  [0m[7m  [0m[7m  [0m[7m  [0m[49m  [0m[49m  [0m[49m  [0m[49m  [0m[7m  [0m[49m  [0m[7m  [0m
[7m  [0m[7m  [0m[49m  [0m[7m  [0m[49m  [0m[7m  [0m[49m  [0m[49m  [0m[7m  [0m[49m  [0m[49m  [0m[7m  [0m[49m  [0m[7m  [0m[49m  [0m[49m  [0m[49m  [0m[7m  [0m[49m  [0m[7m  [0m[7m  [0m[49m  [0m[49m  [0m[7m  [0m[7m  [0m[7m  [0m[7m  [0m
[7m  [0m[7m  [0m[7m  [0m[49m  [0m[7m  [0m[7m  [0m[7m  [0m[7m  [0m[49m  [0m[49m  [0m[49m  [0m[49m  [0m[49m  [0m[7m  [0m[7m  [0m[49m  [0m[49m  [0m[49m  [0m[7m  [0m[49m  [0m[7m  [0m[7m  [0m[49m  [0m[7m  [0m[49m  [0m[49m  [0m[7m  [0m
[7m  [0m[7m  [0m[49m  [0m[49m  [0m[7m  [0m[7m  [0m[49m  [0m[49m  [0m[7m  [0m[7m  [0m[49m  [0m[7m  [0m[7m  [0m[49m  [0m[49m  [0m[49m  [0m[7m  [0m[49m  [0m[7m  [0m[49m  [0m[7m  [0m[7m  [0m[7m  [0m[7m  [0m[7m  [0m[49m  [0m[7m  [0m
[7m  [0m[49m  [0m[7m  [0m[7m  [0m[7m  [0m[7m  [0m[49m  [0m[7m  [0m[7m  [0m[49m  [0m[7m  [0m[49m  [0m[7m  [0m[49m  [0m[49m  [0m[7m  [0m[49m  [0m[7m  [0m[7m  [0m[7m  [0m[7m  [0m[49m  [0m[49m  [0m[7m  [0m[49m  [0m[49m  [0m[7m  [0m
[7m  [0m[7m  [0m[7m  [0m[7m  [0m[49m  [0m[49m  [0m[7m  [0m[49m  [0m[7m  [0m[7m  [0m[49m  [0m[7m  [0m[49m  [0m[7m  [0m[49m  [0m[7m  [0m[7m  [0m[49m  [0m[49m  [0m[49m  [0m[49m  [0m[49m  [0m[49m  [0m[49m  [0m[49m  [0m[7m  [0m[7m  [0m
[7m  [0m[7m  [0m[7m  [0m[7m  [0m[7m  [0m[7m  [0m[7m  [0m[7m  [0m[7m  [0m[49m  [0m[49m  [0m[49m  [0m[7m  [0m[49m  [0m[49m  [0m[7m  [0m[49m  [0m[49m  [0m[7m  [0m[7m  [0m[7m  [0m[49m  [0m[49m  [0m[7m  [0m[49m  [0m[49m  [0m[7m  [0m
[7m  [0m[49m  [0m[49m  [0m[49m  [0m[49m  [0m[49m  [0m[49m  [0m[49m  [0m[7m  [0m[7m  [0m[49m  [0m[49m  [0m[49m  [0m[49m  [0m[7m  [0m[7m  [0m[7m  [0m[49m  [0m[7m  [0m[49m  [0m[7m  [0m[49m  [0m[7m  [0m[7m  [0m[7m  [0m[7m  [0m[7m  [0m
[7m  [0m[49m  [0m[7m  [0m[7m  [0m[7m  [0m[7m  [0m[7m  [0m[49m  [0m[7m  [0m[7m  [0m[49m  [0m[49m  [0m[7m  [0m[49m  [0m[7m  [0m[49m  [0m[7m  [0m[49m  [0m[7m  [0m[7m  [0m[7m  [0m[49m  [0m[49m  [0m[49m  [0m[7m  [0m[49m  [0m[7m  [0m
[7m  [0m[49m  [0m[7m  [0m[49m  [0m[49m  [0m[49m  [0m[7m  [0m[49m  [0m[7m  [0m[7m  [0m[7m  [0m[7m  [0m[49m  [0m[49m  [0m[49m  [0m[7m  [0m[7m  [0m[49m  [0m[49m  [0m[49m  [0m[49m  [0m[49m  [0m[49m  [0m[49m  [0m[49m  [0m[49m  [0m[7m  [0m
[7m  [0m[49m  [0m[7m  [0m[49m  [0m[49m  [0m[49m  [0m[7m  [0m[49m  [0m[7m  [0m[49m  [0m[49m  [0m[49m  [0m[7m  [0m[49m  [0m[49m  [0m[7m  [0m[49m  [0m[49m  [0m[7m  [0m[49m  [0m[7m  [0m[7m  [0m[49m  [0m[7m  [0m[7m  [0m[49m  [0m[7m  [0m
[7m  [0m[49m  [0m[7m  [0m[49m  [0m[49m  [0m[49m  [0m[7m  [0m[49m  [0m[7m  [0m[49m  [0m[49m  [0m[7m  [0m[49m  [0m[49m  [0m[49m  [0m[7m  [0m[7m  [0m[7m  [0m[7m  [0m[7m  [0m[49m  [0m[49m  [0m[7m  [0m[49m  [0m[49m  [0m[7m  [0m[7m  [0m
[7m  [0m[49m  [0m[7m  [0m[7m  [0m[7m  [0m[7m  [0m[7m  [0m[49m  [0m[7m  [0m[49m  [0m[49m  [0m[7m  [0m[7m  [0m[7m  [0m[7m  [0m[7m  [0m[49m  [0m[49m  [0m[7m  [0m[49m  [0m[7m  [0m[7m  [0m[7m  [0m[7m  [0m[7m  [0m[49m  [0m[7m  [0m
[7m  [0m[49m  [0m[49m  [0m[49m  [0m[49m  [0m[49m  [0m[49m  [0m[49m  [0m[7m  [0m[49m  [0m[49m  [0m[7m  [0m[7m  [0m[49m  [0m[7m  [0m[49m  [0m[49m  [0m[7m  [0m[7m  [0m[7m  [0m[7m  [0m[7m  [0m[7m  [0m[49m  [0m[7m  [0m[49m  [0m[7m  [0m
[7m  [0m[7m  [0m[7m  [0m[7m  [0m[7m  [0m[7m  [0m[7m  [0m[7m  [0m[7m  [0m[7m  [0m[7m  [0m[7m  [0m[7m  [0m[7m  [0m[7m  [0m[7m  [0m[7m  [0m[7m  [0m[7m  [0m[7m  [0m[7m  [0m[7m  [0m[7m  [0m[7m  [0m[7m  [0m[7m  [0m[7m  [0m

f8c5861df70062.lhr.life tunneled with tls termination, https://f8c5861df70062.lhr.life
create an account and add your key for a longer lasting domain name. see https://localhost.run/docs/forever-free/ for more information.
Open your tunnel address on your mobile with this QR:

[7m  [0m[7m  [0m[7m  [0m[7m  [0m[7m  [0m[7m  [0m[7m  [0m[7m  [0m[7m  [0m[7m  [0m[7m  [0m[7m  [0m[7m  [0m[7m  [0m[7m  [0m[7m  [0m[7m  [0m[7m  [0m[7m  [0m[7m  [0m[7m  [0m[7m  [0m[7m  [0m[7m  [0m[7m  [0m[7m  [0m[7m  [0m
[7m  [0m[49m  [0m[49m  [0m[49m  [0m[49m  [0m[49m  [0m[49m  [0m[49m  [0m[7m  [0m[49m  [0m[49m  [0m[7m  [0m[7m  [0m[7m  [0m[49m  [0m[49m  [0m[49m  [0m[7m  [0m[7m  [0m[49m  [0m[49m  [0m[49m  [0m[49m  [0m[49m  [0m[49m  [0m[49m  [0m[7m  [0m
[7m  [0m[49m  [0m[7m  [0m[7m  [0m[7m  [0m[7m  [0m[7m  [0m[49m  [0m[7m  [0m[7m  [0m[7m  [0m[7m  [0m[7m  [0m[7m  [0m[7m  [0m[49m  [0m[7m  [0m[49m  [0m[7m  [0m[49m  [0m[7m  [0m[7m  [0m[7m  [0m[7m  [0m[7m  [0m[49m  [0m[7m  [0m
[7m  [0m[49m  [0m[7m  [0m[49m  [0m[49m  [0m[49m  [0m[7m  [0m[49m  [0m[7m  [0m[49m  [0m[7m  [0m[7m  [0m[49m  [0m[49m  [0m[7m  [0m[7m  [0m[49m  [0m[49m  [0m[7m  [0m[49m  [0m[7m  [0m[49m  [0m[49m  [0m[49m  [0m[7m  [0m[49m  [0m[7m  [0m
[7m  [0m[49m  [0m[7m  [0m[49m  [0m[49m  [0m[49m  [0m[7m  [0m[49m  [0m[7m  [0m[49m  [0m[49m  [0m[7m  [0m[49m  [0m[7m  [0m[49m  [0m[49m  [0m[7m  [0m[49m  [0m[7m  [0m[49m  [0m[7m  [0m[49m  [0m[49m  [0m[49m  [0m[7m  [0m[49m  [0m[7m  [0m
[7m  [0m[49m  [0m[7m  [0m[49m  [0m[49m  [0m[49m  [0m[7m  [0m[49m  [0m[7m  [0m[49m  [0m[49m  [0m[49m  [0m[49m  [0m[7m  [0m[49m  [0m[49m  [0m[49m  [0m[7m  [0m[7m  [0m[49m  [0m[7m  [0m[49m  [0m[49m  [0m[49m  [0m[7m  [0m[49m  [0m[7m  [0m
[7m  [0m[49m  [0m[7m  [0m[7m  [0m[7m  [0m[7m  [0m[7m  [0m[49m  [0m[7m  [0m[7m  [0m[49m  [0m[7m  [0m[7m  [0m[49m  [0m[7m  [0m[49m  [0m[49m  [0m[7m  [0m[7m  [0m[49m  [0m[7m  [0m[7m  [0m[7m  [0m[7m  [0m[7m  [0m[49m  [0m[7m  [0m
[7m  [0m[49m  [0m[49m  [0m[49m  [0m[49m  [0m[49m  [0m[49m  [0m[49m  [0m[7m  [0m[49m  [0m[7m  [0m[49m  [0m[7m  [0m[49m  [0m[7m  [0m[49m  [0m[7m  [0m[49m  [0m[7m  [0m[49m  [0m[49m  [0m[49m  [0m[49m  [0m[49m  [0m[49m  [0m[49m  [0m[7m  [0m
[7m  [0m[7m  [0m[7m  [0m[7m  [0m[7m  [0m[7m  [0m[7m  [0m[7m  [0m[7m  [0m[7m  [0m[49m  [0m[7m  [0m[49m  [0m[7m  [0m[49m  [0m[49m  [0m[49m  [0m[7m  [0m[7m  [0m[7m  [0m[7m  [0m[7m  [0m[7m  [0m[7m  [0m[7m  [0m[7m  [0m[7m  [0m
[7m  [0m[49m  [0m[49m  [0m[49m  [0m[49m  [0m[7m  [0m[7m  [0m[49m  [0m[7m  [0m[49m  [0m[7m  [0m[7m  [0m[7m  [0m[7m  [0m[7m  [0m[49m  [0m[49m  [0m[7m  [0m[49m  [0m[7m  [0m[7m  [0m[49m  [0m[49m  [0m[49m  [0m[7m  [0m[49m  [0m[7m  [0m
[7m  [0m[49m  [0m[49m  [0m[7m  [0m[49m  [0m[7m  [0m[7m  [0m[7m  [0m[49m  [0m[7m  [0m[49m  [0m[7m  [0m[7m  [0m[7m  [0m[49m  [0m[7m  [0m[7m  [0m[7m  [0m[49m  [0m[7m  [0m[7m  [0m[49m  [0m[7m  [0m[7m  [0m[7m  [0m[7m  [0m[7m  [0m
[7m  [0m[49m  [0m[7m  [0m[7m  [0m[7m  [0m[49m  [0m[49m  [0m[49m  [0m[7m  [0m[49m  [0m[7m  [0m[7m  [0m[7m  [0m[7m  [0m[7m  [0m[7m  [0m[7m  [0m[7m  [0m[49m  [0m[49m  [0m[49m  [0m[49m  [0m[49m  [0m[7m  [0m[7m  [0m[7m  [0m[7m  [0m
[7m  [0m[7m  [0m[49m  [0m[49m  [0m[7m  [0m[49m  [0m[7m  [0m[7m  [0m[49m  [0m[49m  [0m[7m  [0m[7m  [0m[49m  [0m[49m  [0m[7m  [0m[7m  [0m[7m  [0m[7m  [0m[7m  [0m[7m  [0m[7m  [0m[7m  [0m[49m  [0m[49m  [0m[7m  [0m[49m  [0m[7m  [0m
[7m  [0m[7m  [0m[49m  [0m[7m  [0m[49m  [0m[49m  [0m[7m  [0m[49m  [0m[49m  [0m[7m  [0m[49m  [0m[7m  [0m[49m  [0m[7m  [0m[49m  [0m[49m  [0m[49m  [0m[7m  [0m[7m  [0m[49m  [0m[7m  [0m[49m  [0m[49m  [0m[7m  [0m[7m  [0m[7m  [0m[7m  [0m
[7m  [0m[7m  [0m[49m  [0m[7m  [0m[49m  [0m[7m  [0m[49m  [0m[7m  [0m[7m  [0m[7m  [0m[7m  [0m[49m  [0m[49m  [0m[7m  [0m[7m  [0m[49m  [0m[7m  [0m[49m  [0m[7m  [0m[7m  [0m[7m  [0m[49m  [0m[49m  [0m[7m  [0m[49m  [0m[49m  [0m[7m  [0m
[7m  [0m[7m  [0m[49m  [0m[49m  [0m[49m  [0m[49m  [0m[7m  [0m[49m  [0m[49m  [0m[49m  [0m[49m  [0m[7m  [0m[7m  [0m[49m  [0m[49m  [0m[49m  [0m[7m  [0m[49m  [0m[49m  [0m[49m  [0m[49m  [0m[7m  [0m[7m  [0m[7m  [0m[7m  [0m[49m  [0m[7m  [0m
[7m  [0m[49m  [0m[7m  [0m[49m  [0m[7m  [0m[49m  [0m[7m  [0m[7m  [0m[7m  [0m[49m  [0m[49m  [0m[7m  [0m[7m  [0m[49m  [0m[49m  [0m[7m  [0m[49m  [0m[7m  [0m[49m  [0m[49m  [0m[49m  [0m[7m  [0m[49m  [0m[7m  [0m[49m  [0m[49m  [0m[7m  [0m
[7m  [0m[7m  [0m[7m  [0m[7m  [0m[7m  [0m[7m  [0m[49m  [0m[49m  [0m[49m  [0m[49m  [0m[7m  [0m[7m  [0m[49m  [0m[7m  [0m[49m  [0m[7m  [0m[7m  [0m[49m  [0m[49m  [0m[49m  [0m[49m  [0m[49m  [0m[49m  [0m[49m  [0m[49m  [0m[7m  [0m[7m  [0m
[7m  [0m[7m  [0m[7m  [0m[7m  [0m[7m  [0m[7m  [0m[7m  [0m[7m  [0m[7m  [0m[49m  [0m[7m  [0m[49m  [0m[7m  [0m[49m  [0m[49m  [0m[7m  [0m[7m  [0m[49m  [0m[7m  [0m[7m  [0m[7m  [0m[49m  [0m[49m  [0m[7m  [0m[49m  [0m[49m  [0m[7m  [0m
[7m  [0m[49m  [0m[49m  [0m[49m  [0m[49m  [0m[49m  [0m[49m  [0m[49m  [0m[7m  [0m[7m  [0m[49m  [0m[49m  [0m[49m  [0m[49m  [0m[7m  [0m[7m  [0m[49m  [0m[49m  [0m[7m  [0m[49m  [0m[7m  [0m[49m  [0m[7m  [0m[7m  [0m[7m  [0m[7m  [0m[7m  [0m
[7m  [0m[49m  [0m[7m  [0m[7m  [0m[7m  [0m[7m  [0m[7m  [0m[49m  [0m[7m  [0m[7m  [0m[49m  [0m[7m  [0m[7m  [0m[49m  [0m[7m  [0m[49m  [0m[7m  [0m[49m  [0m[7m  [0m[7m  [0m[7m  [0m[49m  [0m[49m  [0m[49m  [0m[7m  [0m[49m  [0m[7m  [0m
[7m  [0m[49m  [0m[7m  [0m[49m  [0m[49m  [0m[49m  [0m[7m  [0m[49m  [0m[7m  [0m[7m  [0m[49m  [0m[7m  [0m[49m  [0m[49m  [0m[49m  [0m[7m  [0m[7m  [0m[49m  [0m[49m  [0m[49m  [0m[49m  [0m[49m  [0m[49m  [0m[49m  [0m[49m  [0m[49m  [0m[7m  [0m
[7m  [0m[49m  [0m[7m  [0m[49m  [0m[49m  [0m[49m  [0m[7m  [0m[49m  [0m[7m  [0m[49m  [0m[49m  [0m[49m  [0m[7m  [0m[49m  [0m[49m  [0m[7m  [0m[49m  [0m[7m  [0m[7m  [0m[49m  [0m[7m  [0m[7m  [0m[49m  [0m[7m  [0m[7m  [0m[49m  [0m[7m  [0m
[7m  [0m[49m  [0m[7m  [0m[49m  [0m[49m  [0m[49m  [0m[7m  [0m[49m  [0m[7m  [0m[49m  [0m[7m  [0m[49m  [0m[49m  [0m[49m  [0m[49m  [0m[7m  [0m[7m  [0m[7m  [0m[49m  [0m[49m  [0m[49m  [0m[49m  [0m[7m  [0m[49m  [0m[49m  [0m[7m  [0m[7m  [0m
[7m  [0m[49m  [0m[7m  [0m[7m  [0m[7m  [0m[7m  [0m[7m  [0m[49m  [0m[7m  [0m[49m  [0m[7m  [0m[49m  [0m[7m  [0m[7m  [0m[7m  [0m[7m  [0m[7m  [0m[7m  [0m[7m  [0m[49m  [0m[7m  [0m[49m  [0m[7m  [0m[7m  [0m[7m  [0m[49m  [0m[7m  [0m
[7m  [0m[49m  [0m[49m  [0m[49m  [0m[49m  [0m[49m  [0m[49m  [0m[49m  [0m[7m  [0m[49m  [0m[49m  [0m[7m  [0m[7m  [0m[49m  [0m[7m  [0m[49m  [0m[49m  [0m[49m  [0m[7m  [0m[7m  [0m[7m  [0m[49m  [0m[49m  [0m[49m  [0m[7m  [0m[49m  [0m[7m  [0m
[7m  [0m[7m  [0m[7m  [0m[7m  [0m[7m  [0m[7m  [0m[7m  [0m[7m  [0m[7m  [0m[7m  [0m[7m  [0m[7m  [0m[7m  [0m[7m  [0m[7m  [0m[7m  [0m[7m  [0m[7m  [0m[7m  [0m[7m  [0m[7m  [0m[7m  [0m[7m  [0m[7m  [0m[7m  [0m[7m  [0m[7m  [0m

5fad7a71d74af0.lhr.life tunneled with tls termination, https://5fad7a71d74af0.lhr.life
create an account and add your key for a longer lasting domain name. see https://localhost.run/docs/forever-free/ for more information.
Open your tunnel address on your mobile with this QR:

[7m  [0m[7m  [0m[7m  [0m[7m  [0m[7m  [0m[7m  [0m[7m  [0m[7m  [0m[7m  [0m[7m  [0m[7m  [0m[7m  [0m[7m  [0m[7m  [0m[7m  [0m[7m  [0m[7m  [0m[7m  [0m[7m  [0m[7m  [0m[7m  [0m[7m  [0m[7m  [0m[7m  [0m[7m  [0m[7m  [0m[7m  [0m
[7m  [0m[49m  [0m[49m  [0m[49m  [0m[49m  [0m[49m  [0m[49m  [0m[49m  [0m[7m  [0m[7m  [0m[49m  [0m[49m  [0m[49m  [0m[7m  [0m[7m  [0m[7m  [0m[49m  [0m[49m  [0m[7m  [0m[49m  [0m[49m  [0m[49m  [0m[49m  [0m[49m  [0m[49m  [0m[49m  [0m[7m  [0m
[7m  [0m[49m  [0m[7m  [0m[7m  [0m[7m  [0m[7m  [0m[7m  [0m[49m  [0m[7m  [0m[7m  [0m[7m  [0m[7m  [0m[49m  [0m[49m  [0m[7m  [0m[7m  [0m[7m  [0m[49m  [0m[7m  [0m[49m  [0m[7m  [0m[7m  [0m[7m  [0m[7m  [0m[7m  [0m[49m  [0m[7m  [0m
[7m  [0m[49m  [0m[7m  [0m[49m  [0m[49m  [0m[49m  [0m[7m  [0m[49m  [0m[7m  [0m[7m  [0m[49m  [0m[49m  [0m[49m  [0m[7m  [0m[49m  [0m[7m  [0m[7m  [0m[7m  [0m[7m  [0m[49m  [0m[7m  [0m[49m  [0m[49m  [0m[49m  [0m[7m  [0m[49m  [0m[7m  [0m
[7m  [0m[49m  [0m[7m  [0m[49m  [0m[49m  [0m[49m  [0m[7m  [0m[49m  [0m[7m  [0m[49m  [0m[7m  [0m[49m  [0m[49m  [0m[7m  [0m[49m  [0m[7m  [0m[49m  [0m[7m  [0m[7m  [0m[49m  [0m[7m  [0m[49m  [0m[49m  [0m[49m  [0m[7m  [0m[49m  [0m[7m  [0m
[7m  [0m[49m  [0m[7m  [0m[49m  [0m[49m  [0m[49m  [0m[7m  [0m[49m  [0m[7m  [0m[49m  [0m[7m  [0m[49m  [0m[7m  [0m[49m  [0m[49m  [0m[7m  [0m[7m  [0m[7m  [0m[7m  [0m[49m  [0m[7m  [0m[49m  [0m[49m  [0m[49m  [0m[7m  [0m[49m  [0m[7m  [0m
[7m  [0m[49m  [0m[7m  [0m[7m  [0m[7m  [0m[7m  [0m[7m  [0m[49m  [0m[7m  [0m[7m  [0m[49m  [0m[49m  [0m[7m  [0m[7m  [0m[49m  [0m[49m  [0m[49m  [0m[49m  [0m[7m  [0m[49m  [0m[7m  [0m[7m  [0m[7m  [0m[7m  [0m[7m  [0m[49m  [0m[7m  [0m
[7m  [0m[49m  [0m[49m  [0m[49m  [0m[49m  [0m[49m  [0m[49m  [0m[49m  [0m[7m  [0m[49m  [0m[7m  [0m[49m  [0m[7m  [0m[49m  [0m[7m  [0m[49m  [0m[7m  [0m[49m  [0m[7m  [0m[49m  [0m[49m  [0m[49m  [0m[49m  [0m[49m  [0m[49m  [0m[49m  [0m[7m  [0m
[7m  [0m[7m  [0m[7m  [0m[7m  [0m[7m  [0m[7m  [0m[7m  [0m[7m  [0m[7m  [0m[7m  [0m[49m  [0m[7m  [0m[7m  [0m[49m  [0m[49m  [0m[7m  [0m[49m  [0m[7m  [0m[7m  [0m[7m  [0m[7m  [0m[7m  [0m[7m  [0m[7m  [0m[7m  [0m[7m  [0m[7m  [0m
[7m  [0m[49m  [0m[49m  [0m[7m  [0m[7m  [0m[7m  [0m[49m  [0m[49m  [0m[49m  [0m[7m  [0m[49m  [0m[49m  [0m[7m  [0m[49m  [0m[49m  [0m[49m  [0m[7m  [0m[49m  [0m[7m  [0m[7m  [0m[7m  [0m[49m  [0m[49m  [0m[7m  [0m[7m  [0m[7m  [0m[7m  [0m
[7m  [0m[49m  [0m[49m  [0m[7m  [0m[49m  [0m[49m  [0m[49m  [0m[7m  [0m[7m  [0m[49m  [0m[7m  [0m[49m  [0m[7m  [0m[7m  [0m[49m  [0m[49m  [0m[49m  [0m[7m  [0m[49m  [0m[49m  [0m[7m  [0m[49m  [0m[49m  [0m[49m  [0m[7m  [0m[7m  [0m[7m  [0m
[7m  [0m[49m  [0m[49m  [0m[49m  [0m[49m  [0m[49m  [0m[49m  [0m[49m  [0m[49m  [0m[7m  [0m[49m  [0m[7m  [0m[49m  [0m[49m  [0m[7m  [0m[49m  [0m[7m  [0m[7m  [0m[49m  [0m[49m  [0m[49m  [0m[7m  [0m[7m  [0m[7m  [0m[49m  [0m[49m  [0m[7m  [0m
[7m  [0m[7m  [0m[7m  [0m[7m  [0m[49m  [0m[7m  [0m[7m  [0m[7m  [0m[49m  [0m[49m  [0m[7m  [0m[49m  [0m[49m  [0m[7m  [0m[49m  [0m[7m  [0m[7m  [0m[7m  [0m[7m  [0m[49m  [0m[49m  [0m[7m  [0m[49m  [0m[7m  [0m[7m  [0m[7m  [0m[7m  [0m
[7m  [0m[49m  [0m[7m  [0m[49m  [0m[49m  [0m[49m  [0m[7m  [0m[49m  [0m[7m  [0m[49m  [0m[49m  [0m[49m  [0m[7m  [0m[7m  [0m[7m  [0m[7m  [0m[7m  [0m[49m  [0m[49m  [0m[7m  [0m[49m  [0m[7m  [0m[49m  [0m[49m  [0m[49m  [0m[7m  [0m[7m  [0m
[7m  [0m[49m  [0m[7m  [0m[7m  [0m[7m  [0m[7m  [0m[49m  [0m[7m  [0m[49m  [0m[49m  [0m[7m  [0m[49m  [0m[7m  [0m[49m  [0m[7m  [0m[7m  [0m[49m  [0m[7m  [0m[49m  [0m[49m  [0m[49m  [0m[49m  [0m[49m  [0m[7m  [0m[7m  [0m[7m  [0m[7m  [0m
[7m  [0m[49m  [0m[7m  [0m[49m  [0m[49m  [0m[49m  [0m[7m  [0m[49m  [0m[49m  [0m[49m  [0m[7m  [0m[7m  [0m[7m  [0m[7m  [0m[7m  [0m[49m  [0m[7m  [0m[7m  [0m[49m  [0m[7m  [0m[49m  [0m[7m  [0m[49m  [0m[49m  [0m[7m  [0m[7m  [0m[7m  [0m
[7m  [0m[49m  [0m[7m  [0m[49m  [0m[7m  [0m[7m  [0m[49m  [0m[7m  [0m[7m  [0m[7m  [0m[7m  [0m[49m  [0m[7m  [0m[49m  [0m[49m  [0m[49m  [0m[7m  [0m[7m  [0m[7m  [0m[7m  [0m[7m  [0m[7m  [0m[7m  [0m[49m  [0m[49m  [0m[49m  [0m[7m  [0m
[7m  [0m[49m  [0m[7m  [0m[49m  [0m[49m  [0m[7m  [0m[7m  [0m[49m  [0m[49m  [0m[7m  [0m[7m  [0m[49m  [0m[7m  [0m[49m  [0m[49m  [0m[49m  [0m[7m  [0m[49m  [0m[49m  [0m[49m  [0m[49m  [0m[49m  [0m[7m  [0m[49m  [0m[7m  [0m[49m  [0m[7m  [0m
[7m  [0m[7m  [0m[7m  [0m[7m  [0m[7m  [0m[7m  [0m[7m  [0m[7m  [0m[7m  [0m[49m  [0m[49m  [0m[49m  [0m[7m  [0m[7m  [0m[7m  [0m[7m  [0m[49m  [0m[49m  [0m[7m  [0m[7m  [0m[7m  [0m[49m  [0m[49m  [0m[49m  [0m[49m  [0m[7m  [0m[7m  [0m
[7m  [0m[49m  [0m[49m  [0m[49m  [0m[49m  [0m[49m  [0m[49m  [0m[49m  [0m[7m  [0m[49m  [0m[7m  [0m[7m  [0m[7m  [0m[49m  [0m[49m  [0m[49m  [0m[7m  [0m[49m  [0m[7m  [0m[49m  [0m[7m  [0m[49m  [0m[7m  [0m[49m  [0m[49m  [0m[7m  [0m[7m  [0m
[7m  [0m[49m  [0m[7m  [0m[7m  [0m[7m  [0m[7m  [0m[7m  [0m[49m  [0m[7m  [0m[49m  [0m[7m  [0m[7m  [0m[49m  [0m[7m  [0m[7m  [0m[7m  [0m[49m  [0m[49m  [0m[7m  [0m[7m  [0m[7m  [0m[49m  [0m[49m  [0m[49m  [0m[49m  [0m[7m  [0m[7m  [0m
[7m  [0m[49m  [0m[7m  [0m[49m  [0m[49m  [0m[49m  [0m[7m  [0m[49m  [0m[7m  [0m[7m  [0m[49m  [0m[49m  [0m[49m  [0m[7m  [0m[7m  [0m[7m  [0m[49m  [0m[49m  [0m[49m  [0m[49m  [0m[49m  [0m[49m  [0m[7m  [0m[7m  [0m[49m  [0m[7m  [0m[7m  [0m
[7m  [0m[49m  [0m[7m  [0m[49m  [0m[49m  [0m[49m  [0m[7m  [0m[49m  [0m[7m  [0m[7m  [0m[49m  [0m[49m  [0m[7m  [0m[49m  [0m[49m  [0m[49m  [0m[49m  [0m[49m  [0m[7m  [0m[49m  [0m[49m  [0m[7m  [0m[7m  [0m[49m  [0m[7m  [0m[49m  [0m[7m  [0m
[7m  [0m[49m  [0m[7m  [0m[49m  [0m[49m  [0m[49m  [0m[7m  [0m[49m  [0m[7m  [0m[7m  [0m[49m  [0m[49m  [0m[7m  [0m[7m  [0m[49m  [0m[49m  [0m[49m  [0m[7m  [0m[7m  [0m[7m  [0m[7m  [0m[7m  [0m[49m  [0m[7m  [0m[7m  [0m[49m  [0m[7m  [0m
[7m  [0m[49m  [0m[7m  [0m[7m  [0m[7m  [0m[7m  [0m[7m  [0m[49m  [0m[7m  [0m[49m  [0m[7m  [0m[49m  [0m[7m  [0m[49m  [0m[49m  [0m[7m  [0m[7m  [0m[7m  [0m[49m  [0m[49m  [0m[7m  [0m[7m  [0m[49m  [0m[49m  [0m[7m  [0m[7m  [0m[7m  [0m
[7m  [0m[49m  [0m[49m  [0m[49m  [0m[49m  [0m[49m  [0m[49m  [0m[49m  [0m[7m  [0m[49m  [0m[7m  [0m[49m  [0m[49m  [0m[49m  [0m[49m  [0m[7m  [0m[49m  [0m[49m  [0m[7m  [0m[49m  [0m[49m  [0m[49m  [0m[7m  [0m[7m  [0m[49m  [0m[49m  [0m[7m  [0m
[7m  [0m[7m  [0m[7m  [0m[7m  [0m[7m  [0m[7m  [0m[7m  [0m[7m  [0m[7m  [0m[7m  [0m[7m  [0m[7m  [0m[7m  [0m[7m  [0m[7m  [0m[7m  [0m[7m  [0m[7m  [0m[7m  [0m[7m  [0m[7m  [0m[7m  [0m[7m  [0m[7m  [0m[7m  [0m[7m  [0m[7m  [0m

efa91e35831ebd.lhr.life tunneled with tls termination, https://efa91e35831ebd.lhr.life
create an account and add your key for a longer lasting domain name. see https://localhost.run/docs/forever-free/ for more information.
Open your tunnel address on your mobile with this QR:

[7m  [0m[7m  [0m[7m  [0m[7m  [0m[7m  [0m[7m  [0m[7m  [0m[7m  [0m[7m  [0m[7m  [0m[7m  [0m[7m  [0m[7m  [0m[7m  [0m[7m  [0m[7m  [0m[7m  [0m[7m  [0m[7m  [0m[7m  [0m[7m  [0m[7m  [0m[7m  [0m[7m  [0m[7m  [0m[7m  [0m[7m  [0m
[7m  [0m[49m  [0m[49m  [0m[49m  [0m[49m  [0m[49m  [0m[49m  [0m[49m  [0m[7m  [0m[7m  [0m[7m  [0m[49m  [0m[7m  [0m[7m  [0m[49m  [0m[7m  [0m[7m  [0m[49m  [0m[7m  [0m[49m  [0m[49m  [0m[49m  [0m[49m  [0m[49m  [0m[49m  [0m[49m  [0m[7m  [0m
[7m  [0m[49m  [0m[7m  [0m[7m  [0m[7m  [0m[7m  [0m[7m  [0m[49m  [0m[7m  [0m[49m  [0m[49m  [0m[49m  [0m[7m  [0m[7m  [0m[7m  [0m[7m  [0m[49m  [0m[7m  [0m[7m  [0m[49m  [0m[7m  [0m[7m  [0m[7m  [0m[7m  [0m[7m  [0m[49m  [0m[7m  [0m
[7m  [0m[49m  [0m[7m  [0m[49m  [0m[49m  [0m[49m  [0m[7m  [0m[49m  [0m[7m  [0m[49m  [0m[7m  [0m[7m  [0m[7m  [0m[7m  [0m[49m  [0m[7m  [0m[49m  [0m[49m  [0m[7m  [0m[49m  [0m[7m  [0m[49m  [0m[49m  [0m[49m  [0m[7m  [0m[49m  [0m[7m  [0m
[7m  [0m[49m  [0m[7m  [0m[49m  [0m[49m  [0m[49m  [0m[7m  [0m[49m  [0m[7m  [0m[7m  [0m[49m  [0m[7m  [0m[7m  [0m[49m  [0m[7m  [0m[49m  [0m[7m  [0m[49m  [0m[7m  [0m[49m  [0m[7m  [0m[49m  [0m[49m  [0m[49m  [0m[7m  [0m[49m  [0m[7m  [0m
[7m  [0m[49m  [0m[7m  [0m[49m  [0m[49m  [0m[49m  [0m[7m  [0m[49m  [0m[7m  [0m[49m  [0m[49m  [0m[49m  [0m[7m  [0m[49m  [0m[7m  [0m[49m  [0m[49m  [0m[7m  [0m[7m  [0m[49m  [0m[7m  [0m[49m  [0m[49m  [0m[49m  [0m[7m  [0m[49m  [0m[7m  [0m
[7m  [0m[49m  [0m[7m  [0m[7m  [0m[7m  [0m[7m  [0m[7m  [0m[49m  [0m[7m  [0m[49m  [0m[7m  [0m[49m  [0m[7m  [0m[49m  [0m[7m  [0m[7m  [0m[7m  [0m[49m  [0m[7m  [0m[49m  [0m[7m  [0m[7m  [0m[7m  [0m[7m  [0m[7m  [0m[49m  [0m[7m  [0m
[7m  [0m[49m  [0m[49m  [0m[49m  [0m[49m  [0m[49m  [0m[49m  [0m[49m  [0m[7m  [0m[49m  [0m[7m  [0m[49m  [0m[7m  [0m[49m  [0m[7m  [0m[49m  [0m[7m  [0m[49m  [0m[7m  [0m[49m  [0m[49m  [0m[49m  [0m[49m  [0m[49m  [0m[49m  [0m[49m  [0m[7m  [0m
[7m  [0m[7m  [0m[7m  [0m[7m  [0m[7m  [0m[7m  [0m[7m  [0m[7m  [0m[7m  [0m[49m  [0m[7m  [0m[49m  [0m[49m  [0m[7m  [0m[49m  [0m[7m  [0m[7m  [0m[49m  [0m[7m  [0m[7m  [0m[7m  [0m[7m  [0m[7m  [0m[7m  [0m[7m  [0m[7m  [0m[7m  [0m
[7m  [0m[49m  [0m[49m  [0m[7m  [0m[49m  [0m[7m  [0m[7m  [0m[49m  [0m[49m  [0m[7m  [0m[7m  [0m[7m  [0m[49m  [0m[49m  [0m[49m  [0m[49m  [0m[49m  [0m[7m  [0m[7m  [0m[49m  [0m[49m  [0m[49m  [0m[7m  [0m[49m  [0m[49m  [0m[7m  [0m[7m  [0m
[7m  [0m[49m  [0m[7m  [0m[49m  [0m[49m  [0m[49m  [0m[7m  [0m[7m  [0m[7m  [0m[49m  [0m[49m  [0m[7m  [0m[49m  [0m[49m  [0m[7m  [0m[7m  [0m[7m  [0m[7m  [0m[49m  [0m[49m  [0m[7m  [0m[49m  [0m[7m  [0m[7m  [0m[49m  [0m[49m  [0m[7m  [0m
[7m  [0m[7m  [0m[49m  [0m[7m  [0m[49m  [0m[7m  [0m[7m  [0m[49m  [0m[49m  [0m[7m  [0m[7m  [0m[7m  [0m[49m  [0m[49m  [0m[49m  [0m[7m  [0m[7m  [0m[49m  [0m[49m  [0m[7m  [0m[49m  [0m[49m  [0m[49m  [0m[7m  [0m[49m  [0m[49m  [0m[7m  [0m
[7m  [0m[7m  [0m[49m  [0m[49m  [0m[49m  [0m[49m  [0m[49m  [0m[7m  [0m[49m  [0m[49m  [0m[49m  [0m[49m  [0m[49m  [0m[49m  [0m[7m  [0m[49m  [0m[7m  [0m[49m  [0m[7m  [0m[7m  [0m[49m  [0m[49m  [0m[7m  [0m[7m  [0m[7m  [0m[49m  [0m[7m  [0m
[7m  [0m[7m  [0m[7m  [0m[49m  [0m[7m  [0m[49m  [0m[7m  [0m[49m  [0m[49m  [0m[49m  [0m[7m  [0m[49m  [0m[49m  [0m[7m  [0m[49m  [0m[7m  [0m[49m  [0m[7m  [0m[49m  [0m[49m  [0m[7m  [0m[7m  [0m[7m  [0m[49m  [0m[7m  [0m[7m  [0m[7m  [0m
[7m  [0m[7m  [0m[7m  [0m[7m  [0m[49m  [0m[7m  [0m[7m  [0m[7m  [0m[7m  [0m[7m  [0m[49m  [0m[7m  [0m[49m  [0m[7m  [0m[7m  [0m[7m  [0m[7m  [0m[7m  [0m[49m  [0m[7m  [0m[49m  [0m[7m  [0m[7m  [0m[49m  [0m[49m  [0m[49m  [0m[7m  [0m
[7m  [0m[49m  [0m[7m  [0m[49m  [0m[7m  [0m[49m  [0m[49m  [0m[49m  [0m[49m  [0m[7m  [0m[7m  [0m[49m  [0m[49m  [0m[7m  [0m[7m  [0m[49m  [0m[7m  [0m[49m  [0m[7m  [0m[49m  [0m[49m  [0m[7m  [0m[7m  [0m[7m  [0m[49m  [0m[7m  [0m[7m  [0m
[7m  [0m[7m  [0m[49m  [0m[7m  [0m[7m  [0m[7m  [0m[49m  [0m[7m  [0m[49m  [0m[7m  [0m[49m  [0m[7m  [0m[49m  [0m[7m  [0m[7m  [0m[7m  [0m[7m  [0m[49m  [0m[49m  [0m[49m  [0m[49m  [0m[49m  [0m[49m  [0m[7m  [0m[7m  [0m[7m  [0m[7m  [0m
[7m  [0m[49m  [0m[49m  [0m[49m  [0m[7m  [0m[49m  [0m[7m  [0m[49m  [0m[7m  [0m[49m  [0m[7m  [0m[49m  [0m[7m  [0m[49m  [0m[7m  [0m[7m  [0m[7m  [0m[49m  [0m[49m  [0m[49m  [0m[49m  [0m[49m  [0m[49m  [0m[49m  [0m[7m  [0m[49m  [0m[7m  [0m
[7m  [0m[7m  [0m[7m  [0m[7m  [0m[7m  [0m[7m  [0m[7m  [0m[7m  [0m[7m  [0m[49m  [0m[49m  [0m[49m  [0m[7m  [0m[49m  [0m[49m  [0m[49m  [0m[7m  [0m[49m  [0m[7m  [0m[7m  [0m[7m  [0m[49m  [0m[7m  [0m[49m  [0m[49m  [0m[49m  [0m[7m  [0m
[7m  [0m[49m  [0m[49m  [0m[49m  [0m[49m  [0m[49m  [0m[49m  [0m[49m  [0m[7m  [0m[49m  [0m[7m  [0m[49m  [0m[49m  [0m[49m  [0m[7m  [0m[49m  [0m[49m  [0m[49m  [0m[7m  [0m[49m  [0m[7m  [0m[49m  [0m[49m  [0m[49m  [0m[7m  [0m[7m  [0m[7m  [0m
[7m  [0m[49m  [0m[7m  [0m[7m  [0m[7m  [0m[7m  [0m[7m  [0m[49m  [0m[7m  [0m[7m  [0m[7m  [0m[7m  [0m[7m  [0m[49m  [0m[7m  [0m[7m  [0m[7m  [0m[49m  [0m[7m  [0m[7m  [0m[7m  [0m[49m  [0m[7m  [0m[7m  [0m[7m  [0m[49m  [0m[7m  [0m
[7m  [0m[49m  [0m[7m  [0m[49m  [0m[49m  [0m[49m  [0m[7m  [0m[49m  [0m[7m  [0m[7m  [0m[7m  [0m[49m  [0m[7m  [0m[7m  [0m[7m  [0m[7m  [0m[7m  [0m[49m  [0m[49m  [0m[49m  [0m[49m  [0m[49m  [0m[49m  [0m[49m  [0m[7m  [0m[7m  [0m[7m  [0m
[7m  [0m[49m  [0m[7m  [0m[49m  [0m[49m  [0m[49m  [0m[7m  [0m[49m  [0m[7m  [0m[49m  [0m[7m  [0m[7m  [0m[49m  [0m[7m  [0m[7m  [0m[7m  [0m[49m  [0m[7m  [0m[49m  [0m[7m  [0m[7m  [0m[49m  [0m[49m  [0m[7m  [0m[49m  [0m[7m  [0m[7m  [0m
[7m  [0m[49m  [0m[7m  [0m[49m  [0m[49m  [0m[49m  [0m[7m  [0m[49m  [0m[7m  [0m[7m  [0m[7m  [0m[49m  [0m[7m  [0m[7m  [0m[7m  [0m[7m  [0m[7m  [0m[7m  [0m[49m  [0m[49m  [0m[49m  [0m[49m  [0m[7m  [0m[49m  [0m[7m  [0m[49m  [0m[7m  [0m
[7m  [0m[49m  [0m[7m  [0m[7m  [0m[7m  [0m[7m  [0m[7m  [0m[49m  [0m[7m  [0m[49m  [0m[7m  [0m[7m  [0m[7m  [0m[7m  [0m[7m  [0m[49m  [0m[7m  [0m[49m  [0m[49m  [0m[7m  [0m[7m  [0m[49m  [0m[49m  [0m[49m  [0m[7m  [0m[49m  [0m[7m  [0m
[7m  [0m[49m  [0m[49m  [0m[49m  [0m[49m  [0m[49m  [0m[49m  [0m[49m  [0m[7m  [0m[49m  [0m[7m  [0m[7m  [0m[7m  [0m[49m  [0m[7m  [0m[7m  [0m[7m  [0m[7m  [0m[7m  [0m[7m  [0m[49m  [0m[49m  [0m[7m  [0m[49m  [0m[7m  [0m[49m  [0m[7m  [0m
[7m  [0m[7m  [0m[7m  [0m[7m  [0m[7m  [0m[7m  [0m[7m  [0m[7m  [0m[7m  [0m[7m  [0m[7m  [0m[7m  [0m[7m  [0m[7m  [0m[7m  [0m[7m  [0m[7m  [0m[7m  [0m[7m  [0m[7m  [0m[7m  [0m[7m  [0m[7m  [0m[7m  [0m[7m  [0m[7m  [0m[7m  [0m

e5d4e9b5b18035.lhr.life tunneled with tls termination, https://e5d4e9b5b18035.lhr.life
create an account and add your key for a longer lasting domain name. see https://localhost.run/docs/forever-free/ for more information.
Open your tunnel address on your mobile with this QR:

[7m  [0m[7m  [0m[7m  [0m[7m  [0m[7m  [0m[7m  [0m[7m  [0m[7m  [0m[7m  [0m[7m  [0m[7m  [0m[7m  [0m[7m  [0m[7m  [0m[7m  [0m[7m  [0m[7m  [0m[7m  [0m[7m  [0m[7m  [0m[7m  [0m[7m  [0m[7m  [0m[7m  [0m[7m  [0m[7m  [0m[7m  [0m
[7m  [0m[49m  [0m[49m  [0m[49m  [0m[49m  [0m[49m  [0m[49m  [0m[49m  [0m[7m  [0m[7m  [0m[7m  [0m[49m  [0m[7m  [0m[7m  [0m[49m  [0m[7m  [0m[7m  [0m[49m  [0m[7m  [0m[49m  [0m[49m  [0m[49m  [0m[49m  [0m[49m  [0m[49m  [0m[49m  [0m[7m  [0m
[7m  [0m[49m  [0m[7m  [0m[7m  [0m[7m  [0m[7m  [0m[7m  [0m[49m  [0m[7m  [0m[49m  [0m[49m  [0m[49m  [0m[7m  [0m[7m  [0m[7m  [0m[7m  [0m[49m  [0m[7m  [0m[7m  [0m[49m  [0m[7m  [0m[7m  [0m[7m  [0m[7m  [0m[7m  [0m[49m  [0m[7m  [0m
[7m  [0m[49m  [0m[7m  [0m[49m  [0m[49m  [0m[49m  [0m[7m  [0m[49m  [0m[7m  [0m[49m  [0m[7m  [0m[7m  [0m[7m  [0m[7m  [0m[49m  [0m[7m  [0m[49m  [0m[49m  [0m[7m  [0m[49m  [0m[7m  [0m[49m  [0m[49m  [0m[49m  [0m[7m  [0m[49m  [0m[7m  [0m
[7m  [0m[49m  [0m[7m  [0m[49m  [0m[49m  [0m[49m  [0m[7m  [0m[49m  [0m[7m  [0m[7m  [0m[49m  [0m[7m  [0m[7m  [0m[49m  [0m[7m  [0m[49m  [0m[7m  [0m[49m  [0m[7m  [0m[49m  [0m[7m  [0m[49m  [0m[49m  [0m[49m  [0m[7m  [0m[49m  [0m[7m  [0m
[7m  [0m[49m  [0m[7m  [0m[49m  [0m[49m  [0m[49m  [0m[7m  [0m[49m  [0m[7m  [0m[49m  [0m[49m  [0m[49m  [0m[7m  [0m[49m  [0m[7m  [0m[49m  [0m[49m  [0m[7m  [0m[7m  [0m[49m  [0m[7m  [0m[49m  [0m[49m  [0m[49m  [0m[7m  [0m[49m  [0m[7m  [0m
[7m  [0m[49m  [0m[7m  [0m[7m  [0m[7m  [0m[7m  [0m[7m  [0m[49m  [0m[7m  [0m[49m  [0m[7m  [0m[49m  [0m[7m  [0m[49m  [0m[7m  [0m[7m  [0m[7m  [0m[49m  [0m[7m  [0m[49m  [0m[7m  [0m[7m  [0m[7m  [0m[7m  [0m[7m  [0m[49m  [0m[7m  [0m
[7m  [0m[49m  [0m[49m  [0m[49m  [0m[49m  [0m[49m  [0m[49m  [0m[49m  [0m[7m  [0m[49m  [0m[7m  [0m[49m  [0m[7m  [0m[49m  [0m[7m  [0m[49m  [0m[7m  [0m[49m  [0m[7m  [0m[49m  [0m[49m  [0m[49m  [0m[49m  [0m[49m  [0m[49m  [0m[49m  [0m[7m  [0m
[7m  [0m[7m  [0m[7m  [0m[7m  [0m[7m  [0m[7m  [0m[7m  [0m[7m  [0m[7m  [0m[49m  [0m[7m  [0m[49m  [0m[49m  [0m[7m  [0m[49m  [0m[7m  [0m[7m  [0m[49m  [0m[7m  [0m[7m  [0m[7m  [0m[7m  [0m[7m  [0m[7m  [0m[7m  [0m[7m  [0m[7m  [0m
[7m  [0m[49m  [0m[49m  [0m[7m  [0m[49m  [0m[7m  [0m[7m  [0m[49m  [0m[49m  [0m[7m  [0m[7m  [0m[7m  [0m[49m  [0m[49m  [0m[49m  [0m[49m  [0m[49m  [0m[7m  [0m[7m  [0m[49m  [0m[49m  [0m[49m  [0m[7m  [0m[49m  [0m[49m  [0m[7m  [0m[7m  [0m
[7m  [0m[7m  [0m[49m  [0m[49m  [0m[7m  [0m[49m  [0m[7m  [0m[7m  [0m[49m  [0m[7m  [0m[49m  [0m[7m  [0m[49m  [0m[49m  [0m[7m  [0m[7m  [0m[7m  [0m[7m  [0m[7m  [0m[49m  [0m[7m  [0m[49m  [0m[7m  [0m[7m  [0m[49m  [0m[49m  [0m[7m  [0m
[7m  [0m[7m  [0m[7m  [0m[49m  [0m[7m  [0m[7m  [0m[49m  [0m[49m  [0m[7m  [0m[49m  [0m[7m  [0m[7m  [0m[49m  [0m[49m  [0m[49m  [0m[7m  [0m[7m  [0m[49m  [0m[49m  [0m[7m  [0m[7m  [0m[49m  [0m[49m  [0m[7m  [0m[49m  [0m[49m  [0m[7m  [0m
[7m  [0m[49m  [0m[7m  [0m[49m  [0m[49m  [0m[7m  [0m[49m  [0m[7m  [0m[49m  [0m[7m  [0m[49m  [0m[49m  [0m[49m  [0m[49m  [0m[7m  [0m[49m  [0m[7m  [0m[7m  [0m[7m  [0m[7m  [0m[49m  [0m[7m  [0m[7m  [0m[7m  [0m[7m  [0m[49m  [0m[7m  [0m
[7m  [0m[49m  [0m[7m  [0m[7m  [0m[49m  [0m[49m  [0m[49m  [0m[49m  [0m[49m  [0m[49m  [0m[7m  [0m[49m  [0m[49m  [0m[7m  [0m[49m  [0m[7m  [0m[7m  [0m[49m  [0m[49m  [0m[7m  [0m[7m  [0m[7m  [0m[7m  [0m[49m  [0m[7m  [0m[7m  [0m[7m  [0m
[7m  [0m[7m  [0m[49m  [0m[49m  [0m[49m  [0m[7m  [0m[7m  [0m[7m  [0m[49m  [0m[49m  [0m[49m  [0m[7m  [0m[49m  [0m[7m  [0m[7m  [0m[7m  [0m[7m  [0m[49m  [0m[7m  [0m[49m  [0m[7m  [0m[49m  [0m[7m  [0m[49m  [0m[49m  [0m[49m  [0m[7m  [0m
[7m  [0m[49m  [0m[7m  [0m[7m  [0m[49m  [0m[49m  [0m[49m  [0m[49m  [0m[7m  [0m[49m  [0m[49m  [0m[49m  [0m[49m  [0m[7m  [0m[7m  [0m[49m  [0m[7m  [0m[49m  [0m[49m  [0m[7m  [0m[49m  [0m[7m  [0m[7m  [0m[7m  [0m[49m  [0m[7m  [0m[7m  [0m
[7m  [0m[7m  [0m[49m  [0m[7m  [0m[49m  [0m[7m  [0m[7m  [0m[7m  [0m[7m  [0m[7m  [0m[49m  [0m[7m  [0m[49m  [0m[7m  [0m[7m  [0m[7m  [0m[49m  [0m[7m  [0m[49m  [0m[49m  [0m[49m  [0m[49m  [0m[49m  [0m[7m  [0m[7m  [0m[7m  [0m[7m  [0m
[7m  [0m[49m  [0m[49m  [0m[49m  [0m[7m  [0m[49m  [0m[7m  [0m[49m  [0m[7m  [0m[49m  [0m[49m  [0m[49m  [0m[7m  [0m[49m  [0m[7m  [0m[7m  [0m[7m  [0m[49m  [0m[49m  [0m[49m  [0m[49m  [0m[49m  [0m[49m  [0m[49m  [0m[7m  [0m[49m  [0m[7m  [0m
[7m  [0m[7m  [0m[7m  [0m[7m  [0m[7m  [0m[7m  [0m[7m  [0m[7m  [0m[7m  [0m[49m  [0m[49m  [0m[49m  [0m[7m  [0m[49m  [0m[49m  [0m[49m  [0m[7m  [0m[49m  [0m[7m  [0m[7m  [0m[7m  [0m[49m  [0m[7m  [0m[49m  [0m[49m  [0m[49m  [0m[7m  [0m
[7m  [0m[49m  [0m[49m  [0m[49m  [0m[49m  [0m[49m  [0m[49m  [0m[49m  [0m[7m  [0m[49m  [0m[7m  [0m[7m  [0m[49m  [0m[49m  [0m[7m  [0m[49m  [0m[7m  [0m[49m  [0m[7m  [0m[49m  [0m[7m  [0m[49m  [0m[49m  [0m[49m  [0m[7m  [0m[7m  [0m[7m  [0m
[7m  [0m[49m  [0m[7m  [0m[7m  [0m[7m  [0m[7m  [0m[7m  [0m[49m  [0m[7m  [0m[7m  [0m[7m  [0m[7m  [0m[7m  [0m[49m  [0m[7m  [0m[7m  [0m[7m  [0m[49m  [0m[7m  [0m[7m  [0m[7m  [0m[49m  [0m[7m  [0m[7m  [0m[7m  [0m[49m  [0m[7m  [0m
[7m  [0m[49m  [0m[7m  [0m[49m  [0m[49m  [0m[49m  [0m[7m  [0m[49m  [0m[7m  [0m[7m  [0m[49m  [0m[49m  [0m[7m  [0m[7m  [0m[7m  [0m[7m  [0m[49m  [0m[49m  [0m[49m  [0m[49m  [0m[49m  [0m[49m  [0m[49m  [0m[49m  [0m[7m  [0m[7m  [0m[7m  [0m
[7m  [0m[49m  [0m[7m  [0m[49m  [0m[49m  [0m[49m  [0m[7m  [0m[49m  [0m[7m  [0m[49m  [0m[49m  [0m[49m  [0m[49m  [0m[7m  [0m[7m  [0m[7m  [0m[49m  [0m[49m  [0m[49m  [0m[7m  [0m[49m  [0m[7m  [0m[49m  [0m[7m  [0m[49m  [0m[7m  [0m[7m  [0m
[7m  [0m[49m  [0m[7m  [0m[49m  [0m[49m  [0m[49m  [0m[7m  [0m[49m  [0m[7m  [0m[7m  [0m[49m  [0m[7m  [0m[7m  [0m[7m  [0m[7m  [0m[7m  [0m[7m  [0m[7m  [0m[49m  [0m[49m  [0m[7m  [0m[49m  [0m[7m  [0m[49m  [0m[7m  [0m[49m  [0m[7m  [0m
[7m  [0m[49m  [0m[7m  [0m[7m  [0m[7m  [0m[7m  [0m[7m  [0m[49m  [0m[7m  [0m[49m  [0m[49m  [0m[7m  [0m[7m  [0m[7m  [0m[7m  [0m[49m  [0m[49m  [0m[7m  [0m[49m  [0m[49m  [0m[7m  [0m[7m  [0m[7m  [0m[7m  [0m[7m  [0m[49m  [0m[7m  [0m
[7m  [0m[49m  [0m[49m  [0m[49m  [0m[49m  [0m[49m  [0m[49m  [0m[49m  [0m[7m  [0m[49m  [0m[49m  [0m[7m  [0m[7m  [0m[49m  [0m[7m  [0m[7m  [0m[7m  [0m[49m  [0m[49m  [0m[7m  [0m[7m  [0m[7m  [0m[49m  [0m[7m  [0m[7m  [0m[49m  [0m[7m  [0m
[7m  [0m[7m  [0m[7m  [0m[7m  [0m[7m  [0m[7m  [0m[7m  [0m[7m  [0m[7m  [0m[7m  [0m[7m  [0m[7m  [0m[7m  [0m[7m  [0m[7m  [0m[7m  [0m[7m  [0m[7m  [0m[7m  [0m[7m  [0m[7m  [0m[7m  [0m[7m  [0m[7m  [0m[7m  [0m[7m  [0m[7m  [0m

a52f8fa6a6317a.lhr.life tunneled with tls termination, https://a52f8fa6a6317a.lhr.life
create an account and add your key for a longer lasting domain name. see https://localhost.run/docs/forever-free/ for more information.
Open your tunnel address on your mobile with this QR:

[7m  [0m[7m  [0m[7m  [0m[7m  [0m[7m  [0m[7m  [0m[7m  [0m[7m  [0m[7m  [0m[7m  [0m[7m  [0m[7m  [0m[7m  [0m[7m  [0m[7m  [0m[7m  [0m[7m  [0m[7m  [0m[7m  [0m[7m  [0m[7m  [0m[7m  [0m[7m  [0m[7m  [0m[7m  [0m[7m  [0m[7m  [0m
[7m  [0m[49m  [0m[49m  [0m[49m  [0m[49m  [0m[49m  [0m[49m  [0m[49m  [0m[7m  [0m[7m  [0m[7m  [0m[49m  [0m[7m  [0m[7m  [0m[49m  [0m[7m  [0m[7m  [0m[49m  [0m[7m  [0m[49m  [0m[49m  [0m[49m  [0m[49m  [0m[49m  [0m[49m  [0m[49m  [0m[7m  [0m
[7m  [0m[49m  [0m[7m  [0m[7m  [0m[7m  [0m[7m  [0m[7m  [0m[49m  [0m[7m  [0m[7m  [0m[49m  [0m[7m  [0m[7m  [0m[7m  [0m[49m  [0m[7m  [0m[49m  [0m[49m  [0m[7m  [0m[49m  [0m[7m  [0m[7m  [0m[7m  [0m[7m  [0m[7m  [0m[49m  [0m[7m  [0m
[7m  [0m[49m  [0m[7m  [0m[49m  [0m[49m  [0m[49m  [0m[7m  [0m[49m  [0m[7m  [0m[49m  [0m[7m  [0m[7m  [0m[49m  [0m[7m  [0m[49m  [0m[49m  [0m[49m  [0m[49m  [0m[7m  [0m[49m  [0m[7m  [0m[49m  [0m[49m  [0m[49m  [0m[7m  [0m[49m  [0m[7m  [0m
[7m  [0m[49m  [0m[7m  [0m[49m  [0m[49m  [0m[49m  [0m[7m  [0m[49m  [0m[7m  [0m[7m  [0m[49m  [0m[7m  [0m[7m  [0m[49m  [0m[7m  [0m[49m  [0m[7m  [0m[49m  [0m[7m  [0m[49m  [0m[7m  [0m[49m  [0m[49m  [0m[49m  [0m[7m  [0m[49m  [0m[7m  [0m
[7m  [0m[49m  [0m[7m  [0m[49m  [0m[49m  [0m[49m  [0m[7m  [0m[49m  [0m[7m  [0m[7m  [0m[49m  [0m[7m  [0m[7m  [0m[49m  [0m[49m  [0m[49m  [0m[49m  [0m[49m  [0m[7m  [0m[49m  [0m[7m  [0m[49m  [0m[49m  [0m[49m  [0m[7m  [0m[49m  [0m[7m  [0m
[7m  [0m[49m  [0m[7m  [0m[7m  [0m[7m  [0m[7m  [0m[7m  [0m[49m  [0m[7m  [0m[7m  [0m[7m  [0m[49m  [0m[49m  [0m[49m  [0m[7m  [0m[49m  [0m[7m  [0m[49m  [0m[7m  [0m[49m  [0m[7m  [0m[7m  [0m[7m  [0m[7m  [0m[7m  [0m[49m  [0m[7m  [0m
[7m  [0m[49m  [0m[49m  [0m[49m  [0m[49m  [0m[49m  [0m[49m  [0m[49m  [0m[7m  [0m[49m  [0m[7m  [0m[49m  [0m[7m  [0m[49m  [0m[7m  [0m[49m  [0m[7m  [0m[49m  [0m[7m  [0m[49m  [0m[49m  [0m[49m  [0m[49m  [0m[49m  [0m[49m  [0m[49m  [0m[7m  [0m
[7m  [0m[7m  [0m[7m  [0m[7m  [0m[7m  [0m[7m  [0m[7m  [0m[7m  [0m[7m  [0m[49m  [0m[7m  [0m[7m  [0m[49m  [0m[7m  [0m[7m  [0m[7m  [0m[7m  [0m[7m  [0m[7m  [0m[7m  [0m[7m  [0m[7m  [0m[7m  [0m[7m  [0m[7m  [0m[7m  [0m[7m  [0m
[7m  [0m[49m  [0m[49m  [0m[49m  [0m[7m  [0m[49m  [0m[49m  [0m[49m  [0m[49m  [0m[49m  [0m[7m  [0m[7m  [0m[7m  [0m[49m  [0m[49m  [0m[7m  [0m[49m  [0m[7m  [0m[49m  [0m[49m  [0m[7m  [0m[7m  [0m[7m  [0m[49m  [0m[7m  [0m[7m  [0m[7m  [0m
[7m  [0m[49m  [0m[7m  [0m[7m  [0m[49m  [0m[49m  [0m[49m  [0m[7m  [0m[49m  [0m[7m  [0m[49m  [0m[7m  [0m[49m  [0m[49m  [0m[7m  [0m[7m  [0m[7m  [0m[49m  [0m[7m  [0m[7m  [0m[7m  [0m[49m  [0m[7m  [0m[7m  [0m[49m  [0m[49m  [0m[7m  [0m
[7m  [0m[49m  [0m[49m  [0m[7m  [0m[7m  [0m[7m  [0m[7m  [0m[49m  [0m[49m  [0m[7m  [0m[7m  [0m[49m  [0m[49m  [0m[49m  [0m[7m  [0m[7m  [0m[7m  [0m[7m  [0m[49m  [0m[7m  [0m[49m  [0m[49m  [0m[49m  [0m[49m  [0m[49m  [0m[49m  [0m[7m  [0m
[7m  [0m[7m  [0m[49m  [0m[7m  [0m[7m  [0m[49m  [0m[49m  [0m[7m  [0m[7m  [0m[49m  [0m[49m  [0m[49m  [0m[7m  [0m[49m  [0m[7m  [0m[7m  [0m[49m  [0m[7m  [0m[49m  [0m[7m  [0m[7m  [0m[7m  [0m[7m  [0m[7m  [0m[49m  [0m[49m  [0m[7m  [0m
[7m  [0m[49m  [0m[49m  [0m[49m  [0m[7m  [0m[49m  [0m[7m  [0m[49m  [0m[7m  [0m[7m  [0m[7m  [0m[49m  [0m[49m  [0m[7m  [0m[49m  [0m[7m  [0m[7m  [0m[7m  [0m[49m  [0m[7m  [0m[7m  [0m[7m  [0m[7m  [0m[49m  [0m[7m  [0m[7m  [0m[7m  [0m
[7m  [0m[7m  [0m[49m  [0m[49m  [0m[7m  [0m[49m  [0m[49m  [0m[7m  [0m[7m  [0m[49m  [0m[49m  [0m[49m  [0m[49m  [0m[7m  [0m[49m  [0m[7m  [0m[49m  [0m[49m  [0m[49m  [0m[49m  [0m[49m  [0m[7m  [0m[7m  [0m[7m  [0m[49m  [0m[49m  [0m[7m  [0m
[7m  [0m[49m  [0m[7m  [0m[49m  [0m[49m  [0m[7m  [0m[7m  [0m[49m  [0m[7m  [0m[7m  [0m[7m  [0m[7m  [0m[7m  [0m[7m  [0m[7m  [0m[7m  [0m[7m  [0m[49m  [0m[49m  [0m[49m  [0m[49m  [0m[49m  [0m[7m  [0m[7m  [0m[7m  [0m[7m  [0m[7m  [0m
[7m  [0m[7m  [0m[49m  [0m[49m  [0m[49m  [0m[7m  [0m[7m  [0m[7m  [0m[49m  [0m[49m  [0m[49m  [0m[7m  [0m[49m  [0m[7m  [0m[7m  [0m[7m  [0m[49m  [0m[7m  [0m[49m  [0m[7m  [0m[7m  [0m[49m  [0m[49m  [0m[7m  [0m[7m  [0m[7m  [0m[7m  [0m
[7m  [0m[49m  [0m[7m  [0m[7m  [0m[49m  [0m[49m  [0m[7m  [0m[49m  [0m[7m  [0m[49m  [0m[7m  [0m[49m  [0m[7m  [0m[49m  [0m[49m  [0m[7m  [0m[7m  [0m[49m  [0m[49m  [0m[49m  [0m[49m  [0m[49m  [0m[49m  [0m[7m  [0m[7m  [0m[49m  [0m[7m  [0m
[7m  [0m[7m  [0m[7m  [0m[7m  [0m[7m  [0m[7m  [0m[7m  [0m[7m  [0m[7m  [0m[49m  [0m[49m  [0m[7m  [0m[49m  [0m[49m  [0m[49m  [0m[7m  [0m[7m  [0m[49m  [0m[7m  [0m[7m  [0m[7m  [0m[49m  [0m[7m  [0m[49m  [0m[7m  [0m[49m  [0m[7m  [0m
[7m  [0m[49m  [0m[49m  [0m[49m  [0m[49m  [0m[49m  [0m[49m  [0m[49m  [0m[7m  [0m[49m  [0m[49m  [0m[49m  [0m[49m  [0m[49m  [0m[7m  [0m[49m  [0m[7m  [0m[49m  [0m[7m  [0m[49m  [0m[7m  [0m[49m  [0m[49m  [0m[49m  [0m[7m  [0m[7m  [0m[7m  [0m
[7m  [0m[49m  [0m[7m  [0m[7m  [0m[7m  [0m[7m  [0m[7m  [0m[49m  [0m[7m  [0m[49m  [0m[49m  [0m[49m  [0m[7m  [0m[49m  [0m[49m  [0m[7m  [0m[49m  [0m[49m  [0m[7m  [0m[7m  [0m[7m  [0m[49m  [0m[7m  [0m[49m  [0m[7m  [0m[49m  [0m[7m  [0m
[7m  [0m[49m  [0m[7m  [0m[49m  [0m[49m  [0m[49m  [0m[7m  [0m[49m  [0m[7m  [0m[49m  [0m[7m  [0m[7m  [0m[49m  [0m[7m  [0m[7m  [0m[49m  [0m[7m  [0m[49m  [0m[49m  [0m[49m  [0m[49m  [0m[49m  [0m[49m  [0m[49m  [0m[49m  [0m[7m  [0m[7m  [0m
[7m  [0m[49m  [0m[7m  [0m[49m  [0m[49m  [0m[49m  [0m[7m  [0m[49m  [0m[7m  [0m[7m  [0m[49m  [0m[7m  [0m[49m  [0m[7m  [0m[7m  [0m[7m  [0m[7m  [0m[7m  [0m[49m  [0m[7m  [0m[49m  [0m[7m  [0m[49m  [0m[7m  [0m[49m  [0m[7m  [0m[7m  [0m
[7m  [0m[49m  [0m[7m  [0m[49m  [0m[49m  [0m[49m  [0m[7m  [0m[49m  [0m[7m  [0m[49m  [0m[7m  [0m[7m  [0m[7m  [0m[7m  [0m[49m  [0m[7m  [0m[7m  [0m[49m  [0m[49m  [0m[49m  [0m[7m  [0m[49m  [0m[49m  [0m[49m  [0m[7m  [0m[49m  [0m[7m  [0m
[7m  [0m[49m  [0m[7m  [0m[7m  [0m[7m  [0m[7m  [0m[7m  [0m[49m  [0m[7m  [0m[49m  [0m[49m  [0m[7m  [0m[49m  [0m[7m  [0m[7m  [0m[7m  [0m[49m  [0m[7m  [0m[7m  [0m[49m  [0m[7m  [0m[49m  [0m[7m  [0m[49m  [0m[49m  [0m[49m  [0m[7m  [0m
[7m  [0m[49m  [0m[49m  [0m[49m  [0m[49m  [0m[49m  [0m[49m  [0m[49m  [0m[7m  [0m[49m  [0m[7m  [0m[7m  [0m[7m  [0m[49m  [0m[7m  [0m[7m  [0m[7m  [0m[7m  [0m[7m  [0m[49m  [0m[49m  [0m[49m  [0m[7m  [0m[49m  [0m[7m  [0m[49m  [0m[7m  [0m
[7m  [0m[7m  [0m[7m  [0m[7m  [0m[7m  [0m[7m  [0m[7m  [0m[7m  [0m[7m  [0m[7m  [0m[7m  [0m[7m  [0m[7m  [0m[7m  [0m[7m  [0m[7m  [0m[7m  [0m[7m  [0m[7m  [0m[7m  [0m[7m  [0m[7m  [0m[7m  [0m[7m  [0m[7m  [0m[7m  [0m[7m  [0m

76d064a67fed66.lhr.life tunneled with tls termination, https://76d064a67fed66.lhr.life
create an account and add your key for a longer lasting domain name. see https://localhost.run/docs/forever-free/ for more information.
Open your tunnel address on your mobile with this QR:

[7m  [0m[7m  [0m[7m  [0m[7m  [0m[7m  [0m[7m  [0m[7m  [0m[7m  [0m[7m  [0m[7m  [0m[7m  [0m[7m  [0m[7m  [0m[7m  [0m[7m  [0m[7m  [0m[7m  [0m[7m  [0m[7m  [0m[7m  [0m[7m  [0m[7m  [0m[7m  [0m[7m  [0m[7m  [0m[7m  [0m[7m  [0m
[7m  [0m[49m  [0m[49m  [0m[49m  [0m[49m  [0m[49m  [0m[49m  [0m[49m  [0m[7m  [0m[7m  [0m[7m  [0m[49m  [0m[7m  [0m[7m  [0m[49m  [0m[7m  [0m[7m  [0m[49m  [0m[7m  [0m[49m  [0m[49m  [0m[49m  [0m[49m  [0m[49m  [0m[49m  [0m[49m  [0m[7m  [0m
[7m  [0m[49m  [0m[7m  [0m[7m  [0m[7m  [0m[7m  [0m[7m  [0m[49m  [0m[7m  [0m[49m  [0m[49m  [0m[49m  [0m[7m  [0m[7m  [0m[7m  [0m[7m  [0m[49m  [0m[7m  [0m[7m  [0m[49m  [0m[7m  [0m[7m  [0m[7m  [0m[7m  [0m[7m  [0m[49m  [0m[7m  [0m
[7m  [0m[49m  [0m[7m  [0m[49m  [0m[49m  [0m[49m  [0m[7m  [0m[49m  [0m[7m  [0m[49m  [0m[7m  [0m[7m  [0m[7m  [0m[7m  [0m[49m  [0m[7m  [0m[49m  [0m[49m  [0m[7m  [0m[49m  [0m[7m  [0m[49m  [0m[49m  [0m[49m  [0m[7m  [0m[49m  [0m[7m  [0m
[7m  [0m[49m  [0m[7m  [0m[49m  [0m[49m  [0m[49m  [0m[7m  [0m[49m  [0m[7m  [0m[7m  [0m[49m  [0m[7m  [0m[7m  [0m[49m  [0m[7m  [0m[49m  [0m[7m  [0m[49m  [0m[7m  [0m[49m  [0m[7m  [0m[49m  [0m[49m  [0m[49m  [0m[7m  [0m[49m  [0m[7m  [0m
[7m  [0m[49m  [0m[7m  [0m[49m  [0m[49m  [0m[49m  [0m[7m  [0m[49m  [0m[7m  [0m[49m  [0m[49m  [0m[49m  [0m[7m  [0m[49m  [0m[7m  [0m[49m  [0m[49m  [0m[7m  [0m[7m  [0m[49m  [0m[7m  [0m[49m  [0m[49m  [0m[49m  [0m[7m  [0m[49m  [0m[7m  [0m
[7m  [0m[49m  [0m[7m  [0m[7m  [0m[7m  [0m[7m  [0m[7m  [0m[49m  [0m[7m  [0m[49m  [0m[7m  [0m[49m  [0m[7m  [0m[49m  [0m[7m  [0m[7m  [0m[7m  [0m[49m  [0m[7m  [0m[49m  [0m[7m  [0m[7m  [0m[7m  [0m[7m  [0m[7m  [0m[49m  [0m[7m  [0m
[7m  [0m[49m  [0m[49m  [0m[49m  [0m[49m  [0m[49m  [0m[49m  [0m[49m  [0m[7m  [0m[49m  [0m[7m  [0m[49m  [0m[7m  [0m[49m  [0m[7m  [0m[49m  [0m[7m  [0m[49m  [0m[7m  [0m[49m  [0m[49m  [0m[49m  [0m[49m  [0m[49m  [0m[49m  [0m[49m  [0m[7m  [0m
[7m  [0m[7m  [0m[7m  [0m[7m  [0m[7m  [0m[7m  [0m[7m  [0m[7m  [0m[7m  [0m[49m  [0m[7m  [0m[49m  [0m[49m  [0m[7m  [0m[49m  [0m[7m  [0m[7m  [0m[49m  [0m[7m  [0m[7m  [0m[7m  [0m[7m  [0m[7m  [0m[7m  [0m[7m  [0m[7m  [0m[7m  [0m
[7m  [0m[49m  [0m[49m  [0m[7m  [0m[49m  [0m[7m  [0m[7m  [0m[49m  [0m[49m  [0m[7m  [0m[7m  [0m[7m  [0m[49m  [0m[49m  [0m[49m  [0m[49m  [0m[49m  [0m[7m  [0m[7m  [0m[49m  [0m[49m  [0m[49m  [0m[7m  [0m[49m  [0m[49m  [0m[7m  [0m[7m  [0m
[7m  [0m[49m  [0m[49m  [0m[7m  [0m[49m  [0m[7m  [0m[49m  [0m[7m  [0m[49m  [0m[7m  [0m[49m  [0m[7m  [0m[49m  [0m[49m  [0m[7m  [0m[7m  [0m[7m  [0m[7m  [0m[49m  [0m[7m  [0m[7m  [0m[7m  [0m[7m  [0m[7m  [0m[49m  [0m[49m  [0m[7m  [0m
[7m  [0m[49m  [0m[49m  [0m[49m  [0m[7m  [0m[49m  [0m[49m  [0m[49m  [0m[49m  [0m[49m  [0m[7m  [0m[7m  [0m[49m  [0m[49m  [0m[49m  [0m[7m  [0m[7m  [0m[49m  [0m[7m  [0m[7m  [0m[49m  [0m[49m  [0m[49m  [0m[7m  [0m[49m  [0m[49m  [0m[7m  [0m
[7m  [0m[49m  [0m[49m  [0m[7m  [0m[7m  [0m[7m  [0m[49m  [0m[7m  [0m[7m  [0m[49m  [0m[49m  [0m[49m  [0m[49m  [0m[49m  [0m[7m  [0m[49m  [0m[49m  [0m[49m  [0m[7m  [0m[7m  [0m[7m  [0m[49m  [0m[7m  [0m[7m  [0m[7m  [0m[49m  [0m[7m  [0m
[7m  [0m[49m  [0m[49m  [0m[7m  [0m[7m  [0m[49m  [0m[7m  [0m[49m  [0m[49m  [0m[49m  [0m[7m  [0m[49m  [0m[49m  [0m[7m  [0m[49m  [0m[7m  [0m[7m  [0m[49m  [0m[49m  [0m[7m  [0m[7m  [0m[7m  [0m[7m  [0m[49m  [0m[7m  [0m[7m  [0m[7m  [0m
[7m  [0m[7m  [0m[7m  [0m[7m  [0m[49m  [0m[7m  [0m[49m  [0m[7m  [0m[7m  [0m[49m  [0m[7m  [0m[7m  [0m[49m  [0m[7m  [0m[7m  [0m[7m  [0m[49m  [0m[7m  [0m[49m  [0m[49m  [0m[7m  [0m[7m  [0m[7m  [0m[49m  [0m[49m  [0m[49m  [0m[7m  [0m
[7m  [0m[49m  [0m[7m  [0m[49m  [0m[7m  [0m[49m  [0m[7m  [0m[49m  [0m[7m  [0m[7m  [0m[49m  [0m[7m  [0m[49m  [0m[7m  [0m[7m  [0m[49m  [0m[7m  [0m[49m  [0m[7m  [0m[49m  [0m[49m  [0m[7m  [0m[7m  [0m[7m  [0m[49m  [0m[7m  [0m[7m  [0m
[7m  [0m[7m  [0m[49m  [0m[7m  [0m[49m  [0m[49m  [0m[7m  [0m[7m  [0m[49m  [0m[7m  [0m[7m  [0m[49m  [0m[49m  [0m[7m  [0m[7m  [0m[7m  [0m[7m  [0m[49m  [0m[49m  [0m[7m  [0m[49m  [0m[49m  [0m[49m  [0m[7m  [0m[7m  [0m[7m  [0m[7m  [0m
[7m  [0m[49m  [0m[49m  [0m[49m  [0m[7m  [0m[7m  [0m[49m  [0m[49m  [0m[7m  [0m[7m  [0m[49m  [0m[7m  [0m[7m  [0m[49m  [0m[7m  [0m[7m  [0m[7m  [0m[49m  [0m[49m  [0m[49m  [0m[49m  [0m[49m  [0m[49m  [0m[49m  [0m[7m  [0m[49m  [0m[7m  [0m
[7m  [0m[7m  [0m[7m  [0m[7m  [0m[7m  [0m[7m  [0m[7m  [0m[7m  [0m[7m  [0m[49m  [0m[7m  [0m[49m  [0m[7m  [0m[49m  [0m[49m  [0m[49m  [0m[49m  [0m[49m  [0m[7m  [0m[7m  [0m[7m  [0m[49m  [0m[7m  [0m[49m  [0m[49m  [0m[49m  [0m[7m  [0m
[7m  [0m[49m  [0m[49m  [0m[49m  [0m[49m  [0m[49m  [0m[49m  [0m[49m  [0m[7m  [0m[49m  [0m[49m  [0m[49m  [0m[49m  [0m[49m  [0m[7m  [0m[49m  [0m[7m  [0m[49m  [0m[7m  [0m[49m  [0m[7m  [0m[49m  [0m[49m  [0m[49m  [0m[7m  [0m[7m  [0m[7m  [0m
[7m  [0m[49m  [0m[7m  [0m[7m  [0m[7m  [0m[7m  [0m[7m  [0m[49m  [0m[7m  [0m[7m  [0m[49m  [0m[7m  [0m[7m  [0m[49m  [0m[7m  [0m[7m  [0m[49m  [0m[49m  [0m[7m  [0m[7m  [0m[7m  [0m[49m  [0m[7m  [0m[7m  [0m[7m  [0m[49m  [0m[7m  [0m
[7m  [0m[49m  [0m[7m  [0m[49m  [0m[49m  [0m[49m  [0m[7m  [0m[49m  [0m[7m  [0m[7m  [0m[7m  [0m[49m  [0m[7m  [0m[7m  [0m[7m  [0m[7m  [0m[7m  [0m[49m  [0m[49m  [0m[49m  [0m[49m  [0m[49m  [0m[49m  [0m[49m  [0m[7m  [0m[7m  [0m[7m  [0m
[7m  [0m[49m  [0m[7m  [0m[49m  [0m[49m  [0m[49m  [0m[7m  [0m[49m  [0m[7m  [0m[49m  [0m[49m  [0m[7m  [0m[49m  [0m[7m  [0m[7m  [0m[7m  [0m[7m  [0m[7m  [0m[49m  [0m[7m  [0m[49m  [0m[7m  [0m[49m  [0m[7m  [0m[49m  [0m[7m  [0m[7m  [0m
[7m  [0m[49m  [0m[7m  [0m[49m  [0m[49m  [0m[49m  [0m[7m  [0m[49m  [0m[7m  [0m[7m  [0m[7m  [0m[7m  [0m[7m  [0m[7m  [0m[7m  [0m[7m  [0m[49m  [0m[7m  [0m[49m  [0m[49m  [0m[7m  [0m[49m  [0m[49m  [0m[7m  [0m[7m  [0m[49m  [0m[7m  [0m
[7m  [0m[49m  [0m[7m  [0m[7m  [0m[7m  [0m[7m  [0m[7m  [0m[49m  [0m[7m  [0m[49m  [0m[7m  [0m[7m  [0m[7m  [0m[7m  [0m[7m  [0m[49m  [0m[49m  [0m[49m  [0m[49m  [0m[7m  [0m[7m  [0m[49m  [0m[7m  [0m[7m  [0m[7m  [0m[49m  [0m[7m  [0m
[7m  [0m[49m  [0m[49m  [0m[49m  [0m[49m  [0m[49m  [0m[49m  [0m[49m  [0m[7m  [0m[49m  [0m[7m  [0m[49m  [0m[7m  [0m[49m  [0m[7m  [0m[7m  [0m[7m  [0m[7m  [0m[7m  [0m[49m  [0m[7m  [0m[49m  [0m[7m  [0m[49m  [0m[7m  [0m[49m  [0m[7m  [0m
[7m  [0m[7m  [0m[7m  [0m[7m  [0m[7m  [0m[7m  [0m[7m  [0m[7m  [0m[7m  [0m[7m  [0m[7m  [0m[7m  [0m[7m  [0m[7m  [0m[7m  [0m[7m  [0m[7m  [0m[7m  [0m[7m  [0m[7m  [0m[7m  [0m[7m  [0m[7m  [0m[7m  [0m[7m  [0m[7m  [0m[7m  [0m

221696f499ae58.lhr.life tunneled with tls termination, https://221696f499ae58.lhr.life
create an account and add your key for a longer lasting domain name. see https://localhost.run/docs/forever-free/ for more information.
Open your tunnel address on your mobile with this QR:

[7m  [0m[7m  [0m[7m  [0m[7m  [0m[7m  [0m[7m  [0m[7m  [0m[7m  [0m[7m  [0m[7m  [0m[7m  [0m[7m  [0m[7m  [0m[7m  [0m[7m  [0m[7m  [0m[7m  [0m[7m  [0m[7m  [0m[7m  [0m[7m  [0m[7m  [0m[7m  [0m[7m  [0m[7m  [0m[7m  [0m[7m  [0m
[7m  [0m[49m  [0m[49m  [0m[49m  [0m[49m  [0m[49m  [0m[49m  [0m[49m  [0m[7m  [0m[49m  [0m[49m  [0m[7m  [0m[7m  [0m[7m  [0m[49m  [0m[49m  [0m[49m  [0m[7m  [0m[7m  [0m[49m  [0m[49m  [0m[49m  [0m[49m  [0m[49m  [0m[49m  [0m[49m  [0m[7m  [0m
[7m  [0m[49m  [0m[7m  [0m[7m  [0m[7m  [0m[7m  [0m[7m  [0m[49m  [0m[7m  [0m[7m  [0m[7m  [0m[7m  [0m[7m  [0m[7m  [0m[7m  [0m[49m  [0m[7m  [0m[49m  [0m[7m  [0m[49m  [0m[7m  [0m[7m  [0m[7m  [0m[7m  [0m[7m  [0m[49m  [0m[7m  [0m
[7m  [0m[49m  [0m[7m  [0m[49m  [0m[49m  [0m[49m  [0m[7m  [0m[49m  [0m[7m  [0m[49m  [0m[7m  [0m[7m  [0m[49m  [0m[49m  [0m[7m  [0m[7m  [0m[49m  [0m[49m  [0m[7m  [0m[49m  [0m[7m  [0m[49m  [0m[49m  [0m[49m  [0m[7m  [0m[49m  [0m[7m  [0m
[7m  [0m[49m  [0m[7m  [0m[49m  [0m[49m  [0m[49m  [0m[7m  [0m[49m  [0m[7m  [0m[49m  [0m[49m  [0m[7m  [0m[49m  [0m[7m  [0m[49m  [0m[49m  [0m[7m  [0m[49m  [0m[7m  [0m[49m  [0m[7m  [0m[49m  [0m[49m  [0m[49m  [0m[7m  [0m[49m  [0m[7m  [0m
[7m  [0m[49m  [0m[7m  [0m[49m  [0m[49m  [0m[49m  [0m[7m  [0m[49m  [0m[7m  [0m[49m  [0m[49m  [0m[49m  [0m[49m  [0m[7m  [0m[49m  [0m[49m  [0m[49m  [0m[7m  [0m[7m  [0m[49m  [0m[7m  [0m[49m  [0m[49m  [0m[49m  [0m[7m  [0m[49m  [0m[7m  [0m
[7m  [0m[49m  [0m[7m  [0m[7m  [0m[7m  [0m[7m  [0m[7m  [0m[49m  [0m[7m  [0m[7m  [0m[49m  [0m[7m  [0m[7m  [0m[49m  [0m[7m  [0m[49m  [0m[49m  [0m[7m  [0m[7m  [0m[49m  [0m[7m  [0m[7m  [0m[7m  [0m[7m  [0m[7m  [0m[49m  [0m[7m  [0m
[7m  [0m[49m  [0m[49m  [0m[49m  [0m[49m  [0m[49m  [0m[49m  [0m[49m  [0m[7m  [0m[49m  [0m[7m  [0m[49m  [0m[7m  [0m[49m  [0m[7m  [0m[49m  [0m[7m  [0m[49m  [0m[7m  [0m[49m  [0m[49m  [0m[49m  [0m[49m  [0m[49m  [0m[49m  [0m[49m  [0m[7m  [0m
[7m  [0m[7m  [0m[7m  [0m[7m  [0m[7m  [0m[7m  [0m[7m  [0m[7m  [0m[7m  [0m[7m  [0m[49m  [0m[7m  [0m[49m  [0m[7m  [0m[49m  [0m[49m  [0m[49m  [0m[7m  [0m[7m  [0m[7m  [0m[7m  [0m[7m  [0m[7m  [0m[7m  [0m[7m  [0m[7m  [0m[7m  [0m
[7m  [0m[49m  [0m[49m  [0m[49m  [0m[49m  [0m[7m  [0m[7m  [0m[49m  [0m[7m  [0m[49m  [0m[7m  [0m[7m  [0m[7m  [0m[7m  [0m[7m  [0m[49m  [0m[49m  [0m[7m  [0m[49m  [0m[7m  [0m[7m  [0m[49m  [0m[49m  [0m[49m  [0m[7m  [0m[49m  [0m[7m  [0m
[7m  [0m[49m  [0m[49m  [0m[49m  [0m[49m  [0m[7m  [0m[49m  [0m[7m  [0m[49m  [0m[7m  [0m[49m  [0m[7m  [0m[7m  [0m[7m  [0m[49m  [0m[7m  [0m[7m  [0m[49m  [0m[7m  [0m[7m  [0m[49m  [0m[7m  [0m[7m  [0m[7m  [0m[7m  [0m[7m  [0m[7m  [0m
[7m  [0m[7m  [0m[7m  [0m[7m  [0m[49m  [0m[7m  [0m[49m  [0m[49m  [0m[7m  [0m[49m  [0m[7m  [0m[7m  [0m[7m  [0m[7m  [0m[7m  [0m[7m  [0m[7m  [0m[7m  [0m[7m  [0m[49m  [0m[7m  [0m[7m  [0m[49m  [0m[7m  [0m[7m  [0m[7m  [0m[7m  [0m
[7m  [0m[7m  [0m[7m  [0m[49m  [0m[7m  [0m[49m  [0m[49m  [0m[7m  [0m[7m  [0m[7m  [0m[7m  [0m[7m  [0m[49m  [0m[49m  [0m[7m  [0m[7m  [0m[49m  [0m[49m  [0m[49m  [0m[7m  [0m[7m  [0m[7m  [0m[49m  [0m[49m  [0m[7m  [0m[49m  [0m[7m  [0m
[7m  [0m[7m  [0m[49m  [0m[7m  [0m[49m  [0m[49m  [0m[7m  [0m[49m  [0m[49m  [0m[7m  [0m[49m  [0m[7m  [0m[49m  [0m[7m  [0m[49m  [0m[49m  [0m[7m  [0m[49m  [0m[49m  [0m[49m  [0m[7m  [0m[49m  [0m[49m  [0m[7m  [0m[7m  [0m[7m  [0m[7m  [0m
[7m  [0m[7m  [0m[49m  [0m[7m  [0m[49m  [0m[49m  [0m[49m  [0m[7m  [0m[49m  [0m[49m  [0m[7m  [0m[49m  [0m[49m  [0m[7m  [0m[7m  [0m[49m  [0m[49m  [0m[7m  [0m[7m  [0m[7m  [0m[49m  [0m[49m  [0m[49m  [0m[7m  [0m[49m  [0m[49m  [0m[7m  [0m
[7m  [0m[7m  [0m[49m  [0m[7m  [0m[7m  [0m[7m  [0m[7m  [0m[49m  [0m[7m  [0m[7m  [0m[49m  [0m[49m  [0m[7m  [0m[49m  [0m[49m  [0m[49m  [0m[7m  [0m[49m  [0m[7m  [0m[7m  [0m[49m  [0m[49m  [0m[7m  [0m[7m  [0m[7m  [0m[49m  [0m[7m  [0m
[7m  [0m[49m  [0m[7m  [0m[49m  [0m[7m  [0m[49m  [0m[7m  [0m[7m  [0m[49m  [0m[7m  [0m[49m  [0m[7m  [0m[7m  [0m[49m  [0m[49m  [0m[7m  [0m[49m  [0m[7m  [0m[49m  [0m[7m  [0m[49m  [0m[7m  [0m[49m  [0m[7m  [0m[49m  [0m[49m  [0m[7m  [0m
[7m  [0m[7m  [0m[7m  [0m[7m  [0m[49m  [0m[49m  [0m[7m  [0m[49m  [0m[49m  [0m[49m  [0m[49m  [0m[7m  [0m[49m  [0m[7m  [0m[49m  [0m[7m  [0m[7m  [0m[49m  [0m[49m  [0m[49m  [0m[49m  [0m[49m  [0m[49m  [0m[49m  [0m[49m  [0m[7m  [0m[7m  [0m
[7m  [0m[7m  [0m[7m  [0m[7m  [0m[7m  [0m[7m  [0m[7m  [0m[7m  [0m[7m  [0m[49m  [0m[49m  [0m[7m  [0m[7m  [0m[49m  [0m[49m  [0m[7m  [0m[7m  [0m[49m  [0m[7m  [0m[7m  [0m[7m  [0m[49m  [0m[49m  [0m[7m  [0m[49m  [0m[49m  [0m[7m  [0m
[7m  [0m[49m  [0m[49m  [0m[49m  [0m[49m  [0m[49m  [0m[49m  [0m[49m  [0m[7m  [0m[7m  [0m[7m  [0m[49m  [0m[49m  [0m[49m  [0m[7m  [0m[7m  [0m[7m  [0m[49m  [0m[7m  [0m[49m  [0m[7m  [0m[49m  [0m[7m  [0m[7m  [0m[7m  [0m[7m  [0m[7m  [0m
[7m  [0m[49m  [0m[7m  [0m[7m  [0m[7m  [0m[7m  [0m[7m  [0m[49m  [0m[7m  [0m[7m  [0m[7m  [0m[49m  [0m[7m  [0m[49m  [0m[7m  [0m[49m  [0m[7m  [0m[49m  [0m[7m  [0m[7m  [0m[7m  [0m[49m  [0m[49m  [0m[49m  [0m[7m  [0m[49m  [0m[7m  [0m
[7m  [0m[49m  [0m[7m  [0m[49m  [0m[49m  [0m[49m  [0m[7m  [0m[49m  [0m[7m  [0m[7m  [0m[7m  [0m[49m  [0m[49m  [0m[49m  [0m[49m  [0m[7m  [0m[49m  [0m[49m  [0m[49m  [0m[49m  [0m[49m  [0m[49m  [0m[49m  [0m[49m  [0m[49m  [0m[49m  [0m[7m  [0m
[7m  [0m[49m  [0m[7m  [0m[49m  [0m[49m  [0m[49m  [0m[7m  [0m[49m  [0m[7m  [0m[49m  [0m[49m  [0m[7m  [0m[7m  [0m[49m  [0m[49m  [0m[7m  [0m[7m  [0m[49m  [0m[7m  [0m[7m  [0m[7m  [0m[7m  [0m[49m  [0m[7m  [0m[7m  [0m[49m  [0m[7m  [0m
[7m  [0m[49m  [0m[7m  [0m[49m  [0m[49m  [0m[49m  [0m[7m  [0m[49m  [0m[7m  [0m[49m  [0m[7m  [0m[7m  [0m[49m  [0m[49m  [0m[49m  [0m[7m  [0m[7m  [0m[7m  [0m[7m  [0m[7m  [0m[7m  [0m[49m  [0m[7m  [0m[7m  [0m[49m  [0m[7m  [0m[7m  [0m
[7m  [0m[49m  [0m[7m  [0m[7m  [0m[7m  [0m[7m  [0m[7m  [0m[49m  [0m[7m  [0m[49m  [0m[49m  [0m[7m  [0m[7m  [0m[7m  [0m[7m  [0m[7m  [0m[7m  [0m[7m  [0m[7m  [0m[49m  [0m[49m  [0m[7m  [0m[49m  [0m[49m  [0m[7m  [0m[49m  [0m[7m  [0m
[7m  [0m[49m  [0m[49m  [0m[49m  [0m[49m  [0m[49m  [0m[49m  [0m[49m  [0m[7m  [0m[49m  [0m[7m  [0m[49m  [0m[7m  [0m[49m  [0m[7m  [0m[49m  [0m[7m  [0m[49m  [0m[49m  [0m[49m  [0m[49m  [0m[49m  [0m[7m  [0m[7m  [0m[7m  [0m[49m  [0m[7m  [0m
[7m  [0m[7m  [0m[7m  [0m[7m  [0m[7m  [0m[7m  [0m[7m  [0m[7m  [0m[7m  [0m[7m  [0m[7m  [0m[7m  [0m[7m  [0m[7m  [0m[7m  [0m[7m  [0m[7m  [0m[7m  [0m[7m  [0m[7m  [0m[7m  [0m[7m  [0m[7m  [0m[7m  [0m[7m  [0m[7m  [0m[7m  [0m

daefe9bf6568a5.lhr.life tunneled with tls termination, https://daefe9bf6568a5.lhr.life
create an account and add your key for a longer lasting domain name. see https://localhost.run/docs/forever-free/ for more information.
Open your tunnel address on your mobile with this QR:

[7m  [0m[7m  [0m[7m  [0m[7m  [0m[7m  [0m[7m  [0m[7m  [0m[7m  [0m[7m  [0m[7m  [0m[7m  [0m[7m  [0m[7m  [0m[7m  [0m[7m  [0m[7m  [0m[7m  [0m[7m  [0m[7m  [0m[7m  [0m[7m  [0m[7m  [0m[7m  [0m[7m  [0m[7m  [0m[7m  [0m[7m  [0m
[7m  [0m[49m  [0m[49m  [0m[49m  [0m[49m  [0m[49m  [0m[49m  [0m[49m  [0m[7m  [0m[49m  [0m[49m  [0m[7m  [0m[7m  [0m[7m  [0m[49m  [0m[49m  [0m[49m  [0m[7m  [0m[7m  [0m[49m  [0m[49m  [0m[49m  [0m[49m  [0m[49m  [0m[49m  [0m[49m  [0m[7m  [0m
[7m  [0m[49m  [0m[7m  [0m[7m  [0m[7m  [0m[7m  [0m[7m  [0m[49m  [0m[7m  [0m[7m  [0m[7m  [0m[7m  [0m[7m  [0m[7m  [0m[7m  [0m[49m  [0m[7m  [0m[49m  [0m[7m  [0m[49m  [0m[7m  [0m[7m  [0m[7m  [0m[7m  [0m[7m  [0m[49m  [0m[7m  [0m
[7m  [0m[49m  [0m[7m  [0m[49m  [0m[49m  [0m[49m  [0m[7m  [0m[49m  [0m[7m  [0m[49m  [0m[7m  [0m[7m  [0m[49m  [0m[49m  [0m[7m  [0m[7m  [0m[49m  [0m[49m  [0m[7m  [0m[49m  [0m[7m  [0m[49m  [0m[49m  [0m[49m  [0m[7m  [0m[49m  [0m[7m  [0m
[7m  [0m[49m  [0m[7m  [0m[49m  [0m[49m  [0m[49m  [0m[7m  [0m[49m  [0m[7m  [0m[49m  [0m[49m  [0m[7m  [0m[49m  [0m[7m  [0m[49m  [0m[49m  [0m[7m  [0m[49m  [0m[7m  [0m[49m  [0m[7m  [0m[49m  [0m[49m  [0m[49m  [0m[7m  [0m[49m  [0m[7m  [0m
[7m  [0m[49m  [0m[7m  [0m[49m  [0m[49m  [0m[49m  [0m[7m  [0m[49m  [0m[7m  [0m[49m  [0m[49m  [0m[49m  [0m[49m  [0m[7m  [0m[49m  [0m[49m  [0m[49m  [0m[7m  [0m[7m  [0m[49m  [0m[7m  [0m[49m  [0m[49m  [0m[49m  [0m[7m  [0m[49m  [0m[7m  [0m
[7m  [0m[49m  [0m[7m  [0m[7m  [0m[7m  [0m[7m  [0m[7m  [0m[49m  [0m[7m  [0m[7m  [0m[49m  [0m[7m  [0m[7m  [0m[49m  [0m[7m  [0m[49m  [0m[49m  [0m[7m  [0m[7m  [0m[49m  [0m[7m  [0m[7m  [0m[7m  [0m[7m  [0m[7m  [0m[49m  [0m[7m  [0m
[7m  [0m[49m  [0m[49m  [0m[49m  [0m[49m  [0m[49m  [0m[49m  [0m[49m  [0m[7m  [0m[49m  [0m[7m  [0m[49m  [0m[7m  [0m[49m  [0m[7m  [0m[49m  [0m[7m  [0m[49m  [0m[7m  [0m[49m  [0m[49m  [0m[49m  [0m[49m  [0m[49m  [0m[49m  [0m[49m  [0m[7m  [0m
[7m  [0m[7m  [0m[7m  [0m[7m  [0m[7m  [0m[7m  [0m[7m  [0m[7m  [0m[7m  [0m[7m  [0m[49m  [0m[7m  [0m[49m  [0m[7m  [0m[49m  [0m[49m  [0m[49m  [0m[7m  [0m[7m  [0m[7m  [0m[7m  [0m[7m  [0m[7m  [0m[7m  [0m[7m  [0m[7m  [0m[7m  [0m
[7m  [0m[49m  [0m[49m  [0m[49m  [0m[49m  [0m[7m  [0m[7m  [0m[49m  [0m[7m  [0m[49m  [0m[7m  [0m[7m  [0m[7m  [0m[7m  [0m[7m  [0m[49m  [0m[49m  [0m[7m  [0m[49m  [0m[7m  [0m[7m  [0m[49m  [0m[49m  [0m[49m  [0m[7m  [0m[49m  [0m[7m  [0m
[7m  [0m[7m  [0m[49m  [0m[49m  [0m[7m  [0m[7m  [0m[49m  [0m[7m  [0m[7m  [0m[49m  [0m[49m  [0m[7m  [0m[7m  [0m[7m  [0m[49m  [0m[7m  [0m[7m  [0m[49m  [0m[49m  [0m[7m  [0m[49m  [0m[49m  [0m[7m  [0m[7m  [0m[7m  [0m[7m  [0m[7m  [0m
[7m  [0m[7m  [0m[7m  [0m[49m  [0m[49m  [0m[49m  [0m[49m  [0m[49m  [0m[49m  [0m[49m  [0m[7m  [0m[7m  [0m[7m  [0m[7m  [0m[7m  [0m[7m  [0m[49m  [0m[49m  [0m[7m  [0m[49m  [0m[49m  [0m[49m  [0m[49m  [0m[7m  [0m[7m  [0m[7m  [0m[7m  [0m
[7m  [0m[49m  [0m[49m  [0m[7m  [0m[7m  [0m[49m  [0m[7m  [0m[7m  [0m[49m  [0m[7m  [0m[7m  [0m[7m  [0m[49m  [0m[49m  [0m[7m  [0m[7m  [0m[7m  [0m[49m  [0m[7m  [0m[7m  [0m[49m  [0m[49m  [0m[49m  [0m[49m  [0m[7m  [0m[49m  [0m[7m  [0m
[7m  [0m[7m  [0m[49m  [0m[7m  [0m[7m  [0m[7m  [0m[49m  [0m[49m  [0m[7m  [0m[49m  [0m[49m  [0m[7m  [0m[49m  [0m[7m  [0m[49m  [0m[49m  [0m[49m  [0m[49m  [0m[49m  [0m[7m  [0m[7m  [0m[49m  [0m[49m  [0m[7m  [0m[7m  [0m[7m  [0m[7m  [0m
[7m  [0m[7m  [0m[7m  [0m[7m  [0m[49m  [0m[49m  [0m[49m  [0m[7m  [0m[7m  [0m[49m  [0m[7m  [0m[49m  [0m[49m  [0m[7m  [0m[7m  [0m[49m  [0m[49m  [0m[49m  [0m[7m  [0m[49m  [0m[7m  [0m[7m  [0m[49m  [0m[7m  [0m[49m  [0m[49m  [0m[7m  [0m
[7m  [0m[7m  [0m[49m  [0m[7m  [0m[49m  [0m[49m  [0m[49m  [0m[49m  [0m[7m  [0m[7m  [0m[7m  [0m[7m  [0m[7m  [0m[49m  [0m[49m  [0m[49m  [0m[7m  [0m[49m  [0m[49m  [0m[49m  [0m[49m  [0m[7m  [0m[7m  [0m[7m  [0m[7m  [0m[49m  [0m[7m  [0m
[7m  [0m[49m  [0m[7m  [0m[49m  [0m[49m  [0m[49m  [0m[49m  [0m[7m  [0m[49m  [0m[49m  [0m[7m  [0m[7m  [0m[7m  [0m[49m  [0m[49m  [0m[7m  [0m[49m  [0m[49m  [0m[49m  [0m[7m  [0m[7m  [0m[7m  [0m[49m  [0m[7m  [0m[49m  [0m[49m  [0m[7m  [0m
[7m  [0m[7m  [0m[7m  [0m[49m  [0m[49m  [0m[7m  [0m[49m  [0m[49m  [0m[7m  [0m[49m  [0m[7m  [0m[49m  [0m[49m  [0m[7m  [0m[49m  [0m[7m  [0m[49m  [0m[49m  [0m[49m  [0m[49m  [0m[49m  [0m[49m  [0m[49m  [0m[49m  [0m[49m  [0m[7m  [0m[7m  [0m
[7m  [0m[7m  [0m[7m  [0m[7m  [0m[7m  [0m[7m  [0m[7m  [0m[7m  [0m[7m  [0m[49m  [0m[49m  [0m[7m  [0m[7m  [0m[49m  [0m[49m  [0m[7m  [0m[7m  [0m[49m  [0m[7m  [0m[7m  [0m[7m  [0m[49m  [0m[49m  [0m[7m  [0m[49m  [0m[49m  [0m[7m  [0m
[7m  [0m[49m  [0m[49m  [0m[49m  [0m[49m  [0m[49m  [0m[49m  [0m[49m  [0m[7m  [0m[7m  [0m[7m  [0m[7m  [0m[49m  [0m[49m  [0m[7m  [0m[7m  [0m[7m  [0m[49m  [0m[7m  [0m[49m  [0m[7m  [0m[49m  [0m[7m  [0m[7m  [0m[7m  [0m[7m  [0m[7m  [0m
[7m  [0m[49m  [0m[7m  [0m[7m  [0m[7m  [0m[7m  [0m[7m  [0m[49m  [0m[7m  [0m[7m  [0m[7m  [0m[49m  [0m[7m  [0m[49m  [0m[7m  [0m[49m  [0m[7m  [0m[49m  [0m[7m  [0m[7m  [0m[7m  [0m[49m  [0m[49m  [0m[49m  [0m[7m  [0m[49m  [0m[7m  [0m
[7m  [0m[49m  [0m[7m  [0m[49m  [0m[49m  [0m[49m  [0m[7m  [0m[49m  [0m[7m  [0m[7m  [0m[49m  [0m[49m  [0m[49m  [0m[49m  [0m[49m  [0m[7m  [0m[7m  [0m[49m  [0m[49m  [0m[49m  [0m[49m  [0m[49m  [0m[49m  [0m[49m  [0m[49m  [0m[49m  [0m[7m  [0m
[7m  [0m[49m  [0m[7m  [0m[49m  [0m[49m  [0m[49m  [0m[7m  [0m[49m  [0m[7m  [0m[49m  [0m[49m  [0m[7m  [0m[7m  [0m[49m  [0m[49m  [0m[7m  [0m[49m  [0m[49m  [0m[7m  [0m[49m  [0m[49m  [0m[7m  [0m[49m  [0m[7m  [0m[7m  [0m[49m  [0m[7m  [0m
[7m  [0m[49m  [0m[7m  [0m[49m  [0m[49m  [0m[49m  [0m[7m  [0m[49m  [0m[7m  [0m[49m  [0m[7m  [0m[7m  [0m[49m  [0m[49m  [0m[49m  [0m[7m  [0m[7m  [0m[7m  [0m[7m  [0m[7m  [0m[49m  [0m[49m  [0m[7m  [0m[49m  [0m[49m  [0m[7m  [0m[7m  [0m
[7m  [0m[49m  [0m[7m  [0m[7m  [0m[7m  [0m[7m  [0m[7m  [0m[49m  [0m[7m  [0m[49m  [0m[7m  [0m[49m  [0m[7m  [0m[7m  [0m[7m  [0m[7m  [0m[49m  [0m[7m  [0m[7m  [0m[7m  [0m[7m  [0m[49m  [0m[49m  [0m[49m  [0m[7m  [0m[49m  [0m[7m  [0m
[7m  [0m[49m  [0m[49m  [0m[49m  [0m[49m  [0m[49m  [0m[49m  [0m[49m  [0m[7m  [0m[49m  [0m[49m  [0m[7m  [0m[7m  [0m[49m  [0m[7m  [0m[49m  [0m[49m  [0m[7m  [0m[49m  [0m[49m  [0m[7m  [0m[7m  [0m[7m  [0m[7m  [0m[7m  [0m[49m  [0m[7m  [0m
[7m  [0m[7m  [0m[7m  [0m[7m  [0m[7m  [0m[7m  [0m[7m  [0m[7m  [0m[7m  [0m[7m  [0m[7m  [0m[7m  [0m[7m  [0m[7m  [0m[7m  [0m[7m  [0m[7m  [0m[7m  [0m[7m  [0m[7m  [0m[7m  [0m[7m  [0m[7m  [0m[7m  [0m[7m  [0m[7m  [0m[7m  [0m

2c4467eb68d88e.lhr.life tunneled with tls termination, https://2c4467eb68d88e.lhr.life
create an account and add your key for a longer lasting domain name. see https://localhost.run/docs/forever-free/ for more information.
Open your tunnel address on your mobile with this QR:

[7m  [0m[7m  [0m[7m  [0m[7m  [0m[7m  [0m[7m  [0m[7m  [0m[7m  [0m[7m  [0m[7m  [0m[7m  [0m[7m  [0m[7m  [0m[7m  [0m[7m  [0m[7m  [0m[7m  [0m[7m  [0m[7m  [0m[7m  [0m[7m  [0m[7m  [0m[7m  [0m[7m  [0m[7m  [0m[7m  [0m[7m  [0m
[7m  [0m[49m  [0m[49m  [0m[49m  [0m[49m  [0m[49m  [0m[49m  [0m[49m  [0m[7m  [0m[49m  [0m[7m  [0m[7m  [0m[7m  [0m[7m  [0m[7m  [0m[7m  [0m[7m  [0m[7m  [0m[7m  [0m[49m  [0m[49m  [0m[49m  [0m[49m  [0m[49m  [0m[49m  [0m[49m  [0m[7m  [0m
[7m  [0m[49m  [0m[7m  [0m[7m  [0m[7m  [0m[7m  [0m[7m  [0m[49m  [0m[7m  [0m[49m  [0m[7m  [0m[7m  [0m[49m  [0m[49m  [0m[49m  [0m[49m  [0m[7m  [0m[49m  [0m[7m  [0m[49m  [0m[7m  [0m[7m  [0m[7m  [0m[7m  [0m[7m  [0m[49m  [0m[7m  [0m
[7m  [0m[49m  [0m[7m  [0m[49m  [0m[49m  [0m[49m  [0m[7m  [0m[49m  [0m[7m  [0m[49m  [0m[49m  [0m[7m  [0m[7m  [0m[49m  [0m[49m  [0m[7m  [0m[7m  [0m[49m  [0m[7m  [0m[49m  [0m[7m  [0m[49m  [0m[49m  [0m[49m  [0m[7m  [0m[49m  [0m[7m  [0m
[7m  [0m[49m  [0m[7m  [0m[49m  [0m[49m  [0m[49m  [0m[7m  [0m[49m  [0m[7m  [0m[49m  [0m[49m  [0m[49m  [0m[7m  [0m[49m  [0m[49m  [0m[49m  [0m[7m  [0m[7m  [0m[7m  [0m[49m  [0m[7m  [0m[49m  [0m[49m  [0m[49m  [0m[7m  [0m[49m  [0m[7m  [0m
[7m  [0m[49m  [0m[7m  [0m[49m  [0m[49m  [0m[49m  [0m[7m  [0m[49m  [0m[7m  [0m[7m  [0m[49m  [0m[49m  [0m[7m  [0m[49m  [0m[7m  [0m[49m  [0m[49m  [0m[7m  [0m[7m  [0m[49m  [0m[7m  [0m[49m  [0m[49m  [0m[49m  [0m[7m  [0m[49m  [0m[7m  [0m
[7m  [0m[49m  [0m[7m  [0m[7m  [0m[7m  [0m[7m  [0m[7m  [0m[49m  [0m[7m  [0m[49m  [0m[49m  [0m[49m  [0m[7m  [0m[7m  [0m[7m  [0m[7m  [0m[49m  [0m[49m  [0m[7m  [0m[49m  [0m[7m  [0m[7m  [0m[7m  [0m[7m  [0m[7m  [0m[49m  [0m[7m  [0m
[7m  [0m[49m  [0m[49m  [0m[49m  [0m[49m  [0m[49m  [0m[49m  [0m[49m  [0m[7m  [0m[49m  [0m[7m  [0m[49m  [0m[7m  [0m[49m  [0m[7m  [0m[49m  [0m[7m  [0m[49m  [0m[7m  [0m[49m  [0m[49m  [0m[49m  [0m[49m  [0m[49m  [0m[49m  [0m[49m  [0m[7m  [0m
[7m  [0m[7m  [0m[7m  [0m[7m  [0m[7m  [0m[7m  [0m[7m  [0m[7m  [0m[7m  [0m[7m  [0m[7m  [0m[49m  [0m[49m  [0m[7m  [0m[49m  [0m[7m  [0m[7m  [0m[49m  [0m[7m  [0m[7m  [0m[7m  [0m[7m  [0m[7m  [0m[7m  [0m[7m  [0m[7m  [0m[7m  [0m
[7m  [0m[49m  [0m[49m  [0m[7m  [0m[7m  [0m[49m  [0m[49m  [0m[49m  [0m[7m  [0m[7m  [0m[7m  [0m[49m  [0m[7m  [0m[49m  [0m[7m  [0m[7m  [0m[49m  [0m[49m  [0m[7m  [0m[7m  [0m[49m  [0m[7m  [0m[49m  [0m[49m  [0m[49m  [0m[49m  [0m[7m  [0m
[7m  [0m[7m  [0m[7m  [0m[49m  [0m[49m  [0m[49m  [0m[7m  [0m[7m  [0m[7m  [0m[7m  [0m[7m  [0m[7m  [0m[7m  [0m[7m  [0m[7m  [0m[49m  [0m[49m  [0m[7m  [0m[49m  [0m[49m  [0m[7m  [0m[49m  [0m[49m  [0m[7m  [0m[7m  [0m[7m  [0m[7m  [0m
[7m  [0m[49m  [0m[49m  [0m[49m  [0m[49m  [0m[7m  [0m[49m  [0m[49m  [0m[49m  [0m[49m  [0m[49m  [0m[49m  [0m[7m  [0m[7m  [0m[7m  [0m[49m  [0m[7m  [0m[7m  [0m[7m  [0m[7m  [0m[7m  [0m[7m  [0m[7m  [0m[49m  [0m[7m  [0m[7m  [0m[7m  [0m
[7m  [0m[49m  [0m[49m  [0m[49m  [0m[49m  [0m[7m  [0m[7m  [0m[7m  [0m[49m  [0m[49m  [0m[49m  [0m[7m  [0m[7m  [0m[49m  [0m[49m  [0m[7m  [0m[49m  [0m[7m  [0m[7m  [0m[7m  [0m[49m  [0m[7m  [0m[7m  [0m[49m  [0m[49m  [0m[49m  [0m[7m  [0m
[7m  [0m[7m  [0m[49m  [0m[7m  [0m[49m  [0m[7m  [0m[7m  [0m[49m  [0m[7m  [0m[7m  [0m[7m  [0m[7m  [0m[49m  [0m[7m  [0m[7m  [0m[7m  [0m[49m  [0m[49m  [0m[49m  [0m[49m  [0m[49m  [0m[49m  [0m[7m  [0m[7m  [0m[7m  [0m[7m  [0m[7m  [0m
[7m  [0m[49m  [0m[49m  [0m[49m  [0m[7m  [0m[49m  [0m[7m  [0m[7m  [0m[49m  [0m[49m  [0m[49m  [0m[49m  [0m[7m  [0m[49m  [0m[49m  [0m[49m  [0m[7m  [0m[49m  [0m[7m  [0m[49m  [0m[49m  [0m[49m  [0m[49m  [0m[7m  [0m[7m  [0m[7m  [0m[7m  [0m
[7m  [0m[7m  [0m[7m  [0m[7m  [0m[49m  [0m[7m  [0m[49m  [0m[49m  [0m[7m  [0m[49m  [0m[7m  [0m[49m  [0m[49m  [0m[49m  [0m[7m  [0m[49m  [0m[49m  [0m[49m  [0m[49m  [0m[7m  [0m[49m  [0m[49m  [0m[49m  [0m[7m  [0m[49m  [0m[49m  [0m[7m  [0m
[7m  [0m[7m  [0m[7m  [0m[49m  [0m[49m  [0m[49m  [0m[49m  [0m[7m  [0m[7m  [0m[7m  [0m[7m  [0m[49m  [0m[49m  [0m[7m  [0m[49m  [0m[7m  [0m[7m  [0m[49m  [0m[49m  [0m[7m  [0m[49m  [0m[7m  [0m[49m  [0m[49m  [0m[7m  [0m[7m  [0m[7m  [0m
[7m  [0m[49m  [0m[49m  [0m[7m  [0m[7m  [0m[7m  [0m[49m  [0m[49m  [0m[7m  [0m[49m  [0m[7m  [0m[49m  [0m[7m  [0m[49m  [0m[7m  [0m[7m  [0m[7m  [0m[49m  [0m[49m  [0m[49m  [0m[49m  [0m[49m  [0m[49m  [0m[49m  [0m[7m  [0m[49m  [0m[7m  [0m
[7m  [0m[7m  [0m[7m  [0m[7m  [0m[7m  [0m[7m  [0m[7m  [0m[7m  [0m[7m  [0m[49m  [0m[49m  [0m[49m  [0m[7m  [0m[7m  [0m[49m  [0m[49m  [0m[7m  [0m[49m  [0m[7m  [0m[7m  [0m[7m  [0m[49m  [0m[49m  [0m[49m  [0m[49m  [0m[7m  [0m[7m  [0m
[7m  [0m[49m  [0m[49m  [0m[49m  [0m[49m  [0m[49m  [0m[49m  [0m[49m  [0m[7m  [0m[7m  [0m[49m  [0m[49m  [0m[7m  [0m[7m  [0m[7m  [0m[7m  [0m[7m  [0m[49m  [0m[7m  [0m[49m  [0m[7m  [0m[49m  [0m[7m  [0m[49m  [0m[49m  [0m[49m  [0m[7m  [0m
[7m  [0m[49m  [0m[7m  [0m[7m  [0m[7m  [0m[7m  [0m[7m  [0m[49m  [0m[7m  [0m[49m  [0m[7m  [0m[49m  [0m[7m  [0m[49m  [0m[7m  [0m[7m  [0m[49m  [0m[49m  [0m[7m  [0m[7m  [0m[7m  [0m[49m  [0m[7m  [0m[7m  [0m[7m  [0m[49m  [0m[7m  [0m
[7m  [0m[49m  [0m[7m  [0m[49m  [0m[49m  [0m[49m  [0m[7m  [0m[49m  [0m[7m  [0m[49m  [0m[7m  [0m[7m  [0m[49m  [0m[7m  [0m[49m  [0m[49m  [0m[49m  [0m[49m  [0m[49m  [0m[49m  [0m[49m  [0m[49m  [0m[49m  [0m[7m  [0m[49m  [0m[7m  [0m[7m  [0m
[7m  [0m[49m  [0m[7m  [0m[49m  [0m[49m  [0m[49m  [0m[7m  [0m[49m  [0m[7m  [0m[7m  [0m[49m  [0m[49m  [0m[7m  [0m[49m  [0m[7m  [0m[49m  [0m[7m  [0m[7m  [0m[7m  [0m[7m  [0m[7m  [0m[49m  [0m[7m  [0m[7m  [0m[7m  [0m[49m  [0m[7m  [0m
[7m  [0m[49m  [0m[7m  [0m[49m  [0m[49m  [0m[49m  [0m[7m  [0m[49m  [0m[7m  [0m[7m  [0m[49m  [0m[49m  [0m[49m  [0m[49m  [0m[49m  [0m[49m  [0m[7m  [0m[49m  [0m[7m  [0m[7m  [0m[7m  [0m[7m  [0m[49m  [0m[49m  [0m[49m  [0m[7m  [0m[7m  [0m
[7m  [0m[49m  [0m[7m  [0m[7m  [0m[7m  [0m[7m  [0m[7m  [0m[49m  [0m[7m  [0m[49m  [0m[49m  [0m[7m  [0m[49m  [0m[7m  [0m[49m  [0m[7m  [0m[49m  [0m[7m  [0m[49m  [0m[7m  [0m[7m  [0m[49m  [0m[7m  [0m[49m  [0m[49m  [0m[49m  [0m[7m  [0m
[7m  [0m[49m  [0m[49m  [0m[49m  [0m[49m  [0m[49m  [0m[49m  [0m[49m  [0m[7m  [0m[49m  [0m[49m  [0m[49m  [0m[7m  [0m[49m  [0m[49m  [0m[7m  [0m[49m  [0m[7m  [0m[49m  [0m[49m  [0m[7m  [0m[49m  [0m[7m  [0m[49m  [0m[7m  [0m[49m  [0m[7m  [0m
[7m  [0m[7m  [0m[7m  [0m[7m  [0m[7m  [0m[7m  [0m[7m  [0m[7m  [0m[7m  [0m[7m  [0m[7m  [0m[7m  [0m[7m  [0m[7m  [0m[7m  [0m[7m  [0m[7m  [0m[7m  [0m[7m  [0m[7m  [0m[7m  [0m[7m  [0m[7m  [0m[7m  [0m[7m  [0m[7m  [0m[7m  [0m

